分类,名称,型号,图片数,粒子系统数,独立目录,源包
飞机图标,1式陆攻,1shilugong,1,0,battle-assets/飞机图标/aircrafticon__1shilugong,aircrafticon/1shilugong
飞机图标,95shi,95shi,1,0,battle-assets/飞机图标/aircrafticon__95shi,aircrafticon/95shi
飞机图标,96式陆攻,961shilugong,1,0,battle-assets/飞机图标/aircrafticon__961shilugong,aircrafticon/961shilugong
飞机图标,默认重樱战斗机,96jiangong,1,0,battle-assets/飞机图标/aircrafticon__96jiangong,aircrafticon/96jiangong
飞机图标,默认重樱鱼雷机,97jiangong,1,0,battle-assets/飞机图标/aircrafticon__97jiangong,aircrafticon/97jiangong
飞机图标,97jiangong1,97jiangong1,1,0,battle-assets/飞机图标/aircrafticon__97jiangong1,aircrafticon/97jiangong1
飞机图标,九七式舰攻改,97jiangonggai,1,0,battle-assets/飞机图标/aircrafticon__97jiangonggai,aircrafticon/97jiangonggai
飞机图标,默认重樱轰炸机,99shijianbao1,1,0,battle-assets/飞机图标/aircrafticon__99shijianbao1,aircrafticon/99shijianbao1
飞机图标,空母·加贺-轰炸机,99shijianbao2,1,0,battle-assets/飞机图标/aircrafticon__99shijianbao2,aircrafticon/99shijianbao2
飞机图标,九九式舰爆改,99shijianbaogai,1,0,battle-assets/飞机图标/aircrafticon__99shijianbaogai,aircrafticon/99shijianbaogai
飞机图标,AD1天袭者,ad1,1,0,battle-assets/飞机图标/aircrafticon__ad1,aircrafticon/ad1
飞机图标,【大世界】黑飞龙通用飞机战斗机lv1,alter_plane1,1,0,battle-assets/飞机图标/aircrafticon__alter_plane1,aircrafticon/alter_plane1
飞机图标,【大世界】黑飞龙飞机2,alter_plane2,1,0,battle-assets/飞机图标/aircrafticon__alter_plane2,aircrafticon/alter_plane2
飞机图标,【2021美系活动B3】BOSS 苍龙·META 二阶段 余烬飞机,alter_plane3,1,0,battle-assets/飞机图标/aircrafticon__alter_plane3,aircrafticon/alter_plane3
飞机图标,Ar-195舰载鱼雷机,ar195,1,0,battle-assets/飞机图标/aircrafticon__ar195,aircrafticon/ar195
飞机图标,Ar-197舰载战斗机,ar197,1,0,battle-assets/飞机图标/aircrafticon__ar197,aircrafticon/ar197
飞机图标,BF-109G,bf109g,1,0,battle-assets/飞机图标/aircrafticon__bf109g,aircrafticon/bf109g
飞机图标,BF-109T舰载战斗机T1,bf109t,1,0,battle-assets/飞机图标/aircrafticon__bf109t,aircrafticon/bf109t
飞机图标,BR.810,br810,1,0,battle-assets/飞机图标/aircrafticon__br810,aircrafticon/br810
飞机图标,BTD-1毁灭者,btd,1,0,battle-assets/飞机图标/aircrafticon__btd,aircrafticon/btd
飞机图标,彩云（舰攻型）,caiyun,1,0,battle-assets/飞机图标/aircrafticon__caiyun,aircrafticon/caiyun
飞机图标,【2024瑞凤活动T2】BOSS 幻形之息航母 战斗机,chongying_m_feiji,1,0,battle-assets/飞机图标/aircrafticon__chongying_m_feiji,aircrafticon/chongying_m_feiji
飞机图标,【2025白凤UR活动】天原之息 航母战斗机 Lv1,chongying_u_feiji,1,0,battle-assets/飞机图标/aircrafticon__chongying_u_feiji,aircrafticon/chongying_u_feiji
飞机图标,霞飞战斗机弹幕Lv1,d790,1,0,battle-assets/飞机图标/aircrafticon__d790,aircrafticon/d790
飞机图标,二式水上战斗机,ershishuizhan,1,0,battle-assets/飞机图标/aircrafticon__ershishuizhan,aircrafticon/ershishuizhan
飞机图标,高速速运无人机,expressdrone,1,0,battle-assets/飞机图标/aircrafticon__expressdrone,aircrafticon/expressdrone
飞机图标,默认白鹰战斗机,f2a,1,0,battle-assets/飞机图标/aircrafticon__f2a,aircrafticon/f2a
飞机图标,F2A水牛(萨奇队）,f2athach,1,0,battle-assets/飞机图标/aircrafticon__f2athach,aircrafticon/f2athach
飞机图标,F4F野猫,f4f,1,0,battle-assets/飞机图标/aircrafticon__f4f,aircrafticon/f4f
飞机图标,F4U海盗,f4u,1,0,battle-assets/飞机图标/aircrafticon__f4u,aircrafticon/f4u
飞机图标,F4U（VF-17“海盗”中队）,f4u-1d,1,0,battle-assets/飞机图标/aircrafticon__f4u-1d,aircrafticon/f4u-1d
飞机图标,F4U海盗（VBF-94中队）,f4u94,1,0,battle-assets/飞机图标/aircrafticon__f4u94,aircrafticon/f4u94
飞机图标,B2O通行证 普林斯顿追加迎击战斗机,f6f,1,0,battle-assets/飞机图标/aircrafticon__f6f,aircrafticon/f6f
飞机图标,F7F虎猫,f7f,1,0,battle-assets/飞机图标/aircrafticon__f7f,aircrafticon/f7f
飞机图标,F8F熊猫,f8f,1,0,battle-assets/飞机图标/aircrafticon__f8f,aircrafticon/f8f
飞机图标,试作型F8F熊猫（浮筒型）,f8ffloat,1,0,battle-assets/飞机图标/aircrafticon__f8ffloat,aircrafticon/f8ffloat
飞机图标,默认鸢尾水侦,fba19,1,0,battle-assets/飞机图标/aircrafticon__fba19,aircrafticon/fba19
飞机图标,绊爱技能轰炸机Lv1,feiji_ai_aijiang,1,0,battle-assets/飞机图标/aircrafticon__feiji_ai_aijiang,aircrafticon/feiji_ai_aijiang
飞机图标,【绊爱联动】空袭 鱼雷机,feiji_ai_gamer,1,0,battle-assets/飞机图标/aircrafticon__feiji_ai_gamer,aircrafticon/feiji_ai_gamer
飞机图标,【绊爱联动】空袭 战斗机,feiji_ai_perform,1,0,battle-assets/飞机图标/aircrafticon__feiji_ai_perform,aircrafticon/feiji_ai_perform
飞机图标,【2025曾克SP活动】航母轰炸机 Lv1,feiji_diezhan,1,0,battle-assets/飞机图标/aircrafticon__feiji_diezhan,aircrafticon/feiji_diezhan
飞机图标,【偶像活动通用】量产型航空母舰(μ) 轰炸机 Lv1,feiji_djtai,1,0,battle-assets/飞机图标/aircrafticon__feiji_djtai,aircrafticon/feiji_djtai
飞机图标,【2026DOA三期EX普通】BOSS 伊莉丝 常驻轰炸机,feiji_dujiajiu1,1,0,battle-assets/飞机图标/aircrafticon__feiji_dujiajiu1,aircrafticon/feiji_dujiajiu1
飞机图标,【2026本宁顿活动A3】BOSS 情绪掠影航母 舰载机,feiji_emotion,1,0,battle-assets/飞机图标/aircrafticon__feiji_emotion,aircrafticon/feiji_emotion
飞机图标,【2025拉斐尔活动】我方支援弹幕 飞空艇 飞机,feiji_feikongchuan,1,0,battle-assets/飞机图标/aircrafticon__feiji_feikongchuan,aircrafticon/feiji_feikongchuan
飞机图标,【2025医院活动ESP】BOSS 哈尔福德 战斗机,feiji_ghost2,1,0,battle-assets/飞机图标/aircrafticon__feiji_ghost2,aircrafticon/feiji_ghost2
飞机图标,【2024风帆二期】骸骨兽航母 飞鱼舰载机（快速冲底） Lv1,feiji_haigushou01,1,0,battle-assets/飞机图标/aircrafticon__feiji_haigushou01,aircrafticon/feiji_haigushou01
飞机图标,【2024风帆二期】（换皮）灵体骸骨兽航母 飞鱼舰载机（快速冲底） Lv1,feiji_haigushou02,1,0,battle-assets/飞机图标/aircrafticon__feiji_haigushou02,aircrafticon/feiji_haigushou02
飞机图标,【2026本宁顿活动B3】BOSS 噩梦结晶-「执棋型BHR」 轰炸机,feiji_haorenlichade_m,1,0,battle-assets/飞机图标/aircrafticon__feiji_haorenlichade_m,aircrafticon/feiji_haorenlichade_m
飞机图标,【2024阿尔萨斯活动B3】BOSS 旗风 第二波 辉光 辉光结晶飞机 冲底（血少）,feiji_huiguangzhihe,1,0,battle-assets/飞机图标/aircrafticon__feiji_huiguangzhihe,aircrafticon/feiji_huiguangzhihe
飞机图标,白上吹雪狐笋轰炸机Lv1,feiji_hulifeiji,1,0,battle-assets/飞机图标/aircrafticon__feiji_hulifeiji,aircrafticon/feiji_hulifeiji
飞机图标,【2024春节共斗 EX难度】关卡仙鹤飞机空袭 战斗机,feiji_hunianxianhe_small,1,0,battle-assets/飞机图标/aircrafticon__feiji_hunianxianhe_small,aircrafticon/feiji_hunianxianhe_small
飞机图标,【2025拉斐尔活动】撒丁尼亚联盟航空母舰 轰炸机 Lv1,feiji_jiaotang_white,1,0,battle-assets/飞机图标/aircrafticon__feiji_jiaotang_white,aircrafticon/feiji_jiaotang_white
飞机图标,【2024异世界冒险】魔法啾莱姆 轰炸机 Lv1,feiji_jiulaimu,1,0,battle-assets/飞机图标/aircrafticon__feiji_jiulaimu,aircrafticon/feiji_jiulaimu
飞机图标,【2026DOA三期活动】假日花船 航母战斗机 Lv1,feiji_jiushengquan,1,0,battle-assets/飞机图标/aircrafticon__feiji_jiushengquan,aircrafticon/feiji_jiushengquan
飞机图标,如月千早集束飞机Lv1,feiji_ouxiangfeiji,1,0,battle-assets/飞机图标/aircrafticon__feiji_ouxiangfeiji,aircrafticon/feiji_ouxiangfeiji
飞机图标,如月千早空艇Lv1,feiji_ouxiangfeiting,1,0,battle-assets/飞机图标/aircrafticon__feiji_ouxiangfeiting,aircrafticon/feiji_ouxiangfeiting
飞机图标,【2026云龙SP活动】航母轰炸机 Lv1,feiji_tegongtu,1,0,battle-assets/飞机图标/aircrafticon__feiji_tegongtu,aircrafticon/feiji_tegongtu
飞机图标,【量产型】未知X拟态-航母舰载机（飞机弹幕很弱但高频率冲底） Lv1,feiji_unknownv01,1,0,battle-assets/飞机图标/aircrafticon__feiji_unknownv01,aircrafticon/feiji_unknownv01
飞机图标,【量产型】未知X结晶-航母舰载机（随时间推移加快发射频率） Lv1,feiji_unknownv02,1,0,battle-assets/飞机图标/aircrafticon__feiji_unknownv02,aircrafticon/feiji_unknownv02
飞机图标,【量产型】未知X拟态II类-航母舰载机 Lv1,feiji_unknownv03,1,0,battle-assets/飞机图标/aircrafticon__feiji_unknownv03,aircrafticon/feiji_unknownv03
飞机图标,坠星机LV1,feiji_weixingbanwu,1,0,battle-assets/飞机图标/aircrafticon__feiji_weixingbanwu,aircrafticon/feiji_weixingbanwu
飞机图标,定安戊型水上机Lv1,feiji_wuxing,1,0,battle-assets/飞机图标/aircrafticon__feiji_wuxing,aircrafticon/feiji_wuxing
飞机图标,飞龙,feilong,1,0,battle-assets/飞机图标/aircrafticon__feilong,aircrafticon/feilong
飞机图标,Fi-167舰载鱼雷机,fi167,1,0,battle-assets/飞机图标/aircrafticon__fi167,aircrafticon/fi167
飞机图标,金狮 定点空袭,fktv,1,0,battle-assets/飞机图标/aircrafticon__fktv,aircrafticon/fktv
飞机图标,科隆改直升机Lv1,fl-282,1,0,battle-assets/飞机图标/aircrafticon__fl-282,aircrafticon/fl-282
飞机图标,【大舰队北方商路BOSS】测试者 浮游炮,fuyoupao,1,0,battle-assets/飞机图标/aircrafticon__fuyoupao,aircrafticon/fuyoupao
飞机图标,【大舰队米德维BOSS】执棋者 浮游炮1,fuyoupao2,1,0,battle-assets/飞机图标/aircrafticon__fuyoupao2,aircrafticon/fuyoupao2
飞机图标,【精英】执棋者IV型 浮游炮 I,fuyoupao4,1,0,battle-assets/飞机图标/aircrafticon__fuyoupao4,aircrafticon/fuyoupao4
飞机图标,试作型舰载FW-190 A-5,fw190a5,1,0,battle-assets/飞机图标/aircrafticon__fw190a5,aircrafticon/fw190a5
飞机图标,试作舰载型FW-190 A-6/R6,fw190a6,1,0,battle-assets/飞机图标/aircrafticon__fw190a6,aircrafticon/fw190a6
飞机图标,FW-190 F-8/U2,fw190f8,1,0,battle-assets/飞机图标/aircrafticon__fw190f8,aircrafticon/fw190f8
飞机图标,试作舰载型FW-190 G-3/R1,fw190g3,1,0,battle-assets/飞机图标/aircrafticon__fw190g3,aircrafticon/fw190g3
飞机图标,默认撒丁战斗机,g50,1,0,battle-assets/飞机图标/aircrafticon__g50,aircrafticon/g50
飞机图标,【2022意大利活动】通用战斗机 I,ghostfeiji,1,0,battle-assets/飞机图标/aircrafticon__ghostfeiji,aircrafticon/ghostfeiji
飞机图标,默认鸢尾战斗机,gl2,1,0,battle-assets/飞机图标/aircrafticon__gl2,aircrafticon/gl2
飞机图标,伊25技能零侦LV1,glen,1,0,battle-assets/飞机图标/aircrafticon__glen,aircrafticon/glen
飞机图标,新条茜-instance-特殊飞机 Lv1,gulite_feiji,1,0,battle-assets/飞机图标/aircrafticon__gulite_feiji,aircrafticon/gulite_feiji
飞机图标,海豹轰炸机,haibao_hongzha,1,0,battle-assets/飞机图标/aircrafticon__haibao_hongzha,aircrafticon/haibao_hongzha
飞机图标,海豹鱼雷机,haibao_yulei,1,0,battle-assets/飞机图标/aircrafticon__haibao_yulei,aircrafticon/haibao_yulei
飞机图标,海大黄蜂,haidahuangfeng,1,0,battle-assets/飞机图标/aircrafticon__haidahuangfeng,aircrafticon/haidahuangfeng
飞机图标,海斗士,haidoushi,1,0,battle-assets/飞机图标/aircrafticon__haidoushi,aircrafticon/haidoushi
飞机图标,海毒牙,haiduya,1,0,battle-assets/飞机图标/aircrafticon__haiduya,aircrafticon/haiduya
飞机图标,海飓风,haijufeng,1,0,battle-assets/飞机图标/aircrafticon__haijufeng,aircrafticon/haijufeng
飞机图标,海怒,hainu,1,0,battle-assets/飞机图标/aircrafticon__hainu,aircrafticon/hainu
飞机图标,默认皇家战斗机,haipenhuo,1,0,battle-assets/飞机图标/aircrafticon__haipenhuo,aircrafticon/haipenhuo
飞机图标,海喷火FR.47,haipenhuofr47,1,0,battle-assets/飞机图标/aircrafticon__haipenhuofr47,aircrafticon/haipenhuofr47
飞机图标,海燕,haiyan,1,0,battle-assets/飞机图标/aircrafticon__haiyan,aircrafticon/haiyan
飞机图标,He-50b舰载轰炸机,he50b,1,0,battle-assets/飞机图标/aircrafticon__he50b,aircrafticon/he50b
飞机图标,彗星,huixing,1,0,battle-assets/飞机图标/aircrafticon__huixing,aircrafticon/huixing
飞机图标,彗星一二型甲,huixing12jia,1,0,battle-assets/飞机图标/aircrafticon__huixing12jia,aircrafticon/huixing12jia
飞机图标,彗星二一型,huixing21,1,0,battle-assets/飞机图标/aircrafticon__huixing21,aircrafticon/huixing21
飞机图标,火把,huoba,1,0,battle-assets/飞机图标/aircrafticon__huoba,aircrafticon/huoba
飞机图标,火冠,huoguan,1,0,battle-assets/飞机图标/aircrafticon__huoguan,aircrafticon/huoguan
飞机图标,【2021岛风活动剧情】BOSS 白龙 特殊航空弹幕 天雷轰炸机,huoyanshishen,1,0,battle-assets/飞机图标/aircrafticon__huoyanshishen,aircrafticon/huoyanshishen
飞机图标,I-15,i15,1,0,battle-assets/飞机图标/aircrafticon__i15,aircrafticon/i15
飞机图标,默认皇家鱼雷机,jianyu,1,0,battle-assets/飞机图标/aircrafticon__jianyu,aircrafticon/jianyu
飞机图标,剑鱼(818中队),jianyu810,1,0,battle-assets/飞机图标/aircrafticon__jianyu810,aircrafticon/jianyu810
飞机图标,追赶者剑鱼 Lv1,jianyu816,1,0,battle-assets/飞机图标/aircrafticon__jianyu816,aircrafticon/jianyu816
飞机图标,剑鱼Mark.II-ASV,jianyuasv,1,0,battle-assets/飞机图标/aircrafticon__jianyuasv,aircrafticon/jianyuasv
飞机图标,Ju-87C俯冲轰炸机T1,ju87c,1,0,battle-assets/飞机图标/aircrafticon__ju87c,aircrafticon/ju87c
飞机图标,Ju-87 D-4,ju87d4,1,0,battle-assets/飞机图标/aircrafticon__ju87d4,aircrafticon/ju87d4
飞机图标,德系陆航轰炸机I,ju88a,1,0,battle-assets/飞机图标/aircrafticon__ju88a,aircrafticon/ju88a
飞机图标,【2026莫斯科UR活动】东煌风味 航母战斗机 Lv1,kezhan_feiji01,1,0,battle-assets/飞机图标/aircrafticon__kezhan_feiji01,aircrafticon/kezhan_feiji01
飞机图标,【2026莫斯科UR活动】东煌风味 航母轰炸机 Lv1,kezhan_feiji02,1,0,battle-assets/飞机图标/aircrafticon__kezhan_feiji02,aircrafticon/kezhan_feiji02
飞机图标,试作舰载型La-9,la9,1,0,battle-assets/飞机图标/aircrafticon__la9,aircrafticon/la9
飞机图标,late299,late299,1,0,battle-assets/飞机图标/aircrafticon__late299,aircrafticon/late299
飞机图标,LBSh攻击机,lbsh,1,0,battle-assets/飞机图标/aircrafticon__lbsh,aircrafticon/lbsh
飞机图标,LGL.32,lgl32,1,0,battle-assets/飞机图标/aircrafticon__lgl32,aircrafticon/lgl32
飞机图标,烈风,liefeng,1,0,battle-assets/飞机图标/aircrafticon__liefeng,aircrafticon/liefeng
飞机图标,零战二一型,lingzhan21,1,0,battle-assets/飞机图标/aircrafticon__lingzhan21,aircrafticon/lingzhan21
飞机图标,日系舰载战斗机I,lingzhan21gai,1,0,battle-assets/飞机图标/aircrafticon__lingzhan21gai,aircrafticon/lingzhan21gai
飞机图标,零战三二型,lingzhan32,1,0,battle-assets/飞机图标/aircrafticon__lingzhan32,aircrafticon/lingzhan32
飞机图标,零战五二型,lingzhan52,1,0,battle-assets/飞机图标/aircrafticon__lingzhan52,aircrafticon/lingzhan52
飞机图标,流星,liuxing,1,0,battle-assets/飞机图标/aircrafticon__liuxing,aircrafticon/liuxing
飞机图标,流星改,liuxing_g,1,0,battle-assets/飞机图标/aircrafticon__liuxing_g,aircrafticon/liuxing_g
飞机图标,霞飞鱼雷机弹幕Lv1,ln401,1,0,battle-assets/飞机图标/aircrafticon__ln401,aircrafticon/ln401
飞机图标,LN.401,ln401e,1,0,battle-assets/飞机图标/aircrafticon__ln401e,aircrafticon/ln401e
飞机图标,Me-155A舰载战斗机T1,me155a,1,0,battle-assets/飞机图标/aircrafticon__me155a,aircrafticon/me155a
飞机图标,宝石枪雨LV0,nep_green,1,0,battle-assets/飞机图标/aircrafticon__nep_green,aircrafticon/nep_green
飞机图标,【量产型】大洋联邦-喷气式舰载机 I,ofs_penqishifeiji,1,0,battle-assets/飞机图标/aircrafticon__ofs_penqishifeiji,aircrafticon/ofs_penqishifeiji
飞机图标,【量产型】大洋联邦-中小型舰船悬浮无人机 I,ofs_xuanfufeiji,1,0,battle-assets/飞机图标/aircrafticon__ofs_xuanfufeiji,aircrafticon/ofs_xuanfufeiji
飞机图标,【量产型】大洋联邦-快速冲底自爆无人机 I,ofs_zibaofeiji,1,0,battle-assets/飞机图标/aircrafticon__ofs_zibaofeiji,aircrafticon/ofs_zibaofeiji
飞机图标,库珀反潜PBY-Lv1,pby,1,0,battle-assets/飞机图标/aircrafticon__pby,aircrafticon/pby
飞机图标,pl10,pl10,1,0,battle-assets/飞机图标/aircrafticon__pl10,aircrafticon/pl10
飞机图标,默认鸢尾鱼雷机,pl7,1,0,battle-assets/飞机图标/aircrafticon__pl7,aircrafticon/pl7
飞机图标,【2024幼儿园活动 普通】BOSS 航母石膏喵  轰炸纸飞机,plane_sakura,1,0,battle-assets/飞机图标/aircrafticon__plane_sakura,aircrafticon/plane_sakura
飞机图标,【2022愚人节】金布里鱼雷机,plane_zhifeiji,1,0,battle-assets/飞机图标/aircrafticon__plane_zhifeiji,aircrafticon/plane_zhifeiji
飞机图标,默认北联战斗机,pt1,1,0,battle-assets/飞机图标/aircrafticon__pt1,aircrafticon/pt1
飞机图标,强风,qiangfeng,1,0,battle-assets/飞机图标/aircrafticon__qiangfeng,aircrafticon/qiangfeng
飞机图标,【战术研修】【关卡飞机】空袭鱼雷机,qibolin,1,0,battle-assets/飞机图标/aircrafticon__qibolin,aircrafticon/qibolin
飞机图标,青花鱼,qinghuayu,1,0,battle-assets/飞机图标/aircrafticon__qinghuayu,aircrafticon/qinghuayu
飞机图标,晴岚,qinglan,1,0,battle-assets/飞机图标/aircrafticon__qinglan,aircrafticon/qinglan
飞机图标,旗鱼,qiyu,1,0,battle-assets/飞机图标/aircrafticon__qiyu,aircrafticon/qiyu
飞机图标,R-5轰炸机,r5,1,0,battle-assets/飞机图标/aircrafticon__r5,aircrafticon/r5
飞机图标,默认撒丁鱼雷机,re2001,1,0,battle-assets/飞机图标/aircrafticon__re2001,aircrafticon/re2001
飞机图标,默认潜母水侦,ruiyun,1,0,battle-assets/飞机图标/aircrafticon__ruiyun,aircrafticon/ruiyun
飞机图标,量产型塞壬航母IV型轰炸机T1 (飞机 I,sairenfeiji_6,1,0,battle-assets/飞机图标/aircrafticon__sairenfeiji_6,aircrafticon/sairenfeiji_6
飞机图标,【2023克莱蒙梭活动A1A2】BOSS 迪洛伊 第四波 全屏白色羽毛 隐形飞机,sairenfeiji_jiaohuang,1,0,battle-assets/飞机图标/aircrafticon__sairenfeiji_jiaohuang,aircrafticon/sairenfeiji_jiaohuang
飞机图标,【2023克莱蒙梭活动SP】BOSS 审判机甲-支配 第二波 审判型舰载机,sairenfeiji_jiaotang,1,0,battle-assets/飞机图标/aircrafticon__sairenfeiji_jiaotang,aircrafticon/sairenfeiji_jiaotang
飞机图标,【2022莱莎联动T1】航母蛋船轰炸机,sairenfeiji_lianjin,1,0,battle-assets/飞机图标/aircrafticon__sairenfeiji_lianjin,aircrafticon/sairenfeiji_lianjin
飞机图标,【2025优米雅联动 TS5】BOSS 炼金武装航母 轰炸机,sairenfeiji_lianjin_ii,1,0,battle-assets/飞机图标/aircrafticon__sairenfeiji_lianjin_ii,aircrafticon/sairenfeiji_lianjin_ii
飞机图标,【2021意大利活动B】塞壬航母R型轰炸机,sairenfeiji_r,1,0,battle-assets/飞机图标/aircrafticon__sairenfeiji_r,aircrafticon/sairenfeiji_r
飞机图标,【2023闪乱联动T4】BOSS 战忍机铠人形航母 轰炸机,sairenfeiji_shanluan,1,0,battle-assets/飞机图标/aircrafticon__sairenfeiji_shanluan,aircrafticon/sairenfeiji_shanluan
飞机图标,【2024tolove联动】航母蛋船轰炸机 Lv1,sairenfeiji_tolove,1,0,battle-assets/飞机图标/aircrafticon__sairenfeiji_tolove,aircrafticon/sairenfeiji_tolove
飞机图标,【2025荷兰SP活动T3】BOSS 「福尔尼德」 舰载机,sairenfeiji_unknown3,1,0,battle-assets/飞机图标/aircrafticon__sairenfeiji_unknown3,aircrafticon/sairenfeiji_unknown3
飞机图标,大凤META舰载机Lv1,sairenfeiji_wuxing,1,0,battle-assets/飞机图标/aircrafticon__sairenfeiji_wuxing,aircrafticon/sairenfeiji_wuxing
飞机图标,SB2C地狱俯冲者,sb2c,1,0,battle-assets/飞机图标/aircrafticon__sb2c,aircrafticon/sb2c
飞机图标,默认白鹰轰炸机,sbdwuwei,1,0,battle-assets/飞机图标/aircrafticon__sbdwuwei,aircrafticon/sbdwuwei
飞机图标,SBD-3无畏(麦克拉斯基队),sbdwuwei_2,1,0,battle-assets/飞机图标/aircrafticon__sbdwuwei_2,aircrafticon/sbdwuwei_2
飞机图标,圣诞老啾(轰炸),shengdan_feiji,1,0,battle-assets/飞机图标/aircrafticon__shengdan_feiji,aircrafticon/shengdan_feiji
飞机图标,塞壬飞机,shenhaifeiji,1,0,battle-assets/飞机图标/aircrafticon__shenhaifeiji,aircrafticon/shenhaifeiji
飞机图标,信浓技能试制紫电改二 LV1,shizhizidiangaier,1,0,battle-assets/飞机图标/aircrafticon__shizhizidiangaier,aircrafticon/shizhizidiangaier
飞机图标,【2021意大利活动】我方支援飞机B3,sm79,1,0,battle-assets/飞机图标/aircrafticon__sm79,aircrafticon/sm79
飞机图标,契卡洛夫技能轰炸机Lv1,su2,1,0,battle-assets/飞机图标/aircrafticon__su2,aircrafticon/su2
飞机图标,试作舰载型Su-6,su6,1,0,battle-assets/飞机图标/aircrafticon__su6,aircrafticon/su6
飞机图标,梭鱼,suoyu,1,0,battle-assets/飞机图标/aircrafticon__suoyu,aircrafticon/suoyu
飞机图标,梭鱼(831中队),suoyu831,1,0,battle-assets/飞机图标/aircrafticon__suoyu831,aircrafticon/suoyu831
飞机图标,试作舰载型Ta 152C-1/R14,ta152cr14,1,0,battle-assets/飞机图标/aircrafticon__ta152cr14,aircrafticon/ta152cr14
飞机图标,塘鹅,tange,1,0,battle-assets/飞机图标/aircrafticon__tange,aircrafticon/tange
飞机图标,默认白鹰鱼雷机,tbd,1,0,battle-assets/飞机图标/aircrafticon__tbd,aircrafticon/tbd
飞机图标,TBD蹂躏者(VT-8中队),tbdvt-8,1,0,battle-assets/飞机图标/aircrafticon__tbdvt-8,aircrafticon/tbdvt-8
飞机图标,TBF复仇者,tbf,1,0,battle-assets/飞机图标/aircrafticon__tbf,aircrafticon/tbf
飞机图标,TBM-3复仇者,tbm-3,1,0,battle-assets/飞机图标/aircrafticon__tbm-3,aircrafticon/tbm-3
飞机图标,TBM复仇者(VT-18中队),tbmvt-18,1,0,battle-assets/飞机图标/aircrafticon__tbmvt-18,aircrafticon/tbmvt-18
飞机图标,TBM复仇者(VT-51),tbmvt-51,1,0,battle-assets/飞机图标/aircrafticon__tbmvt-51,aircrafticon/tbmvt-51
飞机图标,天雷,tianlei,1,0,battle-assets/飞机图标/aircrafticon__tianlei,aircrafticon/tianlei
飞机图标,天山,tianshan,1,0,battle-assets/飞机图标/aircrafticon__tianshan,aircrafticon/tianshan
飞机图标,天山改,tianshangai,1,0,battle-assets/飞机图标/aircrafticon__tianshangai,aircrafticon/tianshangai
飞机图标,阿尔比恩天袭者预警机,tianxizhe,1,0,battle-assets/飞机图标/aircrafticon__tianxizhe,aircrafticon/tianxizhe
飞机图标,大黄蜂meta 空袭 UDF战斗机 LV1,udf_feiji01,1,0,battle-assets/飞机图标/aircrafticon__udf_feiji01,aircrafticon/udf_feiji01
飞机图标,【量产型】联合防卫部队-航母综合无人机 Lv1,udf_feiji02,1,0,battle-assets/飞机图标/aircrafticon__udf_feiji02,aircrafticon/udf_feiji02
飞机图标,【量产型】联合防卫部队-维修中心无人机（源源不断）Lv1,udf_feiji03,1,0,battle-assets/飞机图标/aircrafticon__udf_feiji03,aircrafticon/udf_feiji03
飞机图标,【2025列克星敦II活动B3】BOSS 拟态兽-魔术师 常驻舰载机,unknownv_boss_magician_feiji,1,0,battle-assets/飞机图标/aircrafticon__unknownv_boss_magician_feiji,aircrafticon/unknownv_boss_magician_feiji
飞机图标,【2026伯利欣根活动B2】BOSS 恶念残影航母 舰载机,unknownv_mal_feiji,1,0,battle-assets/飞机图标/aircrafticon__unknownv_mal_feiji,aircrafticon/unknownv_mal_feiji
飞机图标,贝亚恩V-156F-LV1,v156f,1,0,battle-assets/飞机图标/aircrafticon__v156f,aircrafticon/v156f
飞机图标,V-156-F,v156f3,1,0,battle-assets/飞机图标/aircrafticon__v156f3,aircrafticon/v156f3
飞机图标,埃佛森技能侦察机,vbwa,1,0,battle-assets/飞机图标/aircrafticon__vbwa,aircrafticon/vbwa
飞机图标,契卡洛夫技能鱼雷机,vit2,1,0,battle-assets/飞机图标/aircrafticon__vit2,aircrafticon/vit2
飞机图标,试作型VIT-2（模式调整）,vit2jishu,1,0,battle-assets/飞机图标/aircrafticon__vit2jishu,aircrafticon/vit2jishu
飞机图标,试作型XF2A-4水牛,xf2a4,1,0,battle-assets/飞机图标/aircrafticon__xf2a4,aircrafticon/xf2a4
飞机图标,XF5F天箭,xf5f,1,0,battle-assets/飞机图标/aircrafticon__xf5f,aircrafticon/xf5f
飞机图标,试作型XF5U飞碟,xf5u,1,0,battle-assets/飞机图标/aircrafticon__xf5u,aircrafticon/xf5u
飞机图标,咸鱼轰炸机,xianyu_hongzha,1,0,battle-assets/飞机图标/aircrafticon__xianyu_hongzha,aircrafticon/xianyu_hongzha
飞机图标,咸鱼鱼雷机,xianyu_yulei,1,0,battle-assets/飞机图标/aircrafticon__xianyu_yulei,aircrafticon/xianyu_yulei
飞机图标,纸鹤轰炸机,xinnian_feiji,1,0,battle-assets/飞机图标/aircrafticon__xinnian_feiji,aircrafticon/xinnian_feiji
飞机图标,实验型XSB3C-1,xsb3c1,1,0,battle-assets/飞机图标/aircrafticon__xsb3c1,aircrafticon/xsb3c1
飞机图标,XTB2D-1天空海盗,xtb2d1,1,0,battle-assets/飞机图标/aircrafticon__xtb2d1,aircrafticon/xtb2d1
飞机图标,Yak-1,yak1,1,0,battle-assets/飞机图标/aircrafticon__yak1,aircrafticon/yak1
飞机图标,Yak-3,yak3,1,0,battle-assets/飞机图标/aircrafticon__yak3,aircrafticon/yak3
飞机图标,Yak-7,yak7,1,0,battle-assets/飞机图标/aircrafticon__yak7,aircrafticon/yak7
飞机图标,【2025荷兰SP活动剧情】我方北联航母蛋船 战斗机,yak9k,1,0,battle-assets/飞机图标/aircrafticon__yak9k,aircrafticon/yak9k
飞机图标,萤火虫,yinghuochong,1,0,battle-assets/飞机图标/aircrafticon__yinghuochong,aircrafticon/yinghuochong
飞机图标,萤火虫(1771中队),yinghuochong1771,1,0,battle-assets/飞机图标/aircrafticon__yinghuochong1771,aircrafticon/yinghuochong1771
飞机图标,默认皇家轰炸机,zeiou,1,0,battle-assets/飞机图标/aircrafticon__zeiou,aircrafticon/zeiou
飞机图标,【大世界】仲裁机关_塞壬战斗机lv1,zhongcai_plane1,1,0,battle-assets/飞机图标/aircrafticon__zhongcai_plane1,aircrafticon/zhongcai_plane1
飞机图标,【大世界】仲裁机关_塞壬鱼雷机lv1,zhongcai_plane2,1,0,battle-assets/飞机图标/aircrafticon__zhongcai_plane2,aircrafticon/zhongcai_plane2
飞机图标,紫电改二,zidiangaier,1,0,battle-assets/飞机图标/aircrafticon__zidiangaier,aircrafticon/zidiangaier
飞机图标,试作型紫电改四,zidiangaisi,1,0,battle-assets/飞机图标/aircrafticon__zidiangaisi,aircrafticon/zidiangaisi
炮弹,3rd_material,3rd_material,1,0,battle-assets/炮弹/artresource__item__bulletall__3rd__3rd_material,artresource/item/bulletall/3rd/3rd_material
炮弹,90511,90511,1,0,battle-assets/炮弹/artresource__item__bulletall__90511,artresource/item/bulletall/90511
炮弹,anniupaodan_material,anniupaodan_material,1,0,battle-assets/炮弹/artresource__item__bulletall__anniupaodan__anniupaodan_material,artresource/item/bulletall/anniupaodan/anniupaodan_material
炮弹,biandangpaodan_material,biandangpaodan_material,1,0,battle-assets/炮弹/artresource__item__bulletall__biandangpaodan__biandangpaodan_material,artresource/item/bulletall/biandangpaodan/biandangpaodan_material
炮弹,bilibilibullet01,bilibilibullet01,1,0,battle-assets/炮弹/artresource__item__bulletall__bilibilibullet01,artresource/item/bulletall/bilibilibullet01
炮弹,bilibilibullet02,bilibilibullet02,1,0,battle-assets/炮弹/artresource__item__bulletall__bilibilibullet02,artresource/item/bulletall/bilibilibullet02
炮弹,bilibilibullet03,bilibilibullet03,1,0,battle-assets/炮弹/artresource__item__bulletall__bilibilibullet03,artresource/item/bulletall/bilibilibullet03
炮弹,bilibilibullet04,bilibilibullet04,1,0,battle-assets/炮弹/artresource__item__bulletall__bilibilibullet04,artresource/item/bulletall/bilibilibullet04
炮弹,bilibilibullet05,bilibilibullet05,1,0,battle-assets/炮弹/artresource__item__bulletall__bilibilibullet05,artresource/item/bulletall/bilibilibullet05
炮弹,bilibilibullet06,bilibilibullet06,1,0,battle-assets/炮弹/artresource__item__bulletall__bilibilibullet06,artresource/item/bulletall/bilibilibullet06
炮弹,bilibilibullet07,bilibilibullet07,1,0,battle-assets/炮弹/artresource__item__bulletall__bilibilibullet07,artresource/item/bulletall/bilibilibullet07
炮弹,bilibilibullet08,bilibilibullet08,1,0,battle-assets/炮弹/artresource__item__bulletall__bilibilibullet08,artresource/item/bulletall/bilibilibullet08
炮弹,bilibilibullet09,bilibilibullet09,1,0,battle-assets/炮弹/artresource__item__bulletall__bilibilibullet09,artresource/item/bulletall/bilibilibullet09
炮弹,bingzhui,bingzhui,1,0,battle-assets/炮弹/artresource__item__bulletall__bingzhui,artresource/item/bulletall/bingzhui
炮弹,bingzhui_1,bingzhui_1,1,0,battle-assets/炮弹/artresource__item__bulletall__bingzhui_1,artresource/item/bulletall/bingzhui_1
炮弹,bomberbomb2000lb,bomberbomb2000lb,1,0,battle-assets/炮弹/artresource__item__bulletall__bomberbomb2000lb,artresource/item/bulletall/bomberbomb2000lb
炮弹,bomberbomb500lb,bomberbomb500lb,1,0,battle-assets/炮弹/artresource__item__bulletall__bomberbomb500lb,artresource/item/bulletall/bomberbomb500lb
炮弹,bulipaodan_material,bulipaodan_material,1,0,battle-assets/炮弹/artresource__item__bulletall__bulipaodan__bulipaodan_material,artresource/item/bulletall/bulipaodan/bulipaodan_material
炮弹,bulizidan_material,bulizidan_material,1,0,battle-assets/炮弹/artresource__item__bulletall__bulizidan__bulizidan_material,artresource/item/bulletall/bulizidan/bulizidan_material
炮弹,bulizidan_skeletondata,bulizidan_skeletondata,0,0,battle-assets/炮弹/artresource__item__bulletall__bulizidan__bulizidan_skeletondata,artresource/item/bulletall/bulizidan/bulizidan_skeletondata
炮弹,bullet5,bullet5,1,0,battle-assets/炮弹/artresource__item__bulletall__bullet5,artresource/item/bulletall/bullet5
炮弹,bullet7,bullet7,1,0,battle-assets/炮弹/artresource__item__bulletall__bullet7,artresource/item/bulletall/bullet7
炮弹,bullet_elf_ice,bullet_elf_ice,1,0,battle-assets/炮弹/artresource__item__bulletall__bullet_elf_ice,artresource/item/bulletall/bullet_elf_ice
炮弹,bullet_guanglun01_material,bullet_guanglun01_material,1,0,battle-assets/炮弹/artresource__item__bulletall__bullet_guanglun__bullet_guanglun01_material,artresource/item/bulletall/bullet_guanglun/bullet_guanglun01_material
炮弹,bullet_guanglun02_material,bullet_guanglun02_material,1,0,battle-assets/炮弹/artresource__item__bulletall__bullet_guanglun__bullet_guanglun02_material,artresource/item/bulletall/bullet_guanglun/bullet_guanglun02_material
炮弹,bullet_guanglun03_material,bullet_guanglun03_material,1,0,battle-assets/炮弹/artresource__item__bulletall__bullet_guanglun__bullet_guanglun03_material,artresource/item/bulletall/bullet_guanglun/bullet_guanglun03_material
炮弹,bullet_guanglun04_material,bullet_guanglun04_material,1,0,battle-assets/炮弹/artresource__item__bulletall__bullet_guanglun__bullet_guanglun04_material,artresource/item/bulletall/bullet_guanglun/bullet_guanglun04_material
炮弹,bullet_sailship,bullet_sailship,1,0,battle-assets/炮弹/artresource__item__bulletall__bullet_sailship,artresource/item/bulletall/bullet_sailship
炮弹,bullet_baihu,bullet_baihu,1,0,battle-assets/炮弹/artresource__item__bulletall__bulletch_sp__bullet_baihu,artresource/item/bulletall/bulletch_sp/bullet_baihu
炮弹,bullet_qinglong,bullet_qinglong,1,0,battle-assets/炮弹/artresource__item__bulletall__bulletch_sp__bullet_qinglong,artresource/item/bulletall/bulletch_sp/bullet_qinglong
炮弹,bullet_xuanwu,bullet_xuanwu,1,0,battle-assets/炮弹/artresource__item__bulletall__bulletch_sp__bullet_xuanwu,artresource/item/bulletall/bulletch_sp/bullet_xuanwu
炮弹,bullet_zhuque,bullet_zhuque,1,0,battle-assets/炮弹/artresource__item__bulletall__bulletch_sp__bullet_zhuque,artresource/item/bulletall/bulletch_sp/bullet_zhuque
飞机,distort_plane01,distort_plane01,0,0,battle-assets/飞机/artresource__item__bulletall__bulletch_sp__distort_plane01,artresource/item/bulletall/bulletch_sp/distort_plane01
炮弹,fire_01,fire_01,1,0,battle-assets/炮弹/artresource__item__bulletall__bulletch_sp__fire_01,artresource/item/bulletall/bulletch_sp/fire_01
炮弹,half sphere001,half sphere001,0,0,battle-assets/炮弹/artresource__item__bulletall__bulletch_sp__half_sphere001,artresource/item/bulletall/bulletch_sp/half sphere001
炮弹,mask_01,mask_01,1,0,battle-assets/炮弹/artresource__item__bulletall__bulletch_sp__mask_01,artresource/item/bulletall/bulletch_sp/mask_01
炮弹,mask_02,mask_02,5,0,battle-assets/炮弹/artresource__item__bulletall__bulletch_sp__mask_02,artresource/item/bulletall/bulletch_sp/mask_02
炮弹,mask_03,mask_03,1,0,battle-assets/炮弹/artresource__item__bulletall__bulletch_sp__mask_03,artresource/item/bulletall/bulletch_sp/mask_03
炮弹,fire_01,fire_01,0,0,battle-assets/炮弹/artresource__item__bulletall__bulletch_sp__materials__fire_01,artresource/item/bulletall/bulletch_sp/materials/fire_01
炮弹,thunder_02,thunder_02,1,0,battle-assets/炮弹/artresource__item__bulletall__bulletch_sp__materials__thunder_02,artresource/item/bulletall/bulletch_sp/materials/thunder_02
炮弹,thunder_03,thunder_03,1,0,battle-assets/炮弹/artresource__item__bulletall__bulletch_sp__materials__thunder_03,artresource/item/bulletall/bulletch_sp/materials/thunder_03
炮弹,water_03,water_03,0,0,battle-assets/炮弹/artresource__item__bulletall__bulletch_sp__materials__water_03,artresource/item/bulletall/bulletch_sp/materials/water_03
炮弹,wave_01,wave_01,0,0,battle-assets/炮弹/artresource__item__bulletall__bulletch_sp__materials__wave_01,artresource/item/bulletall/bulletch_sp/materials/wave_01
炮弹,wave_02,wave_02,0,0,battle-assets/炮弹/artresource__item__bulletall__bulletch_sp__materials__wave_02,artresource/item/bulletall/bulletch_sp/materials/wave_02
炮弹,water_03,water_03,1,0,battle-assets/炮弹/artresource__item__bulletall__bulletch_sp__water_03,artresource/item/bulletall/bulletch_sp/water_03
炮弹,wave_01,wave_01,1,0,battle-assets/炮弹/artresource__item__bulletall__bulletch_sp__wave_01,artresource/item/bulletall/bulletch_sp/wave_01
炮弹,caishen_material,caishen_material,1,0,battle-assets/炮弹/artresource__item__bulletall__caishen__caishen_material,artresource/item/bulletall/caishen/caishen_material
炮弹,chabeizidan_material,chabeizidan_material,1,0,battle-assets/炮弹/artresource__item__bulletall__chabeizidan__chabeizidan_material,artresource/item/bulletall/chabeizidan/chabeizidan_material
炮弹,chonglangjiu_material,chonglangjiu_material,1,0,battle-assets/炮弹/artresource__item__bulletall__chonglangjiu__chonglangjiu_material,artresource/item/bulletall/chonglangjiu/chonglangjiu_material
炮弹,chuanmao,chuanmao,1,0,battle-assets/炮弹/artresource__item__bulletall__chuanmao__chuanmao,artresource/item/bulletall/chuanmao/chuanmao
炮弹,chuansong_material,chuansong_material,1,0,battle-assets/炮弹/artresource__item__bulletall__chuansong__chuansong_material,artresource/item/bulletall/chuansong/chuansong_material
炮弹,chuitou_material,chuitou_material,1,0,battle-assets/炮弹/artresource__item__bulletall__chuitou__chuitou_material,artresource/item/bulletall/chuitou/chuitou_material
炮弹,chuitou_skeletondata,chuitou_skeletondata,0,0,battle-assets/炮弹/artresource__item__bulletall__chuitou__chuitou_skeletondata,artresource/item/bulletall/chuitou/chuitou_skeletondata
炮弹,chuizi_material,chuizi_material,1,0,battle-assets/炮弹/artresource__item__bulletall__chuizi__chuizi_material,artresource/item/bulletall/chuizi/chuizi_material
炮弹,cowboy_material,cowboy_material,1,0,battle-assets/炮弹/artresource__item__bulletall__cowboy__cowboy_material,artresource/item/bulletall/cowboy/cowboy_material
炮弹,dabenzhongpaodan_material,dabenzhongpaodan_material,1,0,battle-assets/炮弹/artresource__item__bulletall__dabenzhongpaodan__dabenzhongpaodan_material,artresource/item/bulletall/dabenzhongpaodan/dabenzhongpaodan_material
炮弹,daodan,daodan,1,0,battle-assets/炮弹/artresource__item__bulletall__daodan,artresource/item/bulletall/daodan
炮弹,denglong_material,denglong_material,1,0,battle-assets/炮弹/artresource__item__bulletall__denglong__denglong_material,artresource/item/bulletall/denglong/denglong_material
炮弹,eagle_material,eagle_material,1,0,battle-assets/炮弹/artresource__item__bulletall__eagle__eagle_material,artresource/item/bulletall/eagle/eagle_material
炮弹,feichuan_material,feichuan_material,1,0,battle-assets/炮弹/artresource__item__bulletall__feichuan__feichuan_material,artresource/item/bulletall/feichuan/feichuan_material
飞机,feiji_baiying_material,feiji_baiying_material,1,0,battle-assets/飞机/artresource__item__bulletall__feiji_baiying__feiji_baiying_material,artresource/item/bulletall/feiji_baiying/feiji_baiying_material
飞机,feiji_doa_material,feiji_doa_material,1,0,battle-assets/飞机/artresource__item__bulletall__feiji_doa__feiji_doa_material,artresource/item/bulletall/feiji_doa/feiji_doa_material
飞机,feiji_fulici_material,feiji_fulici_material,1,0,battle-assets/飞机/artresource__item__bulletall__feiji_fulici__feiji_fulici_material,artresource/item/bulletall/feiji_fulici/feiji_fulici_material
飞机,feiji_jiuweihu_material,feiji_jiuweihu_material,1,0,battle-assets/飞机/artresource__item__bulletall__feiji_jiuweihu__feiji_jiuweihu_material,artresource/item/bulletall/feiji_jiuweihu/feiji_jiuweihu_material
飞机,feiji_juyanlong_material,feiji_juyanlong_material,1,0,battle-assets/飞机/artresource__item__bulletall__feiji_juyanlong__feiji_juyanlong_material,artresource/item/bulletall/feiji_juyanlong/feiji_juyanlong_material
飞机,feiji_juyanlong1_material,feiji_juyanlong1_material,1,0,battle-assets/飞机/artresource__item__bulletall__feiji_juyanlong1__feiji_juyanlong1_material,artresource/item/bulletall/feiji_juyanlong1/feiji_juyanlong1_material
飞机,feiji_juyanlong2_material,feiji_juyanlong2_material,1,0,battle-assets/飞机/artresource__item__bulletall__feiji_juyanlong2__feiji_juyanlong2_material,artresource/item/bulletall/feiji_juyanlong2/feiji_juyanlong2_material
炮弹,motanjiu_material,motanjiu_material,1,0,battle-assets/炮弹/artresource__item__bulletall__feiji_motan__motanjiu_material,artresource/item/bulletall/feiji_motan/motanjiu_material
飞机,皇家热气球(鱼雷),feiji_reqiqiu,0,0,battle-assets/飞机/artresource__item__bulletall__feiji_reqiqiu,artresource/item/bulletall/feiji_reqiqiu
飞机,feiji_saomiao_material,feiji_saomiao_material,1,0,battle-assets/飞机/artresource__item__bulletall__feiji_saomiao__feiji_saomiao_material,artresource/item/bulletall/feiji_saomiao/feiji_saomiao_material
飞机,feiji_tianchenghongzha_material,feiji_tianchenghongzha_material,1,0,battle-assets/飞机/artresource__item__bulletall__feiji_tianchenghongzha__feiji_tianchenghongzha_material,artresource/item/bulletall/feiji_tianchenghongzha/feiji_tianchenghongzha_material
鱼雷,feiji_tianchengyulei_material,feiji_tianchengyulei_material,1,0,battle-assets/鱼雷/artresource__item__bulletall__feiji_tianchengyulei__feiji_tianchengyulei_material,artresource/item/bulletall/feiji_tianchengyulei/feiji_tianchengyulei_material
飞机,feiji_tianchengzhandou_material,feiji_tianchengzhandou_material,1,0,battle-assets/飞机/artresource__item__bulletall__feiji_tianchengzhandou__feiji_tianchengzhandou_material,artresource/item/bulletall/feiji_tianchengzhandou/feiji_tianchengzhandou_material
炮弹,tianejiu_material,tianejiu_material,1,0,battle-assets/炮弹/artresource__item__bulletall__feiji_tiane__tianejiu_material,artresource/item/bulletall/feiji_tiane/tianejiu_material
飞机,feiji_xiangsutianlei_material,feiji_xiangsutianlei_material,1,0,battle-assets/飞机/artresource__item__bulletall__feiji_xiangsutianlei__feiji_xiangsutianlei_material,artresource/item/bulletall/feiji_xiangsutianlei/feiji_xiangsutianlei_material
飞机,feiji_xintiao_material,feiji_xintiao_material,1,0,battle-assets/飞机/artresource__item__bulletall__feiji_xintiao__feiji_xintiao_material,artresource/item/bulletall/feiji_xintiao/feiji_xintiao_material
飞机,feiji_zhicaidai_material,feiji_zhicaidai_material,1,0,battle-assets/飞机/artresource__item__bulletall__feiji_zhicaidai__feiji_zhicaidai_material,artresource/item/bulletall/feiji_zhicaidai/feiji_zhicaidai_material
飞机,feiji_zhuqingting_material,feiji_zhuqingting_material,1,0,battle-assets/飞机/artresource__item__bulletall__feiji_zhuqingting__feiji_zhuqingting_material,artresource/item/bulletall/feiji_zhuqingting/feiji_zhuqingting_material
炮弹,fenbizidan_material,fenbizidan_material,1,0,battle-assets/炮弹/artresource__item__bulletall__fenbizidan__fenbizidan_material,artresource/item/bulletall/fenbizidan/fenbizidan_material
鱼雷,fenglingyulei_material,fenglingyulei_material,1,0,battle-assets/鱼雷/artresource__item__bulletall__fenglingyulei__fenglingyulei_material,artresource/item/bulletall/fenglingyulei/fenglingyulei_material
炮弹,xxg_guihuozidan_material,xxg_guihuozidan_material,1,0,battle-assets/炮弹/artresource__item__bulletall__guihuozidan__xxg_guihuozidan_material,artresource/item/bulletall/guihuozidan/xxg_guihuozidan_material
鱼雷,gulite_chongnengyulei_material,gulite_chongnengyulei_material,1,0,battle-assets/鱼雷/artresource__item__bulletall__gulite_chongnengyulei__gulite_chongnengyulei_material,artresource/item/bulletall/gulite_chongnengyulei/gulite_chongnengyulei_material
炮弹,gulite_huoqiu_material,gulite_huoqiu_material,1,0,battle-assets/炮弹/artresource__item__bulletall__gulite_huoqiu__gulite_huoqiu_material,artresource/item/bulletall/gulite_huoqiu/gulite_huoqiu_material
炮弹,gulite_judayanlong_material,gulite_judayanlong_material,1,0,battle-assets/炮弹/artresource__item__bulletall__gulite_judayanlong__gulite_judayanlong_material,artresource/item/bulletall/gulite_judayanlong/gulite_judayanlong_material
炮弹,gulite_yuanhuanguangren_material,gulite_yuanhuanguangren_material,1,0,battle-assets/炮弹/artresource__item__bulletall__gulite_yuanhuanguangren__gulite_yuanhuanguangren_material,artresource/item/bulletall/gulite_yuanhuanguangren/gulite_yuanhuanguangren_material
炮弹,haibaohongzhaji_material,haibaohongzhaji_material,1,0,battle-assets/炮弹/artresource__item__bulletall__haibaohongzhaji__haibaohongzhaji_material,artresource/item/bulletall/haibaohongzhaji/haibaohongzhaji_material
炮弹,haibaopaodan_material,haibaopaodan_material,1,0,battle-assets/炮弹/artresource__item__bulletall__haibaopaodan__haibaopaodan_material,artresource/item/bulletall/haibaopaodan/haibaopaodan_material
鱼雷,haibaoyulei_material,haibaoyulei_material,1,0,battle-assets/鱼雷/artresource__item__bulletall__haibaoyulei__haibaoyulei_material,artresource/item/bulletall/haibaoyulei/haibaoyulei_material
鱼雷,haibaoyuleiji_material,haibaoyuleiji_material,1,0,battle-assets/鱼雷/artresource__item__bulletall__haibaoyuleiji__haibaoyuleiji_material,artresource/item/bulletall/haibaoyuleiji/haibaoyuleiji_material
炮弹,hangkongwutai_material,hangkongwutai_material,1,0,battle-assets/炮弹/artresource__item__bulletall__hangkongwutai__hangkongwutai_material,artresource/item/bulletall/hangkongwutai/hangkongwutai_material
鱼雷,hangtianyulei_material,hangtianyulei_material,1,0,battle-assets/鱼雷/artresource__item__bulletall__hangtianyulei__hangtianyulei_material,artresource/item/bulletall/hangtianyulei/hangtianyulei_material
炮弹,heibancapaodan_material,heibancapaodan_material,1,0,battle-assets/炮弹/artresource__item__bulletall__heibancapaodan__heibancapaodan_material,artresource/item/bulletall/heibancapaodan/heibancapaodan_material
炮弹,heifangzhou_gun,heifangzhou_gun,1,0,battle-assets/炮弹/artresource__item__bulletall__heifangzhou_gun,artresource/item/bulletall/heifangzhou_gun
炮弹,xxg_hongyuepaodan_material,xxg_hongyuepaodan_material,1,0,battle-assets/炮弹/artresource__item__bulletall__hongyuepaodan__xxg_hongyuepaodan_material,artresource/item/bulletall/hongyuepaodan/xxg_hongyuepaodan_material
炮弹,huabanzidan,huabanzidan,1,0,battle-assets/炮弹/artresource__item__bulletall__huabanzidan,artresource/item/bulletall/huabanzidan
炮弹,huabanzidan_material,huabanzidan_material,1,0,battle-assets/炮弹/artresource__item__bulletall__huabanzidan_atlas__huabanzidan_material,artresource/item/bulletall/huabanzidan_atlas/huabanzidan_material
飞机,huajingfeiji_1_atlas,huajingfeiji_1_atlas,0,0,battle-assets/飞机/artresource__item__bulletall__huajingfeiji__huajingfeiji_1_atlas,artresource/item/bulletall/huajingfeiji/huajingfeiji_1_atlas
飞机,huajingfeiji_1_material,huajingfeiji_1_material,1,0,battle-assets/飞机/artresource__item__bulletall__huajingfeiji__huajingfeiji_1_material,artresource/item/bulletall/huajingfeiji/huajingfeiji_1_material
鱼雷,huojianyulei_material,huojianyulei_material,1,0,battle-assets/鱼雷/artresource__item__bulletall__huojianyulei__huojianyulei_material,artresource/item/bulletall/huojianyulei/huojianyulei_material
炮弹,huoqiupaodan_material,huoqiupaodan_material,1,0,battle-assets/炮弹/artresource__item__bulletall__huoqiupaodan__huoqiupaodan_material,artresource/item/bulletall/huoqiupaodan/huoqiupaodan_material
炮弹,huoqiupaodan_black_material,huoqiupaodan_black_material,1,0,battle-assets/炮弹/artresource__item__bulletall__huoqiupaodan_black__huoqiupaodan_black_material,artresource/item/bulletall/huoqiupaodan_black/huoqiupaodan_black_material
炮弹,huoqiupaodan_purple_material,huoqiupaodan_purple_material,1,0,battle-assets/炮弹/artresource__item__bulletall__huoqiupaodan_purple__huoqiupaodan_purple_material,artresource/item/bulletall/huoqiupaodan_purple/huoqiupaodan_purple_material
炮弹,huofenghuang_material,huofenghuang_material,1,0,battle-assets/炮弹/artresource__item__bulletall__huoyanfenghuang__huofenghuang_material,artresource/item/bulletall/huoyanfenghuang/huofenghuang_material
炮弹,hwxgz_2,hwxgz_2,1,0,battle-assets/炮弹/artresource__item__bulletall__hwxgz_2,artresource/item/bulletall/hwxgz_2
炮弹,hwxgz_3,hwxgz_3,1,0,battle-assets/炮弹/artresource__item__bulletall__hwxgz_3,artresource/item/bulletall/hwxgz_3
炮弹,hwxqb_1,hwxqb_1,1,0,battle-assets/炮弹/artresource__item__bulletall__hwxqb_1,artresource/item/bulletall/hwxqb_1
飞机,idolfeiji_material,idolfeiji_material,1,0,battle-assets/飞机/artresource__item__bulletall__idolfeiji__idolfeiji_material,artresource/item/bulletall/idolfeiji/idolfeiji_material
炮弹,idom_jiu_material,idom_jiu_material,1,0,battle-assets/炮弹/artresource__item__bulletall__idom_jiu__idom_jiu_material,artresource/item/bulletall/idom_jiu/idom_jiu_material
炮弹,idom_qianzao_material,idom_qianzao_material,1,0,battle-assets/炮弹/artresource__item__bulletall__idom_qianzao__idom_qianzao_material,artresource/item/bulletall/idom_qianzao/idom_qianzao_material
炮弹,idom_yizhi_material,idom_yizhi_material,1,0,battle-assets/炮弹/artresource__item__bulletall__idom_yizhi__idom_yizhi_material,artresource/item/bulletall/idom_yizhi/idom_yizhi_material
炮弹,idom_zi_material,idom_zi_material,1,0,battle-assets/炮弹/artresource__item__bulletall__idom_zi__idom_zi_material,artresource/item/bulletall/idom_zi/idom_zi_material
炮弹,jinyuanbao_material,jinyuanbao_material,1,0,battle-assets/炮弹/artresource__item__bulletall__jinyuanbao__jinyuanbao_material,artresource/item/bulletall/jinyuanbao/jinyuanbao_material
炮弹,juzi_material,juzi_material,1,0,battle-assets/炮弹/artresource__item__bulletall__juzi__juzi_material,artresource/item/bulletall/juzi/juzi_material
炮弹,kapaizidan_1_material,kapaizidan_1_material,1,0,battle-assets/炮弹/artresource__item__bulletall__kapaizidan_1__kapaizidan_1_material,artresource/item/bulletall/kapaizidan_1/kapaizidan_1_material
炮弹,kapaizidan_2_material,kapaizidan_2_material,1,0,battle-assets/炮弹/artresource__item__bulletall__kapaizidan_2__kapaizidan_2_material,artresource/item/bulletall/kapaizidan_2/kapaizidan_2_material
炮弹,kedouzidan_red,kedouzidan_red,1,0,battle-assets/炮弹/artresource__item__bulletall__kedouzidan_red,artresource/item/bulletall/kedouzidan_red
鱼雷,lazhuyulei_material,lazhuyulei_material,1,0,battle-assets/鱼雷/artresource__item__bulletall__lazhuyulei__lazhuyulei_material,artresource/item/bulletall/lazhuyulei/lazhuyulei_material
炮弹,liandao_material,liandao_material,1,0,battle-assets/炮弹/artresource__item__bulletall__liandao__liandao_material,artresource/item/bulletall/liandao/liandao_material
炮弹,liangjiaoqipaodan_material,liangjiaoqipaodan_material,1,0,battle-assets/炮弹/artresource__item__bulletall__liangjiaoqipaodan__liangjiaoqipaodan_material,artresource/item/bulletall/liangjiaoqipaodan/liangjiaoqipaodan_material
飞机,mantoufeiji_material,mantoufeiji_material,1,0,battle-assets/飞机/artresource__item__bulletall__mantoufeiji__mantoufeiji_material,artresource/item/bulletall/mantoufeiji/mantoufeiji_material
炮弹,mantoupaodan_material,mantoupaodan_material,1,0,battle-assets/炮弹/artresource__item__bulletall__mantoupaodan__mantoupaodan_material,artresource/item/bulletall/mantoupaodan/mantoupaodan_material
鱼雷,mantouyulei_material,mantouyulei_material,1,0,battle-assets/鱼雷/artresource__item__bulletall__mantouyulei__mantouyulei_material,artresource/item/bulletall/mantouyulei/mantouyulei_material
鱼雷,moshubangyulei_material,moshubangyulei_material,1,0,battle-assets/鱼雷/artresource__item__bulletall__moshubangyulei__moshubangyulei_material,artresource/item/bulletall/moshubangyulei/moshubangyulei_material
炮弹,moshumaopaodan_material,moshumaopaodan_material,1,0,battle-assets/炮弹/artresource__item__bulletall__moshumaopaodan__moshumaopaodan_material,artresource/item/bulletall/moshumaopaodan/moshumaopaodan_material
飞机,muyuefeiji_material,muyuefeiji_material,1,0,battle-assets/飞机/artresource__item__bulletall__muyuefeiji__muyuefeiji_material,artresource/item/bulletall/muyuefeiji/muyuefeiji_material
炮弹,newbullet2,newbullet2,0,0,battle-assets/炮弹/artresource__item__bulletall__newbullet2,artresource/item/bulletall/newbullet2
炮弹,nz_huoche_material,nz_huoche_material,1,0,battle-assets/炮弹/artresource__item__bulletall__nz_huoche__nz_huoche_material,artresource/item/bulletall/nz_huoche/nz_huoche_material
炮弹,nz_xuejia_material,nz_xuejia_material,1,0,battle-assets/炮弹/artresource__item__bulletall__nz_xuejia__nz_xuejia_material,artresource/item/bulletall/nz_xuejia/nz_xuejia_material
炮弹,字幕炮弹:嗨多磨,paodan_ai_1,1,0,battle-assets/炮弹/artresource__item__bulletall__paodan_ai_1,artresource/item/bulletall/paodan_ai_1
炮弹,字幕炮弹:可爱,paodan_ai_3,1,0,battle-assets/炮弹/artresource__item__bulletall__paodan_ai_3,artresource/item/bulletall/paodan_ai_3
炮弹,AQUA！！！！！,paodan_aqua,0,0,battle-assets/炮弹/artresource__item__bulletall__paodan_aqua,artresource/item/bulletall/paodan_aqua
炮弹,paodan_bodongquan_material,paodan_bodongquan_material,1,0,battle-assets/炮弹/artresource__item__bulletall__paodan_bodongquan__paodan_bodongquan_material,artresource/item/bulletall/paodan_bodongquan/paodan_bodongquan_material
炮弹,gouhuozidan_material,gouhuozidan_material,1,0,battle-assets/炮弹/artresource__item__bulletall__paodan_gouhuo__gouhuozidan_material,artresource/item/bulletall/paodan_gouhuo/gouhuozidan_material
炮弹,黑森林蛋糕炮弹,paodan_heisenlin,1,0,battle-assets/炮弹/artresource__item__bulletall__paodan_heisenlin,artresource/item/bulletall/paodan_heisenlin
炮弹,paodan_jianzhen_material,paodan_jianzhen_material,1,0,battle-assets/炮弹/artresource__item__bulletall__paodan_jianzhen__paodan_jianzhen_material,artresource/item/bulletall/paodan_jianzhen/paodan_jianzhen_material
炮弹,paodan_nengliangmaodian_material,paodan_nengliangmaodian_material,1,0,battle-assets/炮弹/artresource__item__bulletall__paodan_nengliangmaodian__paodan_nengliangmaodian_material,artresource/item/bulletall/paodan_nengliangmaodian/paodan_nengliangmaodian_material
炮弹,三式拳套炮弹,paodan_nier_fist,1,0,battle-assets/炮弹/artresource__item__bulletall__paodan_nier_fist,artresource/item/bulletall/paodan_nier_fist
炮弹,机械生命体炮弹,paodan_nier_robothead,1,0,battle-assets/炮弹/artresource__item__bulletall__paodan_nier_robothead,artresource/item/bulletall/paodan_nier_robothead
炮弹,paodan_shengqiu_material,paodan_shengqiu_material,1,0,battle-assets/炮弹/artresource__item__bulletall__paodan_shengqiu__paodan_shengqiu_material,artresource/item/bulletall/paodan_shengqiu/paodan_shengqiu_material
炮弹,paodan_shujushanchu_material,paodan_shujushanchu_material,1,0,battle-assets/炮弹/artresource__item__bulletall__paodan_shujushanchu__paodan_shujushanchu_material,artresource/item/bulletall/paodan_shujushanchu/paodan_shujushanchu_material
炮弹,paodan_xingxi_material,paodan_xingxi_material,1,0,battle-assets/炮弹/artresource__item__bulletall__paodan_xingxi__paodan_xingxi_material,artresource/item/bulletall/paodan_xingxi/paodan_xingxi_material
炮弹,paozhang_material,paozhang_material,1,0,battle-assets/炮弹/artresource__item__bulletall__paozhang__paozhang_material,artresource/item/bulletall/paozhang/paozhang_material
炮弹,piexlbullet_material,piexlbullet_material,1,0,battle-assets/炮弹/artresource__item__bulletall__pixelbullet__piexlbullet_material,artresource/item/bulletall/pixelbullet/piexlbullet_material
飞机,pugongyingfeiji_material,pugongyingfeiji_material,1,0,battle-assets/飞机/artresource__item__bulletall__pugongyingfeiji__pugongyingfeiji_material,artresource/item/bulletall/pugongyingfeiji/pugongyingfeiji_material
炮弹,qigongpaozidan_material,qigongpaozidan_material,1,0,battle-assets/炮弹/artresource__item__bulletall__qigongpaozidan__qigongpaozidan_material,artresource/item/bulletall/qigongpaozidan/qigongpaozidan_material
炮弹,qigongpaozidan_skeletondata,qigongpaozidan_skeletondata,0,0,battle-assets/炮弹/artresource__item__bulletall__qigongpaozidan__qigongpaozidan_skeletondata,artresource/item/bulletall/qigongpaozidan/qigongpaozidan_skeletondata
鱼雷,sairenyulei_material,sairenyulei_material,1,0,battle-assets/鱼雷/artresource__item__bulletall__sairenyulei__sairenyulei_material,artresource/item/bulletall/sairenyulei/sairenyulei_material
鱼雷,sairenyulei_skeletondata,sairenyulei_skeletondata,0,0,battle-assets/鱼雷/artresource__item__bulletall__sairenyulei__sairenyulei_skeletondata,artresource/item/bulletall/sairenyulei/sairenyulei_skeletondata
鱼雷,sairenyulei01_shadow,sairenyulei01_shadow,1,0,battle-assets/鱼雷/artresource__item__bulletall__sairenyulei01_shadow,artresource/item/bulletall/sairenyulei01_shadow
炮弹,salatuojia,salatuojia,1,0,battle-assets/炮弹/artresource__item__bulletall__salatuojia,artresource/item/bulletall/salatuojia
飞机,shengdanfeijiu_material,shengdanfeijiu_material,1,0,battle-assets/飞机/artresource__item__bulletall__shengdanfeijiu__shengdanfeijiu_material,artresource/item/bulletall/shengdanfeijiu/shengdanfeijiu_material
炮弹,shengdanlaojiu_material,shengdanlaojiu_material,1,0,battle-assets/炮弹/artresource__item__bulletall__shengdanlaojiu__shengdanlaojiu_material,artresource/item/bulletall/shengdanlaojiu/shengdanlaojiu_material
鱼雷,shengdanshuyulei_material,shengdanshuyulei_material,1,0,battle-assets/鱼雷/artresource__item__bulletall__shengdanshuyulei__shengdanshuyulei_material,artresource/item/bulletall/shengdanshuyulei/shengdanshuyulei_material
炮弹,shenshengtianshi_material,shenshengtianshi_material,1,0,battle-assets/炮弹/artresource__item__bulletall__shenshengtianshi__shenshengtianshi_material,artresource/item/bulletall/shenshengtianshi/shenshengtianshi_material
炮弹,shilaimuqiupaodan_material,shilaimuqiupaodan_material,1,0,battle-assets/炮弹/artresource__item__bulletall__shilaimufeiji__shilaimuqiupaodan_material,artresource/item/bulletall/shilaimufeiji/shilaimuqiupaodan_material
炮弹,shilaimuqiupaodan_skeletondata,shilaimuqiupaodan_skeletondata,0,0,battle-assets/炮弹/artresource__item__bulletall__shilaimufeiji__shilaimuqiupaodan_skeletondata,artresource/item/bulletall/shilaimufeiji/shilaimuqiupaodan_skeletondata
炮弹,shilaimupaodan_material,shilaimupaodan_material,1,0,battle-assets/炮弹/artresource__item__bulletall__shilaimupaodan__shilaimupaodan_material,artresource/item/bulletall/shilaimupaodan/shilaimupaodan_material
飞机,xxg_shixiangguijifeiji_material,xxg_shixiangguijifeiji_material,1,0,battle-assets/飞机/artresource__item__bulletall__shixiangguifeiji__xxg_shixiangguijifeiji_material,artresource/item/bulletall/shixiangguifeiji/xxg_shixiangguijifeiji_material
炮弹,shizipaodan_material,shizipaodan_material,1,0,battle-assets/炮弹/artresource__item__bulletall__shizipaodan__shizipaodan_material,artresource/item/bulletall/shizipaodan/shizipaodan_material
炮弹,suolian,suolian,1,0,battle-assets/炮弹/artresource__item__bulletall__suolian,artresource/item/bulletall/suolian
炮弹,suolian_1,suolian_1,1,0,battle-assets/炮弹/artresource__item__bulletall__suolian_1,artresource/item/bulletall/suolian_1
炮弹,suolian_2,suolian_2,1,0,battle-assets/炮弹/artresource__item__bulletall__suolian_2,artresource/item/bulletall/suolian_2
炮弹,super_material,super_material,1,0,battle-assets/炮弹/artresource__item__bulletall__super__super_material,artresource/item/bulletall/super/super_material
炮弹,tiangoujuu_material,tiangoujuu_material,1,0,battle-assets/炮弹/artresource__item__bulletall__tiangoujuu__tiangoujuu_material,artresource/item/bulletall/tiangoujuu/tiangoujuu_material
炮弹,tongban_material,tongban_material,1,0,battle-assets/炮弹/artresource__item__bulletall__tongban__tongban_material,artresource/item/bulletall/tongban/tongban_material
炮弹,tutuhuoqiupaodan_material,tutuhuoqiupaodan_material,1,0,battle-assets/炮弹/artresource__item__bulletall__tutuhuoqiupaodan__tutuhuoqiupaodan_material,artresource/item/bulletall/tutuhuoqiupaodan/tutuhuoqiupaodan_material
炮弹,vtuber1_material,vtuber1_material,1,0,battle-assets/炮弹/artresource__item__bulletall__vtuber1__vtuber1_material,artresource/item/bulletall/vtuber1/vtuber1_material
炮弹,vtuber2_material,vtuber2_material,1,0,battle-assets/炮弹/artresource__item__bulletall__vtuber2__vtuber2_material,artresource/item/bulletall/vtuber2/vtuber2_material
炮弹,weixingbanwu_material,weixingbanwu_material,1,0,battle-assets/炮弹/artresource__item__bulletall__weixingbanwu__weixingbanwu_material,artresource/item/bulletall/weixingbanwu/weixingbanwu_material
炮弹,xiangguzidan_material,xiangguzidan_material,1,0,battle-assets/炮弹/artresource__item__bulletall__xiangguzidan__xiangguzidan_material,artresource/item/bulletall/xiangguzidan/xiangguzidan_material
炮弹,xianhe_material,xianhe_material,1,0,battle-assets/炮弹/artresource__item__bulletall__xianhe__xianhe_material,artresource/item/bulletall/xianhe/xianhe_material
炮弹,xianhe_skeletondata,xianhe_skeletondata,0,0,battle-assets/炮弹/artresource__item__bulletall__xianhe__xianhe_skeletondata,artresource/item/bulletall/xianhe/xianhe_skeletondata
炮弹,xianyupaodan_material,xianyupaodan_material,1,0,battle-assets/炮弹/artresource__item__bulletall__xianyupaodan__xianyupaodan_material,artresource/item/bulletall/xianyupaodan/xianyupaodan_material
鱼雷,xianyuyuleijp_material,xianyuyuleijp_material,1,0,battle-assets/鱼雷/artresource__item__bulletall__xianyuyuleijp__xianyuyuleijp_material,artresource/item/bulletall/xianyuyuleijp/xianyuyuleijp_material
炮弹,xiguapaodan_material,xiguapaodan_material,1,0,battle-assets/炮弹/artresource__item__bulletall__xiguapaodan__xiguapaodan_material,artresource/item/bulletall/xiguapaodan/xiguapaodan_material
炮弹,xinnong_katana,xinnong_katana,1,0,battle-assets/炮弹/artresource__item__bulletall__xinnong_katana,artresource/item/bulletall/xinnong_katana
炮弹,xiongyingpaodan_material,xiongyingpaodan_material,1,0,battle-assets/炮弹/artresource__item__bulletall__xiongyingpaodan__xiongyingpaodan_material,artresource/item/bulletall/xiongyingpaodan/xiongyingpaodan_material
炮弹,xuezipaodan_material,xuezipaodan_material,1,0,battle-assets/炮弹/artresource__item__bulletall__xuezipaodan__xuezipaodan_material,artresource/item/bulletall/xuezipaodan/xuezipaodan_material
炮弹,yanhuapaodan_material,yanhuapaodan_material,1,0,battle-assets/炮弹/artresource__item__bulletall__yanhuapaodan__yanhuapaodan_material,artresource/item/bulletall/yanhuapaodan/yanhuapaodan_material
飞机,yaoyufeiji_material,yaoyufeiji_material,1,0,battle-assets/飞机/artresource__item__bulletall__yaoyufeiji__yaoyufeiji_material,artresource/item/bulletall/yaoyufeiji/yaoyufeiji_material
飞机,yiyuanfeiji_material,yiyuanfeiji_material,1,0,battle-assets/飞机/artresource__item__bulletall__yiyuanfeiji__yiyuanfeiji_material,artresource/item/bulletall/yiyuanfeiji/yiyuanfeiji_material
飞机,yiyuanfeijiu_material,yiyuanfeijiu_material,1,0,battle-assets/飞机/artresource__item__bulletall__yiyuanfeijiu__yiyuanfeijiu_material,artresource/item/bulletall/yiyuanfeijiu/yiyuanfeijiu_material
炮弹,yiyuanlunyi_material,yiyuanlunyi_material,1,0,battle-assets/炮弹/artresource__item__bulletall__yiyuanlunyi__yiyuanlunyi_material,artresource/item/bulletall/yiyuanlunyi/yiyuanlunyi_material
飞机,youlingfeiji_material,youlingfeiji_material,1,0,battle-assets/飞机/artresource__item__bulletall__youlingfeiji__youlingfeiji_material,artresource/item/bulletall/youlingfeiji/youlingfeiji_material
飞机,youlingmachefeiji_material,youlingmachefeiji_material,1,0,battle-assets/飞机/artresource__item__bulletall__youlingmachefeiji__youlingmachefeiji_material,artresource/item/bulletall/youlingmachefeiji/youlingmachefeiji_material
鱼雷,youlingyulei_material,youlingyulei_material,1,0,battle-assets/鱼雷/artresource__item__bulletall__youlingyulei__youlingyulei_material,artresource/item/bulletall/youlingyulei/youlingyulei_material
鱼雷,晃悠悠鱼雷,yulei_ai_faku,1,0,battle-assets/鱼雷/artresource__item__bulletall__yulei_ai_faku,artresource/item/bulletall/yulei_ai_faku
鱼雷,Gelato鱼雷,yulei_bingqilin,1,0,battle-assets/鱼雷/artresource__item__bulletall__yulei_bingqilin,artresource/item/bulletall/yulei_bingqilin
鱼雷,yulei_dengpai_material,yulei_dengpai_material,1,0,battle-assets/鱼雷/artresource__item__bulletall__yulei_dengpai__yulei_dengpai_material,artresource/item/bulletall/yulei_dengpai/yulei_dengpai_material
鱼雷,yulei_fengche_material,yulei_fengche_material,1,0,battle-assets/鱼雷/artresource__item__bulletall__yulei_fengche__yulei_fengche_material,artresource/item/bulletall/yulei_fengche/yulei_fengche_material
鱼雷,卷轴鱼雷,yulei_juanzhou,1,0,battle-assets/鱼雷/artresource__item__bulletall__yulei_juanzhou,artresource/item/bulletall/yulei_juanzhou
鱼雷,巨剑鱼雷,yulei_jujian,1,0,battle-assets/鱼雷/artresource__item__bulletall__yulei_jujian,artresource/item/bulletall/yulei_jujian
鱼雷,苦无鱼雷,yulei_kuwu,1,0,battle-assets/鱼雷/artresource__item__bulletall__yulei_kuwu,artresource/item/bulletall/yulei_kuwu
鱼雷,yulei_nengliangdao2_material,yulei_nengliangdao2_material,1,0,battle-assets/鱼雷/artresource__item__bulletall__yulei_nengliangdao2__yulei_nengliangdao2_material,artresource/item/bulletall/yulei_nengliangdao2/yulei_nengliangdao2_material
鱼雷,龙骑枪鱼雷,yulei_nier_dragonspear,1,0,battle-assets/鱼雷/artresource__item__bulletall__yulei_nier_dragonspear,artresource/item/bulletall/yulei_nier_dragonspear
鱼雷,铁管鱼雷,yulei_nier_irontube,1,0,battle-assets/鱼雷/artresource__item__bulletall__yulei_nier_irontube,artresource/item/bulletall/yulei_nier_irontube
鱼雷,yulei_penqijijia_material,yulei_penqijijia_material,1,0,battle-assets/鱼雷/artresource__item__bulletall__yulei_penqijijia__yulei_penqijijia_material,artresource/item/bulletall/yulei_penqijijia/yulei_penqijijia_material
鱼雷,提灯鱼雷,yulei_tideng,1,0,battle-assets/鱼雷/artresource__item__bulletall__yulei_tideng,artresource/item/bulletall/yulei_tideng
鱼雷,yulei_tolove_haitun_material,yulei_tolove_haitun_material,1,0,battle-assets/鱼雷/artresource__item__bulletall__yulei_tolove_haitun__yulei_tolove_haitun_material,artresource/item/bulletall/yulei_tolove_haitun/yulei_tolove_haitun_material
鱼雷,卫星鱼雷,yulei_weixing,1,0,battle-assets/鱼雷/artresource__item__bulletall__yulei_weixing,artresource/item/bulletall/yulei_weixing
鱼雷,yulei_xiangsufeidan_material,yulei_xiangsufeidan_material,1,0,battle-assets/鱼雷/artresource__item__bulletall__yulei_xiangsufeidan__yulei_xiangsufeidan_material,artresource/item/bulletall/yulei_xiangsufeidan/yulei_xiangsufeidan_material
鱼雷,勇者之剑鱼雷,yulei_yongzhezhijian,1,0,battle-assets/鱼雷/artresource__item__bulletall__yulei_yongzhezhijian,artresource/item/bulletall/yulei_yongzhezhijian
鱼雷,yulei_yunshi_material,yulei_yunshi_material,1,0,battle-assets/鱼雷/artresource__item__bulletall__yulei_yunshi__yulei_yunshi_material,artresource/item/bulletall/yulei_yunshi/yulei_yunshi_material
鱼雷,鱼雷:战士之斧,yulei_zhanshizhifu,1,0,battle-assets/鱼雷/artresource__item__bulletall__yulei_zhanshizhifu,artresource/item/bulletall/yulei_zhanshizhifu
炮弹,zhaomingdan_2,zhaomingdan_2,0,0,battle-assets/炮弹/artresource__item__bulletall__zhaomingdan__animation__zhaomingdan__zhaomingdan_2,artresource/item/bulletall/zhaomingdan/animation/zhaomingdan/zhaomingdan_2
炮弹,light_16_a,light_16_a,1,0,battle-assets/炮弹/artresource__item__bulletall__zhaomingdan__light__materials__light_16_a,artresource/item/bulletall/zhaomingdan/light/materials/light_16_a
炮弹,smoke_01,smoke_01,1,0,battle-assets/炮弹/artresource__item__bulletall__zhaomingdan__smoke__smoke_01,artresource/item/bulletall/zhaomingdan/smoke/smoke_01
炮弹,zhaomingdan,zhaomingdan,0,0,battle-assets/炮弹/artresource__item__bulletall__zhaomingdan__zhaomingdan,artresource/item/bulletall/zhaomingdan/zhaomingdan
炮弹,zhaomingdan_huo,zhaomingdan_huo,0,0,battle-assets/炮弹/artresource__item__bulletall__zhaomingdan__zhaomingdan_huo,artresource/item/bulletall/zhaomingdan/zhaomingdan_huo
炮弹,zhaomingdan_yanwu,zhaomingdan_yanwu,0,0,battle-assets/炮弹/artresource__item__bulletall__zhaomingdan__zhaomingdan_yanwu,artresource/item/bulletall/zhaomingdan/zhaomingdan_yanwu
飞机,zhisanjiufeiji_material,zhisanjiufeiji_material,1,0,battle-assets/飞机/artresource__item__bulletall__zhisanjiufeiji__zhisanjiufeiji_material,artresource/item/bulletall/zhisanjiufeiji/zhisanjiufeiji_material
飞机,zhiyuanjiufeiji_material,zhiyuanjiufeiji_material,1,0,battle-assets/飞机/artresource__item__bulletall__zhiyuanjiufeiji__zhiyuanjiufeiji_material,artresource/item/bulletall/zhiyuanjiufeiji/zhiyuanjiufeiji_material
飞机,zhongfeiji_material,zhongfeiji_material,1,0,battle-assets/飞机/artresource__item__bulletall__zhongfeiji__zhongfeiji_material,artresource/item/bulletall/zhongfeiji/zhongfeiji_material
炮弹,zhongguojie_material,zhongguojie_material,1,0,battle-assets/炮弹/artresource__item__bulletall__zhongguojie__zhongguojie_material,artresource/item/bulletall/zhongguojie/zhongguojie_material
炮弹,棒球子弹,zidan_bangqiu,1,0,battle-assets/炮弹/artresource__item__bulletall__zidan_bangqiu,artresource/item/bulletall/zidan_bangqiu
炮弹,子弹：蝙蝠使魔,zidan_bianfushimo,1,0,battle-assets/炮弹/artresource__item__bulletall__zidan_bianfushimo,artresource/item/bulletall/zidan_bianfushimo
炮弹,弓箭子弹,zidan_gongjian,1,0,battle-assets/炮弹/artresource__item__bulletall__zidan_gongjian,artresource/item/bulletall/zidan_gongjian
炮弹,勾玉子弹,zidan_gouyu,1,0,battle-assets/炮弹/artresource__item__bulletall__zidan_gouyu,artresource/item/bulletall/zidan_gouyu
炮弹,zidan_honglanqiu_material,zidan_honglanqiu_material,1,0,battle-assets/炮弹/artresource__item__bulletall__zidan_honglanqiu__zidan_honglanqiu_material,artresource/item/bulletall/zidan_honglanqiu/zidan_honglanqiu_material
炮弹,梅花子弹,zidan_hunianmeihua,1,0,battle-assets/炮弹/artresource__item__bulletall__zidan_hunianmeihua,artresource/item/bulletall/zidan_hunianmeihua
炮弹,zidan_jiguangqiliu_material,zidan_jiguangqiliu_material,1,0,battle-assets/炮弹/artresource__item__bulletall__zidan_jiguangqiliu__zidan_jiguangqiliu_material,artresource/item/bulletall/zidan_jiguangqiliu/zidan_jiguangqiliu_material
炮弹,金矿石子弹,zidan_jinkuangshi,1,0,battle-assets/炮弹/artresource__item__bulletall__zidan_jinkuangshi,artresource/item/bulletall/zidan_jinkuangshi
炮弹,奶茶子弹,zidan_naicha,1,0,battle-assets/炮弹/artresource__item__bulletall__zidan_naicha,artresource/item/bulletall/zidan_naicha
炮弹,奶酪弹,zidan_nailao,1,0,battle-assets/炮弹/artresource__item__bulletall__zidan_nailao,artresource/item/bulletall/zidan_nailao
炮弹,Double Burst,zidan_nier_circlebullet,1,0,battle-assets/炮弹/artresource__item__bulletall__zidan_nier_circlebullet,artresource/item/bulletall/zidan_nier_circlebullet
炮弹,Hack Burst,zidan_nier_squarebullet,1,0,battle-assets/炮弹/artresource__item__bulletall__zidan_nier_squarebullet,artresource/item/bulletall/zidan_nier_squarebullet
炮弹,熔岩弹,zidan_rongyan,1,0,battle-assets/炮弹/artresource__item__bulletall__zidan_rongyan,artresource/item/bulletall/zidan_rongyan
炮弹,zidan_shizixing_material,zidan_shizixing_material,1,0,battle-assets/炮弹/artresource__item__bulletall__zidan_shizixing__zidan_shizixing_material,artresource/item/bulletall/zidan_shizixing/zidan_shizixing_material
炮弹,根刀子弹,zidan_suolingendao,1,0,battle-assets/炮弹/artresource__item__bulletall__zidan_suolingendao,artresource/item/bulletall/zidan_suolingendao
炮弹,zidan_tolove_xingxing_material,zidan_tolove_xingxing_material,1,0,battle-assets/炮弹/artresource__item__bulletall__zidan_tolove_xingxing__zidan_tolove_xingxing_material,artresource/item/bulletall/zidan_tolove_xingxing/zidan_tolove_xingxing_material
炮弹,弯刀子弹,zidan_wandao,1,0,battle-assets/炮弹/artresource__item__bulletall__zidan_wandao,artresource/item/bulletall/zidan_wandao
炮弹,zidan_zhenliejiantou_material,zidan_zhenliejiantou_material,1,0,battle-assets/炮弹/artresource__item__bulletall__zidan_zhenliejiantou__zidan_zhenliejiantou_material,artresource/item/bulletall/zidan_zhenliejiantou/zidan_zhenliejiantou_material
炮弹,animatedstar,animatedstar,0,0,battle-assets/炮弹/artresource__item__bulletother__bulletblue__animatedstar,artresource/item/bulletother/bulletblue/animatedstar
炮弹,glow_00141,glow_00141,1,0,battle-assets/炮弹/artresource__item__bulletother__chuantoudanweiba__glow_00141,artresource/item/bulletother/chuantoudanweiba/glow_00141
炮弹,glow_00175,glow_00175,1,0,battle-assets/炮弹/artresource__item__bulletother__chuantoudanweiba__glow_00175,artresource/item/bulletother/chuantoudanweiba/glow_00175
炮弹,glow_00141,glow_00141,0,0,battle-assets/炮弹/artresource__item__bulletother__chuantoudanweiba__materials__glow_00141,artresource/item/bulletother/chuantoudanweiba/materials/glow_00141
炮弹,glow_00175,glow_00175,0,0,battle-assets/炮弹/artresource__item__bulletother__chuantoudanweiba__materials__glow_00175,artresource/item/bulletother/chuantoudanweiba/materials/glow_00175
炮弹,gf_208,gf_208,0,0,battle-assets/炮弹/artresource__item__bulletother__fireball__gf_208,artresource/item/bulletother/fireball/gf_208
炮弹,huoqiu_1,huoqiu_1,1,0,battle-assets/炮弹/artresource__item__bulletother__fireball__huoqiu_1,artresource/item/bulletother/fireball/huoqiu_1
炮弹,rockettail,rockettail,1,0,battle-assets/炮弹/artresource__item__bulletother__kuashe__scifieffects__effectmaterials__rockettail,artresource/item/bulletother/kuashe/scifieffects/effectmaterials/rockettail
炮弹,rockettrail_add,rockettrail_add,0,0,battle-assets/炮弹/artresource__item__bulletother__kuashe__scifieffects__effectmaterials__rockettrail_add,artresource/item/bulletother/kuashe/scifieffects/effectmaterials/rockettrail_add
炮弹,yanhuo_00002_3,yanhuo_00002_3,0,0,battle-assets/炮弹/artresource__item__bulletother__kuashe__yanhuo__materials__yanhuo_00002_3,artresource/item/bulletother/kuashe/yanhuo/materials/yanhuo_00002_3
炮弹,yanhuo_00002_h_3,yanhuo_00002_h_3,0,0,battle-assets/炮弹/artresource__item__bulletother__kuashe__yanhuo__materials__yanhuo_00002_h_3,artresource/item/bulletother/kuashe/yanhuo/materials/yanhuo_00002_h_3
炮弹,yanhuo_00002,yanhuo_00002,1,0,battle-assets/炮弹/artresource__item__bulletother__kuashe__yanhuo__yanhuo_00002,artresource/item/bulletother/kuashe/yanhuo/yanhuo_00002
炮弹,path_00268_h-1x1,path_00268_h-1x1,0,0,battle-assets/炮弹/artresource__item__bulletother__materials__path_00268_h-1x1,artresource/item/bulletother/materials/path_00268_h-1x1
炮弹,aersasi_fukong,aersasi_fukong,0,0,battle-assets/炮弹/artresource__item__bulletother__zimudan__aersasi_fukong,artresource/item/bulletother/zimudan/aersasi_fukong
炮弹,bullet,bullet,0,0,battle-assets/炮弹/artresource__item__bulletother__zimudan__bullet,artresource/item/bulletother/zimudan/bullet
炮弹,bullet 1,bullet 1,0,0,battle-assets/炮弹/artresource__item__bulletother__zimudan__bullet_1,artresource/item/bulletother/zimudan/bullet 1
炮弹,bullet 2,bullet 2,0,0,battle-assets/炮弹/artresource__item__bulletother__zimudan__bullet_2,artresource/item/bulletother/zimudan/bullet 2
炮弹,bullet 4,bullet 4,0,0,battle-assets/炮弹/artresource__item__bulletother__zimudan__bullet_4,artresource/item/bulletother/zimudan/bullet 4
炮弹,zimudan 2,zimudan 2,0,0,battle-assets/炮弹/artresource__item__bulletother__zimudan__zimudan_2,artresource/item/bulletother/zimudan/zimudan 2
炮弹,other,other,9,0,battle-assets/炮弹/bullet__other,bullet/other
飞机,啾海报飞机（鱼雷）,feiji_yishuhaibao,1,0,battle-assets/飞机/bulletall__feiji_yishuhaibao,bulletall/feiji_yishuhaibao
炮弹,便携冰箱炮弹,paodan_bianxiebingxiang,1,0,battle-assets/炮弹/bulletall__paodan_bianxiebingxiang,bulletall/paodan_bianxiebingxiang
炮弹,电子通缉令炮弹,paodan_dianzitongjiling,1,0,battle-assets/炮弹/bulletall__paodan_dianzitongjiling,bulletall/paodan_dianzitongjiling
炮弹,犯罪预告函炮弹,paodan_fanzuiyugaohan,1,0,battle-assets/炮弹/bulletall__paodan_fanzuiyugaohan,bulletall/paodan_fanzuiyugaohan
炮弹,船长帽炮弹,paodan_haidaomao,1,0,battle-assets/炮弹/bulletall__paodan_haidaomao,bulletall/paodan_haidaomao
炮弹,海底提灯炮弹,paodan_haiditideng,1,0,battle-assets/炮弹/bulletall__paodan_haiditideng,bulletall/paodan_haiditideng
炮弹,石化啾啾像炮弹,paodan_huangjidiaoxiang,1,0,battle-assets/炮弹/bulletall__paodan_huangjidiaoxiang,bulletall/paodan_huangjidiaoxiang
炮弹,神秘记事本炮弹,paodan_jishiben_doa,1,0,battle-assets/炮弹/bulletall__paodan_jishiben_doa,bulletall/paodan_jishiben_doa
炮弹,展品啾炮弹,paodan_jiujiuwanou,1,0,battle-assets/炮弹/bulletall__paodan_jiujiuwanou,bulletall/paodan_jiujiuwanou
炮弹,清荷炮弹,paodan_lianhua,1,0,battle-assets/炮弹/bulletall__paodan_lianhua,bulletall/paodan_lianhua
炮弹,废弃轮椅炮弹,paodan_lunyi,1,0,battle-assets/炮弹/bulletall__paodan_lunyi,bulletall/paodan_lunyi
炮弹,晶莹护甲油炮弹,paodan_nvshenli_doa,1,0,battle-assets/炮弹/bulletall__paodan_nvshenli_doa,bulletall/paodan_nvshenli_doa
炮弹,怪谈啾啾炮弹,paodan_pinhewawa,1,0,battle-assets/炮弹/bulletall__paodan_pinhewawa,bulletall/paodan_pinhewawa
炮弹,数码相机炮弹,paodan_shaguaxiangji,1,0,battle-assets/炮弹/bulletall__paodan_shaguaxiangji,bulletall/paodan_shaguaxiangji
炮弹,海滨沙堡炮弹,paodan_shatanchengbao,1,0,battle-assets/炮弹/bulletall__paodan_shatanchengbao,bulletall/paodan_shatanchengbao
炮弹,镜头收纳箱炮弹,paodan_sheyinggongjuxiang,1,0,battle-assets/炮弹/bulletall__paodan_sheyinggongjuxiang,bulletall/paodan_sheyinggongjuxiang
炮弹,诊疗灯炮弹,paodan_shoushudeng,1,0,battle-assets/炮弹/bulletall__paodan_shoushudeng,bulletall/paodan_shoushudeng
炮弹,安全头盔炮弹,paodan_toukui,1,0,battle-assets/炮弹/bulletall__paodan_toukui,bulletall/paodan_toukui
炮弹,兔耳炮弹,paodan_tuertoushi,1,0,battle-assets/炮弹/bulletall__paodan_tuertoushi,bulletall/paodan_tuertoushi
炮弹,长焦相机炮弹,paodan_xiangji_doa,1,0,battle-assets/炮弹/bulletall__paodan_xiangji_doa,bulletall/paodan_xiangji_doa
炮弹,快乐小丑帽炮弹,paodan_xiaochoumao,1,0,battle-assets/炮弹/bulletall__paodan_xiaochoumao,bulletall/paodan_xiaochoumao
炮弹,山岩裂石炮弹,paodan_yanshi,1,0,battle-assets/炮弹/bulletall__paodan_yanshi,bulletall/paodan_yanshi
炮弹,爱之甜心炮弹,paodan_yingtaopangci,1,0,battle-assets/炮弹/bulletall__paodan_yingtaopangci,bulletall/paodan_yingtaopangci
炮弹,海滨早餐炮弹,paodan_zaocantuopan,1,0,battle-assets/炮弹/bulletall__paodan_zaocantuopan,bulletall/paodan_zaocantuopan
鱼雷,贝壳风铃鱼雷,yulei_beikefengling,1,0,battle-assets/鱼雷/bulletall__yulei_beikefengling,bulletall/yulei_beikefengling
鱼雷,热情菠萝鱼雷,yulei_boluo_doa,1,0,battle-assets/鱼雷/bulletall__yulei_boluo_doa,bulletall/yulei_boluo_doa
鱼雷,长焦镜头鱼雷,yulei_changjiaojingtou,1,0,battle-assets/鱼雷/bulletall__yulei_changjiaojingtou,bulletall/yulei_changjiaojingtou
鱼雷,幽巷路灯鱼雷,yulei_diaodeng,1,0,battle-assets/鱼雷/bulletall__yulei_diaodeng,bulletall/yulei_diaodeng
鱼雷,猩红脉冲鱼雷,yulei_hongsemaichong,1,0,battle-assets/鱼雷/bulletall__yulei_hongsemaichong,bulletall/yulei_hongsemaichong
鱼雷,沉寂烟塔鱼雷,yulei_huocheyancong,1,0,battle-assets/鱼雷/bulletall__yulei_huocheyancong,bulletall/yulei_huocheyancong
鱼雷,虚影华镜鱼雷,yulei_jingzi,1,0,battle-assets/鱼雷/bulletall__yulei_jingzi,bulletall/yulei_jingzi
鱼雷,清凉葡萄鱼雷,yulei_putao_doa,1,0,battle-assets/鱼雷/bulletall__yulei_putao_doa,bulletall/yulei_putao_doa
鱼雷,三角架鱼雷,yulei_sanjiaojia,1,0,battle-assets/鱼雷/bulletall__yulei_sanjiaojia,bulletall/yulei_sanjiaojia
鱼雷,脉冲电击枪鱼雷,yulei_shandianshouqiang,1,0,battle-assets/鱼雷/bulletall__yulei_shandianshouqiang,bulletall/yulei_shandianshouqiang
鱼雷,生锈剪刀鱼雷,yulei_shoushuqian,1,0,battle-assets/鱼雷/bulletall__yulei_shoushuqian,bulletall/yulei_shoushuqian
鱼雷,雾之都巴士鱼雷,yulei_shuangcengbus,1,0,battle-assets/鱼雷/bulletall__yulei_shuangcengbus,bulletall/yulei_shuangcengbus
鱼雷,冰蓝手链鱼雷,yulei_shuangcengshoulian,1,0,battle-assets/鱼雷/bulletall__yulei_shuangcengshoulian,bulletall/yulei_shuangcengshoulian
鱼雷,古藤手杖鱼雷,yulei_shujingfazhang,1,0,battle-assets/鱼雷/bulletall__yulei_shujingfazhang,bulletall/yulei_shujingfazhang
鱼雷,黄金香蕉鱼雷,yulei_xiangjiao_doa,1,0,battle-assets/鱼雷/bulletall__yulei_xiangjiao_doa,bulletall/yulei_xiangjiao_doa
鱼雷,心跳检测仪鱼雷,yulei_xintiao,1,0,battle-assets/鱼雷/bulletall__yulei_xintiao,bulletall/yulei_xintiao
鱼雷,沙滩巾鱼雷,yulei_yujin,1,0,battle-assets/鱼雷/bulletall__yulei_yujin,bulletall/yulei_yujin
鱼雷,三角筒鱼雷,yulei_zhangai,1,0,battle-assets/鱼雷/bulletall__yulei_zhangai,bulletall/yulei_zhangai
鱼雷,假日遮阳伞鱼雷,yulei_zheyangsan,1,0,battle-assets/鱼雷/bulletall__yulei_zheyangsan,bulletall/yulei_zheyangsan
鱼雷,星星纸船鱼雷,yulei_zhichuan,1,0,battle-assets/鱼雷/bulletall__yulei_zhichuan,bulletall/yulei_zhichuan
鱼雷,折纸小鱼鱼雷,yulei_zhiyu,1,0,battle-assets/鱼雷/bulletall__yulei_zhiyu,bulletall/yulei_zhiyu
鱼雷,粉菜单鱼雷,yulei_zhuopai,1,0,battle-assets/鱼雷/bulletall__yulei_zhuopai,bulletall/yulei_zhuopai
鱼雷,水墨竹简鱼雷,yulei_zhutong,1,0,battle-assets/鱼雷/bulletall__yulei_zhutong,bulletall/yulei_zhutong
鱼雷,竹影破浪鱼雷,yulei_zhuzi,1,0,battle-assets/鱼雷/bulletall__yulei_zhuzi,bulletall/yulei_zhuzi
炮弹,惊喜礼花瓶子弹,zidan_baolingqiu,1,0,battle-assets/炮弹/bulletall__zidan_baolingqiu,bulletall/zidan_baolingqiu
炮弹,彼岸花影子弹,zidan_bianhua,1,0,battle-assets/炮弹/bulletall__zidan_bianhua,bulletall/zidan_bianhua
炮弹,永动齿轮子弹,zidan_bianhuanchilun,1,0,battle-assets/炮弹/bulletall__zidan_bianhuanchilun,bulletall/zidan_bianhuanchilun
炮弹,啪啪彩球子弹,zidan_caiqiu,1,0,battle-assets/炮弹/bulletall__zidan_caiqiu,bulletall/zidan_caiqiu
炮弹,zidan_caisefenbi,zidan_caisefenbi,1,0,battle-assets/炮弹/bulletall__zidan_caisefenbi,bulletall/zidan_caisefenbi
炮弹,平安创口贴子弹,zidan_chuangketie,1,0,battle-assets/炮弹/bulletall__zidan_chuangketie,bulletall/zidan_chuangketie
炮弹,糖果宝石子弹,zidan_fangxingbaoshi,1,0,battle-assets/炮弹/bulletall__zidan_fangxingbaoshi,bulletall/zidan_fangxingbaoshi
炮弹,指令芯片子弹,zidan_gaokejixinpian,1,0,battle-assets/炮弹/bulletall__zidan_gaokejixinpian,bulletall/zidan_gaokejixinpian
炮弹,病房呼叫铃子弹,zidan_hujiaoling,1,0,battle-assets/炮弹/bulletall__zidan_hujiaoling,bulletall/zidan_hujiaoling
炮弹,火焰球子弹,zidan_huoguang,1,0,battle-assets/炮弹/bulletall__zidan_huoguang,bulletall/zidan_huoguang
炮弹,嘉宾点数子弹,zidan_jiabindianshu_doa,1,0,battle-assets/炮弹/bulletall__zidan_jiabindianshu_doa,bulletall/zidan_jiabindianshu_doa
炮弹,电影胶卷子弹,zidan_jiaojuanhe,1,0,battle-assets/炮弹/bulletall__zidan_jiaojuanhe,bulletall/zidan_jiaojuanhe
炮弹,安定胶囊子弹,zidan_jiaonang,1,0,battle-assets/炮弹/bulletall__zidan_jiaonang,bulletall/zidan_jiaonang
炮弹,浑圆金珠子弹,zidan_jinzhu,1,0,battle-assets/炮弹/bulletall__zidan_jinzhu,bulletall/zidan_jinzhu
炮弹,粉领结子弹,zidan_lingjie,1,0,battle-assets/炮弹/bulletall__zidan_lingjie,bulletall/zidan_lingjie
炮弹,幽冥子弹,zidan_lvzhu,1,0,battle-assets/炮弹/bulletall__zidan_lvzhu,bulletall/zidan_lvzhu
炮弹,麻将牌子弹,zidan_majiangpai,1,0,battle-assets/炮弹/bulletall__zidan_majiangpai,bulletall/zidan_majiangpai
炮弹,墨韵流光子弹,zidan_moshui,1,0,battle-assets/炮弹/bulletall__zidan_moshui,bulletall/zidan_moshui
炮弹,迷你相纸子弹,zidan_pailidexiangzhi,1,0,battle-assets/炮弹/bulletall__zidan_pailidexiangzhi,bulletall/zidan_pailidexiangzhi
炮弹,特大强化石子弹,zidan_qianghuashi_doa,1,0,battle-assets/炮弹/bulletall__zidan_qianghuashi_doa,bulletall/zidan_qianghuashi_doa
炮弹,花翎子弹,zidan_queyu,1,0,battle-assets/炮弹/bulletall__zidan_queyu,bulletall/zidan_queyu
炮弹,三色彩带子弹,zidan_saichecaidai,1,0,battle-assets/炮弹/bulletall__zidan_saichecaidai,bulletall/zidan_saichecaidai
炮弹,存储卡子弹,zidan_sdcard,1,0,battle-assets/炮弹/bulletall__zidan_sdcard,bulletall/zidan_sdcard
炮弹,假日珊瑚子弹,zidan_shanhu,1,0,battle-assets/炮弹/bulletall__zidan_shanhu,bulletall/zidan_shanhu
炮弹,V宝石子弹,zidan_vbaoshi_doa,1,0,battle-assets/炮弹/bulletall__zidan_vbaoshi_doa,bulletall/zidan_vbaoshi_doa
炮弹,黑白围棋子弹,zidan_weiqiqizi,1,0,battle-assets/炮弹/bulletall__zidan_weiqiqizi,bulletall/zidan_weiqiqizi
炮弹,假日饮料子弹,zidan_yinliaolan,1,0,battle-assets/炮弹/bulletall__zidan_yinliaolan,bulletall/zidan_yinliaolan
炮弹,装饰棉花糖子弹,zidan_yunduomianhua,1,0,battle-assets/炮弹/bulletall__zidan_yunduomianhua,bulletall/zidan_yunduomianhua
炮弹,蛸目子弹,zidan_zhangyuyan,1,0,battle-assets/炮弹/bulletall__zidan_zhangyuyan,bulletall/zidan_zhangyuyan
炮弹,海浪抱枕子弹,zidan_zhentou,1,0,battle-assets/炮弹/bulletall__zidan_zhentou,bulletall/zidan_zhentou
飞机,1式陆攻,1shilugong,2,0,battle-assets/飞机/chargo__1shilugong,chargo/1shilugong
飞机,95shi,95shi,2,0,battle-assets/飞机/chargo__95shi,chargo/95shi
飞机,96式陆攻,961shilugong,2,0,battle-assets/飞机/chargo__961shilugong,chargo/961shilugong
飞机,默认重樱战斗机,96jiangong,2,0,battle-assets/飞机/chargo__96jiangong,chargo/96jiangong
飞机,默认重樱鱼雷机,97jiangong,2,0,battle-assets/飞机/chargo__97jiangong,chargo/97jiangong
飞机,九七式舰攻改,97jiangonggai,2,0,battle-assets/飞机/chargo__97jiangonggai,chargo/97jiangonggai
飞机,默认重樱轰炸机,99shijianbao1,2,0,battle-assets/飞机/chargo__99shijianbao1,chargo/99shijianbao1
飞机,空母·加贺-轰炸机,99shijianbao2,2,0,battle-assets/飞机/chargo__99shijianbao2,chargo/99shijianbao2
飞机,九九式舰爆改,99shijianbaogai,2,0,battle-assets/飞机/chargo__99shijianbaogai,chargo/99shijianbaogai
飞机,AD1天袭者,ad1,2,0,battle-assets/飞机/chargo__ad1,chargo/ad1
飞机,【大世界】黑飞龙通用飞机战斗机lv1,alter_plane1,2,0,battle-assets/飞机/chargo__alter_plane1,chargo/alter_plane1
飞机,【大世界】黑飞龙飞机2,alter_plane2,2,0,battle-assets/飞机/chargo__alter_plane2,chargo/alter_plane2
飞机,萨拉托加metaSBDLv1,alter_plane2_blue,2,0,battle-assets/飞机/chargo__alter_plane2_blue,chargo/alter_plane2_blue
飞机,【2021美系活动B3】BOSS 苍龙·META 二阶段 余烬飞机,alter_plane3,2,0,battle-assets/飞机/chargo__alter_plane3,chargo/alter_plane3
飞机,Ar-195舰载鱼雷机,ar195,2,0,battle-assets/飞机/chargo__ar195,chargo/ar195
飞机,Ar-197舰载战斗机,ar197,2,0,battle-assets/飞机/chargo__ar197,chargo/ar197
飞机,库尔斯克水上机Lv1,be-4,2,0,battle-assets/飞机/chargo__be-4,chargo/be-4
飞机,BF-109G,bf109g,2,0,battle-assets/飞机/chargo__bf109g,chargo/bf109g
飞机,BF-109T舰载战斗机T1,bf109t,2,0,battle-assets/飞机/chargo__bf109t,chargo/bf109t
飞机,BR.810,br810,2,0,battle-assets/飞机/chargo__br810,chargo/br810
飞机,BTD-1毁灭者,btd,2,0,battle-assets/飞机/chargo__btd,chargo/btd
飞机,彩云（舰攻型）,caiyun,2,0,battle-assets/飞机/chargo__caiyun,chargo/caiyun
飞机,【2024瑞凤活动T2】BOSS 幻形之息航母 战斗机,chongying_m_feiji,2,0,battle-assets/飞机/chargo__chongying_m_feiji,chargo/chongying_m_feiji
飞机,【2025白凤UR活动】天原之息 航母战斗机 Lv1,chongying_u_feiji,2,0,battle-assets/飞机/chargo__chongying_u_feiji,chargo/chongying_u_feiji
飞机,霞飞战斗机弹幕Lv1,d790,2,0,battle-assets/飞机/chargo__d790,chargo/d790
飞机,二式水上战斗机,ershishuizhan,2,0,battle-assets/飞机/chargo__ershishuizhan,chargo/ershishuizhan
飞机,高速速运无人机,expressdrone,2,0,battle-assets/飞机/chargo__expressdrone,chargo/expressdrone
飞机,默认白鹰战斗机,f2a,2,0,battle-assets/飞机/chargo__f2a,chargo/f2a
飞机,F2A水牛(萨奇队）,f2athach,2,0,battle-assets/飞机/chargo__f2athach,chargo/f2athach
飞机,F4F野猫,f4f,2,0,battle-assets/飞机/chargo__f4f,chargo/f4f
飞机,F4U海盗,f4u,2,0,battle-assets/飞机/chargo__f4u,chargo/f4u
飞机,F4U（VF-17“海盗”中队）,f4u-1d,2,0,battle-assets/飞机/chargo__f4u-1d,chargo/f4u-1d
飞机,F4U海盗（VBF-94中队）,f4u94,2,0,battle-assets/飞机/chargo__f4u94,chargo/f4u94
飞机,B2O通行证 普林斯顿追加迎击战斗机,f6f,2,0,battle-assets/飞机/chargo__f6f,chargo/f6f
飞机,F7F虎猫,f7f,2,0,battle-assets/飞机/chargo__f7f,chargo/f7f
飞机,F8F熊猫,f8f,2,0,battle-assets/飞机/chargo__f8f,chargo/f8f
飞机,试作型F8F熊猫（浮筒型）,f8ffloat,2,0,battle-assets/飞机/chargo__f8ffloat,chargo/f8ffloat
飞机,默认鸢尾水侦,fba19,2,0,battle-assets/飞机/chargo__fba19,chargo/fba19
飞机,万圣夜巡啾飞机(鱼雷),feij_nvwu,2,0,battle-assets/飞机/chargo__feij_nvwu,chargo/feij_nvwu
飞机,飞天斗鸡(鱼雷),feiji_3rd,1,0,battle-assets/飞机/chargo__feiji_3rd,chargo/feiji_3rd
飞机,绊爱技能轰炸机Lv1,feiji_ai_aijiang,2,0,battle-assets/飞机/chargo__feiji_ai_aijiang,chargo/feiji_ai_aijiang
飞机,【绊爱联动】空袭 鱼雷机,feiji_ai_gamer,2,0,battle-assets/飞机/chargo__feiji_ai_gamer,chargo/feiji_ai_gamer
飞机,【绊爱联动】空袭 战斗机,feiji_ai_perform,2,0,battle-assets/飞机/chargo__feiji_ai_perform,chargo/feiji_ai_perform
飞机,暗影啾飞机（鱼雷）,feiji_anyingjiu,1,0,battle-assets/飞机/chargo__feiji_anyingjiu,chargo/feiji_anyingjiu
飞机,白板飞机(鱼雷),feiji_baiban,2,0,battle-assets/飞机/chargo__feiji_baiban,chargo/feiji_baiban
飞机,白凤流星,feiji_baifeng,1,0,battle-assets/飞机/chargo__feiji_baifeng,chargo/feiji_baifeng
飞机,飞空城·白鹭(鱼雷),feiji_bailu,2,0,battle-assets/飞机/chargo__feiji_bailu,chargo/feiji_bailu
飞机,幻影之鹰(鱼雷),feiji_baiying,1,3,battle-assets/飞机/chargo__feiji_baiying,chargo/feiji_baiying
飞机,芭蕾舞裙啾(鱼雷),feiji_baleiwuqunjiu,2,0,battle-assets/飞机/chargo__feiji_baleiwuqunjiu,chargo/feiji_baleiwuqunjiu
飞机,滑轮椅飞机(鱼雷),feiji_bangongyi,2,0,battle-assets/飞机/chargo__feiji_bangongyi,chargo/feiji_bangongyi
飞机,半象飞机(鱼雷),feiji_banxiang,2,0,battle-assets/飞机/chargo__feiji_banxiang,chargo/feiji_banxiang
飞机,飞机:大包子(鱼雷),feiji_baozi,2,1,battle-assets/飞机/chargo__feiji_baozi,chargo/feiji_baozi
飞机,双层巴士(鱼雷),feiji_bashi,2,0,battle-assets/飞机/chargo__feiji_bashi,chargo/feiji_bashi
飞机,八音盒啾飞机（鱼雷）,feiji_bayinhejiu,2,6,battle-assets/飞机/chargo__feiji_bayinhejiu,chargo/feiji_bayinhejiu
飞机,贝贝金像飞机(鱼雷),feiji_beibeijinxiang,2,0,battle-assets/飞机/chargo__feiji_beibeijinxiang,chargo/feiji_beibeijinxiang
飞机,飞天贝斯啾(鱼雷),feiji_beisijiu,2,1,battle-assets/飞机/chargo__feiji_beisijiu,chargo/feiji_beisijiu
飞机,疾驰急救啾（鱼雷）,feiji_binchuang,2,0,battle-assets/飞机/chargo__feiji_binchuang,chargo/feiji_binchuang
飞机,伯爵啾(鱼雷),feiji_bojue,2,0,battle-assets/飞机/chargo__feiji_bojue,chargo/feiji_bojue
飞机,纪念城门(鱼雷),feiji_bolandengbaomen,2,1,battle-assets/飞机/chargo__feiji_bolandengbaomen,chargo/feiji_bolandengbaomen
飞机,威廉D波特 跨队自己飞,feiji_bote,1,0,battle-assets/飞机/chargo__feiji_bote,chargo/feiji_bote
飞机,迷之布偶(鱼雷),feiji_buou,2,0,battle-assets/飞机/chargo__feiji_buou,chargo/feiji_buou
飞机,【2021古立特联动活动】宝多六花支援武器-苍穹喷气飞机LV1,feiji_cangqiongpenqiji,2,0,battle-assets/飞机/chargo__feiji_cangqiongpenqiji,chargo/feiji_cangqiongpenqiji
飞机,乘务啾飞机（鱼雷）,feiji_chengwuyuan,2,0,battle-assets/飞机/chargo__feiji_chengwuyuan,chargo/feiji_chengwuyuan
飞机,列车头飞机（鱼雷）,feiji_chezhanhuochetou,2,0,battle-assets/飞机/chargo__feiji_chezhanhuochetou,chargo/feiji_chezhanhuochetou
飞机,冲锋舟飞机(鱼雷),feiji_chongfengzhou,2,0,battle-assets/飞机/chargo__feiji_chongfengzhou,chargo/feiji_chongfengzhou
飞机,飞天冲浪啾(鱼雷),feiji_chonglang,1,0,battle-assets/飞机/chargo__feiji_chonglang,chargo/feiji_chonglang
飞机,彩虹独角兽泳圈飞机(鱼雷),feiji_chongqidujiaoshou,2,0,battle-assets/飞机/chargo__feiji_chongqidujiaoshou,chargo/feiji_chongqidujiaoshou
飞机,充气海豚飞机(鱼雷),feiji_chongqihaitun,2,0,battle-assets/飞机/chargo__feiji_chongqihaitun,chargo/feiji_chongqihaitun
飞机,火烈鸟泳圈飞机(鱼雷),feiji_chongqihuolieniao,2,0,battle-assets/飞机/chargo__feiji_chongqihuolieniao,chargo/feiji_chongqihuolieniao
飞机,牛仔啾(鱼雷),feiji_cowboy,1,0,battle-assets/飞机/chargo__feiji_cowboy,chargo/feiji_cowboy
飞机,【2021古立特联动活动】梦芽支援武器-戴拿飞翼LV1,feiji_dainafeiyi,2,0,battle-assets/飞机/chargo__feiji_dainafeiyi,chargo/feiji_dainafeiyi
飞机,冰结傀儡的暴风（鱼雷机）,feiji_dal_bingjiekuilei,1,3,battle-assets/飞机/chargo__feiji_dal_bingjiekuilei,chargo/feiji_dal_bingjiekuilei
飞机,刻刻帝的齿轮（鱼雷机）,feiji_dal_kekedi,1,3,battle-assets/飞机/chargo__feiji_dal_kekedi,chargo/feiji_dal_kekedi
飞机,【2025约战联动L3角色支援】鸢一折纸 大批量舰载机,feiji_dal_rilunzhihuan,1,3,battle-assets/飞机/chargo__feiji_dal_rilunzhihuan,chargo/feiji_dal_rilunzhihuan
飞机,导游啾飞机（鱼雷）,feiji_daoyoujiu,2,0,battle-assets/飞机/chargo__feiji_daoyoujiu,chargo/feiji_daoyoujiu
飞机,金鲤灯影（鱼雷）,feiji_denglongyu,2,0,battle-assets/飞机/chargo__feiji_denglongyu,chargo/feiji_denglongyu
飞机,飞天啾啾雕像(鱼雷),feiji_diaoxiang,2,0,battle-assets/飞机/chargo__feiji_diaoxiang,chargo/feiji_diaoxiang
飞机,【2025曾克SP活动】航母轰炸机 Lv1,feiji_diezhan,2,0,battle-assets/飞机/chargo__feiji_diezhan,chargo/feiji_diezhan
飞机,【偶像活动通用】量产型航空母舰(μ) 轰炸机 Lv1,feiji_djtai,2,0,battle-assets/飞机/chargo__feiji_djtai,chargo/feiji_djtai
飞机,死亡主宰技能剑鱼,feiji_dm,1,3,battle-assets/飞机/chargo__feiji_dm,chargo/feiji_dm
飞机,女天狗沙排啾轰炸机Lv1,feiji_doa,1,0,battle-assets/飞机/chargo__feiji_doa,chargo/feiji_doa
飞机,超级折扣推车（鱼雷）,feiji_dongzhi,2,0,battle-assets/飞机/chargo__feiji_dongzhi,chargo/feiji_dongzhi
飞机,牛仔啾飞机(鱼雷),feiji_douniu,2,0,battle-assets/飞机/chargo__feiji_douniu,chargo/feiji_douniu
飞机,度假啾(鱼雷),feiji_dujiajiu,2,0,battle-assets/飞机/chargo__feiji_dujiajiu,chargo/feiji_dujiajiu
飞机,【2026DOA三期EX普通】BOSS 伊莉丝 常驻轰炸机,feiji_dujiajiu1,2,0,battle-assets/飞机/chargo__feiji_dujiajiu1,chargo/feiji_dujiajiu1
飞机,鹰酱飞机(鱼雷),feiji_eagle,1,0,battle-assets/飞机/chargo__feiji_eagle,chargo/feiji_eagle
飞机,【2026本宁顿活动A3】BOSS 情绪掠影航母 舰载机,feiji_emotion,1,0,battle-assets/飞机/chargo__feiji_emotion,chargo/feiji_emotion
飞机,拉神之子啾（鱼雷）,feiji_falao,2,0,battle-assets/飞机/chargo__feiji_falao,chargo/feiji_falao
飞机,帆船啾（鱼雷）,feiji_fanchuan,2,0,battle-assets/飞机/chargo__feiji_fanchuan,chargo/feiji_fanchuan
飞机,泛舟啾(鱼雷),feiji_fanzhou,2,1,battle-assets/飞机/chargo__feiji_fanzhou,chargo/feiji_fanzhou
飞机,飞翔暴君（鱼雷）,feiji_feijiqiu,2,0,battle-assets/飞机/chargo__feiji_feijiqiu,chargo/feiji_feijiqiu
飞机,【2025拉斐尔活动】我方支援弹幕 飞空艇 飞机,feiji_feikongchuan,2,0,battle-assets/飞机/chargo__feiji_feikongchuan,chargo/feiji_feikongchuan
飞机,【2024异世界冒险 剧情】独角兽 独角兽飞机,feiji_feitiandujiaoshou,2,1,battle-assets/飞机/chargo__feiji_feitiandujiaoshou,chargo/feiji_feitiandujiaoshou
飞机,飞天海盗船(鱼雷),feiji_feitianhaidaochuan,2,0,battle-assets/飞机/chargo__feiji_feitianhaidaochuan,chargo/feiji_feitianhaidaochuan
飞机,假面啾飞机（鱼雷）,feiji_feitianjiche,1,0,battle-assets/飞机/chargo__feiji_feitianjiche,chargo/feiji_feitianjiche
飞机,【2025医院活动ESP】BOSS 富兰克林&鹰 战斗机,feiji_feitianjiuyuanche,1,0,battle-assets/飞机/chargo__feiji_feitianjiuyuanche,chargo/feiji_feitianjiuyuanche
飞机,飞天马车(鱼雷),feiji_feitianmache,2,0,battle-assets/飞机/chargo__feiji_feitianmache,chargo/feiji_feitianmache
飞机,飞天汽车啾(鱼雷),feiji_feitianqiche,2,1,battle-assets/飞机/chargo__feiji_feitianqiche,chargo/feiji_feitianqiche
飞机,飞艇啾(鱼雷),feiji_feiting,2,0,battle-assets/飞机/chargo__feiji_feiting,chargo/feiji_feiting
飞机,“飞剑龙”式双翼无人机（鱼雷机）,feiji_fulici,1,0,battle-assets/飞机/chargo__feiji_fulici,chargo/feiji_fulici
飞机,【2025马塞纳活动B2】BOSS 阿尔比恩 鱼雷机,feiji_fulingqishi,2,0,battle-assets/飞机/chargo__feiji_fulingqishi,chargo/feiji_fulingqishi
飞机,飞天三角钢琴(鱼雷),feiji_gangqin,2,0,battle-assets/飞机/chargo__feiji_gangqin,chargo/feiji_gangqin
飞机,【2025医院活动ESP】BOSS 哈尔福德 战斗机,feiji_ghost2,2,0,battle-assets/飞机/chargo__feiji_ghost2,chargo/feiji_ghost2
飞机,贡多拉飞机(鱼雷),feiji_gongduola,1,0,battle-assets/飞机/chargo__feiji_gongduola,chargo/feiji_gongduola
飞机,超级折扣推车（鱼雷）,feiji_gouwucherifu,2,0,battle-assets/飞机/chargo__feiji_gouwucherifu,chargo/feiji_gouwucherifu
飞机,购物啾飞机（鱼雷）,feiji_gouwujiu,1,0,battle-assets/飞机/chargo__feiji_gouwujiu,chargo/feiji_gouwujiu
飞机,机车啾飞机（鱼雷）,feiji_guaidaojiu,1,0,battle-assets/飞机/chargo__feiji_guaidaojiu,chargo/feiji_guaidaojiu
飞机,白袍啾飞机（鱼雷）,feiji_guiguaijiu,1,1,battle-assets/飞机/chargo__feiji_guiguaijiu,chargo/feiji_guiguaijiu
飞机,飞天鼓手啾(鱼雷),feiji_gushoujiu,2,1,battle-assets/飞机/chargo__feiji_gushoujiu,chargo/feiji_gushoujiu
飞机,飞翔冒险船飞机(鱼雷),feiji_haidaochuan,2,0,battle-assets/飞机/chargo__feiji_haidaochuan,chargo/feiji_haidaochuan
飞机,【2024风帆二期】骸骨兽航母 飞鱼舰载机（快速冲底） Lv1,feiji_haigushou01,2,0,battle-assets/飞机/chargo__feiji_haigushou01,chargo/feiji_haigushou01
飞机,【2024风帆二期】（换皮）灵体骸骨兽航母 飞鱼舰载机（快速冲底） Lv1,feiji_haigushou02,2,0,battle-assets/飞机/chargo__feiji_haigushou02,chargo/feiji_haigushou02
飞机,航空舞台啾(鱼雷),feiji_hangkongwutai,1,0,battle-assets/飞机/chargo__feiji_hangkongwutai,chargo/feiji_hangkongwutai
飞机,超跑啾飞机（鱼雷）,feiji_haochejiu,1,0,battle-assets/飞机/chargo__feiji_haochejiu,chargo/feiji_haochejiu
飞机,红色沙发飞机(鱼雷),feiji_haohuashafa,2,0,battle-assets/飞机/chargo__feiji_haohuashafa,chargo/feiji_haohuashafa
飞机,【2026本宁顿活动B3】BOSS 噩梦结晶-「执棋型BHR」 轰炸机,feiji_haorenlichade_m,2,0,battle-assets/飞机/chargo__feiji_haorenlichade_m,chargo/feiji_haorenlichade_m
飞机,黑牌执事啾飞机（鱼雷）,feiji_heguanjiu,2,0,battle-assets/飞机/chargo__feiji_heguanjiu,chargo/feiji_heguanjiu
飞机,黑白旗啾飞机（鱼雷）,feiji_heibaiqihuangji,1,0,battle-assets/飞机/chargo__feiji_heibaiqihuangji,chargo/feiji_heibaiqihuangji
飞机,飞天旋转黑板(鱼雷),feiji_heiban,2,0,battle-assets/飞机/chargo__feiji_heiban,chargo/feiji_heiban
飞机,黑森林之钟(鱼雷),feiji_heisenlinzhon,1,0,battle-assets/飞机/chargo__feiji_heisenlinzhon,chargo/feiji_heisenlinzhon
飞机,feiji_heiwu,feiji_heiwu,2,0,battle-assets/飞机/chargo__feiji_heiwu,chargo/feiji_heiwu
飞机,河童飞机(鱼雷),feiji_hetong,2,0,battle-assets/飞机/chargo__feiji_hetong,chargo/feiji_hetong
飞机,沙滩花环啾（鱼雷）,feiji_huahuanjiu_doa,2,0,battle-assets/飞机/chargo__feiji_huahuanjiu_doa,chargo/feiji_huahuanjiu_doa
飞机,花精飞机(鱼雷),feiji_huajing,1,0,battle-assets/飞机/chargo__feiji_huajing,chargo/feiji_huajing
飞机,华丽扫帚(鱼雷),feiji_hualisaozhou,2,0,battle-assets/飞机/chargo__feiji_hualisaozhou,chargo/feiji_hualisaozhou
飞机,尼罗女皇啾（鱼雷）,feiji_huanghou,2,0,battle-assets/飞机/chargo__feiji_huanghou,chargo/feiji_huanghou
飞机,飞翔风帆舰飞机(鱼雷),feiji_huangjiachuan,2,0,battle-assets/飞机/chargo__feiji_huangjiachuan,chargo/feiji_huangjiachuan
飞机,啾相框飞机（鱼雷）,feiji_huangjixiangkuang,1,0,battle-assets/飞机/chargo__feiji_huangjixiangkuang,chargo/feiji_huangjixiangkuang
飞机,支援武器煌翼炎龙,feiji_huangyiyanlong,2,0,battle-assets/飞机/chargo__feiji_huangyiyanlong,chargo/feiji_huangyiyanlong
飞机,【2024阿尔萨斯活动B3】BOSS 旗风 第二波 辉光 辉光结晶飞机 冲底（血少）,feiji_huiguangzhihe,1,4,battle-assets/飞机/chargo__feiji_huiguangzhihe,chargo/feiji_huiguangzhihe
飞机,虎鲸骑士啾（鱼雷）,feiji_hujingjiu_doa,2,0,battle-assets/飞机/chargo__feiji_hujingjiu_doa,chargo/feiji_hujingjiu_doa
飞机,白上吹雪狐笋轰炸机Lv1,feiji_hulifeiji,2,0,battle-assets/飞机/chargo__feiji_hulifeiji,chargo/feiji_hulifeiji
飞机,转运锦鲤(鱼雷),feiji_hunianjinli,2,2,battle-assets/飞机/chargo__feiji_hunianjinli,chargo/feiji_hunianjinli
飞机,啾啾孔明灯(鱼雷),feiji_huniankongmingdeng,2,4,battle-assets/飞机/chargo__feiji_huniankongmingdeng,chargo/feiji_huniankongmingdeng
飞机,腾云仙鹤(鱼雷),feiji_hunianxianhe,1,0,battle-assets/飞机/chargo__feiji_hunianxianhe,chargo/feiji_hunianxianhe
飞机,【2024春节共斗 EX难度】关卡仙鹤飞机空袭 战斗机,feiji_hunianxianhe_small,1,0,battle-assets/飞机/chargo__feiji_hunianxianhe_small,chargo/feiji_hunianxianhe_small
飞机,火车啾(鱼雷),feiji_huoche,1,0,battle-assets/飞机/chargo__feiji_huoche,chargo/feiji_huoche
飞机,火车头飞机(鱼雷),feiji_huochetou,2,0,battle-assets/飞机/chargo__feiji_huochetou,chargo/feiji_huochetou
飞机,幻惑不死鸟(鱼雷),feiji_huoyanfenghuang,1,3,battle-assets/飞机/chargo__feiji_huoyanfenghuang,chargo/feiji_huoyanfenghuang
飞机,胡桃夹子骑士(鱼雷),feiji_hutaojiazi,2,0,battle-assets/飞机/chargo__feiji_hutaojiazi,chargo/feiji_hutaojiazi
飞机,星之啾啾(鱼雷),feiji_idolfeiji,1,0,battle-assets/飞机/chargo__feiji_idolfeiji,chargo/feiji_idolfeiji
飞机,【2025拉斐尔活动】撒丁尼亚联盟航空母舰 轰炸机 Lv1,feiji_jiaotang_white,2,0,battle-assets/飞机/chargo__feiji_jiaotang_white,chargo/feiji_jiaotang_white
飞机,飞天吉他啾(鱼雷),feiji_jitajiu,2,1,battle-assets/飞机/chargo__feiji_jitajiu,chargo/feiji_jitajiu
飞机,飞行酒吧啾(鱼雷),feiji_jiuba,2,0,battle-assets/飞机/chargo__feiji_jiuba,chargo/feiji_jiuba
飞机,【2024异世界冒险】魔法啾莱姆 轰炸机 Lv1,feiji_jiulaimu,2,0,battle-assets/飞机/chargo__feiji_jiulaimu,chargo/feiji_jiulaimu
飞机,地狱恶魔啾莱姆飞机（鱼雷）,feiji_jiulaimuemo,1,3,battle-assets/飞机/chargo__feiji_jiulaimuemo,chargo/feiji_jiulaimuemo
飞机,腐烂软泥啾莱姆飞机（鱼雷）,feiji_jiulaimuruanniguai,1,3,battle-assets/飞机/chargo__feiji_jiulaimuruanniguai,chargo/feiji_jiulaimuruanniguai
飞机,石像鬼啾莱姆飞机（鱼雷）,feiji_jiulaimushixianggui,1,3,battle-assets/飞机/chargo__feiji_jiulaimushixianggui,chargo/feiji_jiulaimushixianggui
飞机,【2026DOA三期活动】假日花船 航母战斗机 Lv1,feiji_jiushengquan,2,0,battle-assets/飞机/chargo__feiji_jiushengquan,chargo/feiji_jiushengquan
飞机,九尾飞机(鱼雷),feiji_jiuweihu,1,0,battle-assets/飞机/chargo__feiji_jiuweihu,chargo/feiji_jiuweihu
飞机,飞鸟川专武-巨大炎龙,feiji_judayanlong,1,3,battle-assets/飞机/chargo__feiji_judayanlong,chargo/feiji_judayanlong
飞机,巨阙飞剑飞机(鱼雷),feiji_juque,2,1,battle-assets/飞机/chargo__feiji_juque,chargo/feiji_juque
飞机,火焰巨龙飞机(鱼雷),feiji_juyanlong,1,4,battle-assets/飞机/chargo__feiji_juyanlong,chargo/feiji_juyanlong
飞机,火焰巨龙飞机(战斗),feiji_juyanlong1,1,4,battle-assets/飞机/chargo__feiji_juyanlong1,chargo/feiji_juyanlong1
飞机,火焰巨龙飞机(轰炸),feiji_juyanlong2,1,4,battle-assets/飞机/chargo__feiji_juyanlong2,chargo/feiji_juyanlong2
飞机,康康舞啾(鱼雷),feiji_kangkangwujiu,2,0,battle-assets/飞机/chargo__feiji_kangkangwujiu,chargo/feiji_kangkangwujiu
飞机,可可波(鱼雷),feiji_kekebo,2,0,battle-assets/飞机/chargo__feiji_kekebo,chargo/feiji_kekebo
飞机,迷之生物?(鱼雷),feiji_kelalin,1,0,battle-assets/飞机/chargo__feiji_kelalin,chargo/feiji_kelalin
飞机,矿车飞机(鱼雷),feiji_kuangche,2,0,battle-assets/飞机/chargo__feiji_kuangche,chargo/feiji_kuangche
飞机,飞机:牛肉面(鱼雷),feiji_lamian,2,1,battle-assets/飞机/chargo__feiji_lamian,chargo/feiji_lamian
飞机,雷神之怒(鱼雷),feiji_leiyun1,1,8,battle-assets/飞机/chargo__feiji_leiyun1,chargo/feiji_leiyun1
飞机,雷神之怒(战斗),feiji_leiyun2,1,8,battle-assets/飞机/chargo__feiji_leiyun2,chargo/feiji_leiyun2
飞机,雷神之怒(轰炸),feiji_leiyun3,1,8,battle-assets/飞机/chargo__feiji_leiyun3,chargo/feiji_leiyun3
飞机,蓝色之影（轰炸机）,feiji_liekexingduniihongzha,1,0,battle-assets/飞机/chargo__feiji_liekexingduniihongzha,chargo/feiji_liekexingduniihongzha
飞机,蓝色之影（鱼雷机）,feiji_liekexingduniiyulei,1,0,battle-assets/飞机/chargo__feiji_liekexingduniiyulei,chargo/feiji_liekexingduniiyulei
飞机,蓝色之影（战斗机）,feiji_liekexingduniizhandou,1,0,battle-assets/飞机/chargo__feiji_liekexingduniizhandou,chargo/feiji_liekexingduniizhandou
飞机,礼盒无人机飞机（鱼雷）,feiji_lihewurenji,1,0,battle-assets/飞机/chargo__feiji_lihewurenji,chargo/feiji_lihewurenji
飞机,病区铁笼飞机（鱼雷）,feiji_longzi,1,0,battle-assets/飞机/chargo__feiji_longzi,chargo/feiji_longzi
飞机,雀翎窥月飞机（鱼雷）,feiji_loukongchuanghu,1,0,battle-assets/飞机/chargo__feiji_loukongchuanghu,chargo/feiji_loukongchuanghu
飞机,飞行博物馆(鱼雷),feiji_lufugong,2,0,battle-assets/飞机/chargo__feiji_lufugong,chargo/feiji_lufugong
飞机,疾驰医生啾（鱼雷）,feiji_lunyi,2,0,battle-assets/飞机/chargo__feiji_lunyi,chargo/feiji_lunyi
飞机,【2025医院活动ESP】BOSS 富兰克林&鹰 轰炸机,feiji_lunyijiu,1,0,battle-assets/飞机/chargo__feiji_lunyijiu,chargo/feiji_lunyijiu
飞机,马车飞机(鱼雷),feiji_mache,2,0,battle-assets/飞机/chargo__feiji_mache,chargo/feiji_mache
飞机,锦绣小马灯飞机（鱼雷）,feiji_madeng,1,0,battle-assets/飞机/chargo__feiji_madeng,chargo/feiji_madeng
飞机,棋盘小马灯飞机（鱼雷）,feiji_madengqipan,1,0,battle-assets/飞机/chargo__feiji_madengqipan,chargo/feiji_madengqipan
飞机,招财小马灯飞机（鱼雷）,feiji_madengsuanpan,1,0,battle-assets/飞机/chargo__feiji_madengsuanpan,chargo/feiji_madengsuanpan
飞机,冒失女仆啾(鱼雷),feiji_manjiufuwuyuan,2,0,battle-assets/飞机/chargo__feiji_manjiufuwuyuan,chargo/feiji_manjiufuwuyuan
飞机,扫除女仆啾(鱼雷),feiji_manjiunvpu,2,0,battle-assets/飞机/chargo__feiji_manjiunvpu,chargo/feiji_manjiunvpu
飞机,外送女仆啾(鱼雷),feiji_manjiuwaimai,2,0,battle-assets/飞机/chargo__feiji_manjiuwaimai,chargo/feiji_manjiuwaimai
飞机,毛熊啾(鱼雷),feiji_maoxiong,2,0,battle-assets/飞机/chargo__feiji_maoxiong,chargo/feiji_maoxiong
飞机,星愿热气球飞机（鱼雷）,feiji_maxituanreqiqiu,2,2,battle-assets/飞机/chargo__feiji_maxituanreqiqiu,chargo/feiji_maxituanreqiqiu
飞机,梅花折扇飞机（鱼雷）,feiji_meihuazheshan,1,0,battle-assets/飞机/chargo__feiji_meihuazheshan,chargo/feiji_meihuazheshan
飞机,梦幻城堡飞机(鱼雷),feiji_menghuanchengbao,2,0,battle-assets/飞机/chargo__feiji_menghuanchengbao,chargo/feiji_menghuanchengbao
飞机,梦幻古堡啾(鱼雷),feiji_menghuangubao,2,0,battle-assets/飞机/chargo__feiji_menghuangubao,chargo/feiji_menghuangubao
飞机,魔法南瓜车(鱼雷),feiji_mofananguache,2,0,battle-assets/飞机/chargo__feiji_mofananguache,chargo/feiji_mofananguache
飞机,魔剑飞剑飞机(鱼雷),feiji_mojian,2,1,battle-assets/飞机/chargo__feiji_mojian,chargo/feiji_mojian
飞机,魔毯啾(鱼雷),feiji_motan,1,0,battle-assets/飞机/chargo__feiji_motan,chargo/feiji_motan
飞机,摩天轮飞机(鱼雷),feiji_motianlun,2,0,battle-assets/飞机/chargo__feiji_motianlun,chargo/feiji_motianlun
飞机,摩托天使（鱼雷）,feiji_motuo,2,0,battle-assets/飞机/chargo__feiji_motuo,chargo/feiji_motuo
飞机,喵喵摩托艇(鱼雷),feiji_motuoting,2,0,battle-assets/飞机/chargo__feiji_motuoting,chargo/feiji_motuoting
飞机,墨竹画卷飞机（鱼雷）,feiji_mozhuhuajuan,1,0,battle-assets/飞机/chargo__feiji_mozhuhuajuan,chargo/feiji_mozhuhuajuan
飞机,永生守卫啾（鱼雷）,feiji_munaiyi,2,0,battle-assets/飞机/chargo__feiji_munaiyi,chargo/feiji_munaiyi
飞机,乡间农夫啾（鱼雷）,feiji_nongfu,2,0,battle-assets/飞机/chargo__feiji_nongfu,chargo/feiji_nongfu
飞机,如月千早集束飞机Lv1,feiji_ouxiangfeiji,2,0,battle-assets/飞机/chargo__feiji_ouxiangfeiji,chargo/feiji_ouxiangfeiji
飞机,如月千早空艇Lv1,feiji_ouxiangfeiting,2,0,battle-assets/飞机/chargo__feiji_ouxiangfeiting,chargo/feiji_ouxiangfeiting
飞机,应援啾(鱼雷),feiji_ouxiangyingyuanjiu,1,0,battle-assets/飞机/chargo__feiji_ouxiangyingyuanjiu,chargo/feiji_ouxiangyingyuanjiu
飞机,培养罐飞机（鱼雷）,feiji_peiyangmin,1,0,battle-assets/飞机/chargo__feiji_peiyangmin,chargo/feiji_peiyangmin
飞机,荒野猎手（鱼雷）,feiji_penqiche,2,0,battle-assets/飞机/chargo__feiji_penqiche,chargo/feiji_penqiche
飞机,皮划艇啾（鱼雷）,feiji_pihuating,2,0,battle-assets/飞机/chargo__feiji_pihuating,chargo/feiji_pihuating
飞机,苹果糖摊(鱼雷),feiji_pingguotang,2,0,battle-assets/飞机/chargo__feiji_pingguotang,chargo/feiji_pingguotang
飞机,蒲公英(鱼雷),feiji_pugongying,1,0,battle-assets/飞机/chargo__feiji_pugongying,chargo/feiji_pugongying
飞机,飞天潜水啾(鱼雷),feiji_qianshui,2,0,battle-assets/飞机/chargo__feiji_qianshui,chargo/feiji_qianshui
飞机,巧克力香蕉摊(鱼雷),feiji_qiaokelixiangjiao,2,0,battle-assets/飞机/chargo__feiji_qiaokelixiangjiao,chargo/feiji_qiaokelixiangjiao
飞机,齐柏林空艇Lv1,feiji_qibolinfeiting,2,0,battle-assets/飞机/chargo__feiji_qibolinfeiting,chargo/feiji_qibolinfeiting
飞机,沙滩气垫啾（鱼雷）,feiji_qidianjiu_doa,2,1,battle-assets/飞机/chargo__feiji_qidianjiu_doa,chargo/feiji_qidianjiu_doa
飞机,骑马啾(鱼雷),feiji_qima,2,0,battle-assets/飞机/chargo__feiji_qima,chargo/feiji_qima
飞机,牛牛啾(鱼雷),feiji_qiniu,2,0,battle-assets/飞机/chargo__feiji_qiniu,chargo/feiji_qiniu
飞机,汪汪气球飞机（鱼雷）,feiji_qiqiugou,2,2,battle-assets/飞机/chargo__feiji_qiqiugou,chargo/feiji_qiqiugou
飞机,忍兔飞机(鱼雷),feiji_rentu,2,0,battle-assets/飞机/chargo__feiji_rentu,chargo/feiji_rentu
飞机,皇家热气球(鱼雷),feiji_reqiqiu,2,0,battle-assets/飞机/chargo__feiji_reqiqiu,chargo/feiji_reqiqiu
飞机,赛车啾飞机（鱼雷）,feiji_saichejiu,1,0,battle-assets/飞机/chargo__feiji_saichejiu,chargo/feiji_saichejiu
飞机,桑巴舞啾(鱼雷),feiji_sangbawujiu,2,0,battle-assets/飞机/chargo__feiji_sangbawujiu,chargo/feiji_sangbawujiu
飞机,先锋无人机（鱼雷机）,feiji_saomiao,1,0,battle-assets/飞机/chargo__feiji_saomiao,chargo/feiji_saomiao
飞机,扫晴娘(鱼雷),feiji_saoqingniang,1,0,battle-assets/飞机/chargo__feiji_saoqingniang,chargo/feiji_saoqingniang
飞机,乡间少女啾（鱼雷）,feiji_shaonv,2,0,battle-assets/飞机/chargo__feiji_shaonv,chargo/feiji_shaonv
飞机,沙排啾(鱼雷),feiji_shapaijiu,2,0,battle-assets/飞机/chargo__feiji_shapaijiu,chargo/feiji_shapaijiu
飞机,神轿啾(鱼雷),feiji_shenjiaojiu,2,0,battle-assets/飞机/chargo__feiji_shenjiaojiu,chargo/feiji_shenjiaojiu
飞机,恶毒μ神圣天使轰炸机Lv1,feiji_shenshengtianshi,1,0,battle-assets/飞机/chargo__feiji_shenshengtianshi,chargo/feiji_shenshengtianshi
飞机,摄影屏飞机（鱼雷）,feiji_sheyingdaping,1,0,battle-assets/飞机/chargo__feiji_sheyingdaping,chargo/feiji_sheyingdaping
飞机,【2022异世界勇者】带魔王 史莱姆浮游炮1,feiji_shilaimu,1,0,battle-assets/飞机/chargo__feiji_shilaimu,chargo/feiji_shilaimu
飞机,【2025马塞纳活动A2】BOSS 贝劳森林 轰炸机,feiji_shimoshilaimu,2,0,battle-assets/飞机/chargo__feiji_shimoshilaimu,chargo/feiji_shimoshilaimu
飞机,侠影守望啾（鱼雷）,feiji_shiweijiu,2,0,battle-assets/飞机/chargo__feiji_shiweijiu,chargo/feiji_shiweijiu
飞机,石像鬼啾(鱼雷),feiji_shixianggui,1,0,battle-assets/飞机/chargo__feiji_shixianggui,chargo/feiji_shixianggui
飞机,蛋糕女仆啾飞机（鱼雷）,feiji_shizhejiu,2,0,battle-assets/飞机/chargo__feiji_shizhejiu,chargo/feiji_shizhejiu
飞机,夜诊病床飞机（鱼雷）,feiji_shoushuchuang,1,0,battle-assets/飞机/chargo__feiji_shoushuchuang,chargo/feiji_shoushuchuang
飞机,支援武器SOUNDLATH,feiji_soundlath,1,0,battle-assets/飞机/chargo__feiji_soundlath,chargo/feiji_soundlath
飞机,【2021古立特联动活动TSS5】BOSS 第二代 战舰召唤,feiji_soundlath_boss,1,0,battle-assets/飞机/chargo__feiji_soundlath_boss,chargo/feiji_soundlath_boss
飞机,超人啾(鱼雷),feiji_super,1,0,battle-assets/飞机/chargo__feiji_super,chargo/feiji_super
飞机,太阳气球飞机（鱼雷）,feiji_taiyangqiqiu,1,0,battle-assets/飞机/chargo__feiji_taiyangqiqiu,chargo/feiji_taiyangqiqiu
飞机,拜年啾(鱼雷),feiji_tangzhuang,2,2,battle-assets/飞机/chargo__feiji_tangzhuang,chargo/feiji_tangzhuang
飞机,脱逃啾(鱼雷),feiji_taoyu,2,0,battle-assets/飞机/chargo__feiji_taoyu,chargo/feiji_taoyu
飞机,空中特工啾玩偶(鱼雷),feiji_tegongjiu,2,0,battle-assets/飞机/chargo__feiji_tegongjiu,chargo/feiji_tegongjiu
飞机,【2026云龙SP活动】航母轰炸机 Lv1,feiji_tegongtu,2,0,battle-assets/飞机/chargo__feiji_tegongtu,chargo/feiji_tegongtu
飞机,空中特工熊玩偶(鱼雷),feiji_tegongxiong,2,0,battle-assets/飞机/chargo__feiji_tegongxiong,chargo/feiji_tegongxiong
飞机,【2024天城航母活动B】我方支援弹幕 苍红之炎 飞机,feiji_tianchenghongzha,1,0,battle-assets/飞机/chargo__feiji_tianchenghongzha,chargo/feiji_tianchenghongzha
飞机,凤凰式神（鱼雷机）,feiji_tianchengyulei,1,0,battle-assets/飞机/chargo__feiji_tianchengyulei,chargo/feiji_tianchengyulei
飞机,凤凰式神（战斗机）,feiji_tianchengzhandou,1,0,battle-assets/飞机/chargo__feiji_tianchengzhandou,chargo/feiji_tianchengzhandou
飞机,天鹅啾(鱼雷),feiji_tiane,1,0,battle-assets/飞机/chargo__feiji_tiane,chargo/feiji_tiane
飞机,天狗啾(鱼雷),feiji_tiangoujuu,1,0,battle-assets/飞机/chargo__feiji_tiangoujuu,chargo/feiji_tiangoujuu
飞机,天使啾(鱼雷),feiji_tianshijiu,1,0,battle-assets/飞机/chargo__feiji_tianshijiu,chargo/feiji_tianshijiu
飞机,天使啾莱姆舰载机(鱼雷),feiji_tianshishilaimu,2,0,battle-assets/飞机/chargo__feiji_tianshishilaimu,chargo/feiji_tianshishilaimu
飞机,【偶像活动通用】航母人形 鱼雷机 Lv1,feiji_tiaojiutai,2,0,battle-assets/飞机/chargo__feiji_tiaojiutai,chargo/feiji_tiaojiutai
飞机,皇家铁塔(鱼雷),feiji_tieta,2,0,battle-assets/飞机/chargo__feiji_tieta,chargo/feiji_tieta
飞机,【2024tolove联动TTL2】BOSS 复制体航母 浮游炮,feiji_tolove_feichuan,2,0,battle-assets/飞机/chargo__feiji_tolove_feichuan,chargo/feiji_tolove_feichuan
飞机,【2024tolove联动 剧情战】唯 鱼雷机,feiji_tolove_feidie,2,0,battle-assets/飞机/chargo__feiji_tolove_feidie,chargo/feiji_tolove_feidie
飞机,【2024tolove联动 剧情战】唯 战斗机,feiji_tolove_lunadike,2,0,battle-assets/飞机/chargo__feiji_tolove_lunadike,chargo/feiji_tolove_lunadike
飞机,飞机:铜火锅(鱼雷),feiji_tonghuoguo,2,1,battle-assets/飞机/chargo__feiji_tonghuoguo,chargo/feiji_tonghuoguo
飞机,童心气球飞机(鱼雷),feiji_tongxinqiqiu,2,0,battle-assets/飞机/chargo__feiji_tongxinqiqiu,chargo/feiji_tongxinqiqiu
飞机,童心纸飞机(鱼雷),feiji_tongxinzhifeiji,1,0,battle-assets/飞机/chargo__feiji_tongxinzhifeiji,chargo/feiji_tongxinzhifeiji
飞机,童心竹蜻蜓(鱼雷),feiji_tongxinzhuqingting,1,0,battle-assets/飞机/chargo__feiji_tongxinzhuqingting,chargo/feiji_tongxinzhuqingting
飞机,粉粉兔耳啾飞机（鱼雷）,feiji_tuerjiu,2,0,battle-assets/飞机/chargo__feiji_tuerjiu,chargo/feiji_tuerjiu
飞机,疾驰护士啾（鱼雷）,feiji_tuiche,2,0,battle-assets/飞机/chargo__feiji_tuiche,chargo/feiji_tuiche
飞机,【量产型】未知X拟态-航母舰载机（飞机弹幕很弱但高频率冲底） Lv1,feiji_unknownv01,2,0,battle-assets/飞机/chargo__feiji_unknownv01,chargo/feiji_unknownv01
飞机,【量产型】未知X结晶-航母舰载机（随时间推移加快发射频率） Lv1,feiji_unknownv02,2,0,battle-assets/飞机/chargo__feiji_unknownv02,chargo/feiji_unknownv02
飞机,【量产型】未知X拟态II类-航母舰载机 Lv1,feiji_unknownv03,2,0,battle-assets/飞机/chargo__feiji_unknownv03,chargo/feiji_unknownv03
飞机,噗哟余(鱼雷),feiji_vtuber1,1,0,battle-assets/飞机/chargo__feiji_vtuber1,chargo/feiji_vtuber1
飞机,大神澪技能鱼雷机Lv1,feiji_vtuber2,1,0,battle-assets/飞机/chargo__feiji_vtuber2,chargo/feiji_vtuber2
飞机,微风仙子飞机(鱼雷),feiji_weifengxianzi,1,0,battle-assets/飞机/chargo__feiji_weifengxianzi,chargo/feiji_weifengxianzi
飞机,微光灵者飞机(鱼雷),feiji_weiguanglingzhe,1,0,battle-assets/飞机/chargo__feiji_weiguanglingzhe,chargo/feiji_weiguanglingzhe
飞机,坠星机LV1,feiji_weixingbanwu,1,0,battle-assets/飞机/chargo__feiji_weixingbanwu,chargo/feiji_weixingbanwu
飞机,舞狮啾(鱼雷),feiji_wushi,2,0,battle-assets/飞机/chargo__feiji_wushi,chargo/feiji_wushi
飞机,舞台飞行器(鱼雷),feiji_wutai,2,0,battle-assets/飞机/chargo__feiji_wutai,chargo/feiji_wutai
飞机,定安戊型水上机Lv1,feiji_wuxing,2,0,battle-assets/飞机/chargo__feiji_wuxing,chargo/feiji_wuxing
飞机,飞天香蕉船(鱼雷),feiji_xiangjiaochuan,2,0,battle-assets/飞机/chargo__feiji_xiangjiaochuan,chargo/feiji_xiangjiaochuan
飞机,像素天雷(鱼雷),feiji_xiangsutianlei,1,2,battle-assets/飞机/chargo__feiji_xiangsutianlei,chargo/feiji_xiangsutianlei
飞机,霓裳羽衣啾（鱼雷）,feiji_xiannvjiu,2,0,battle-assets/飞机/chargo__feiji_xiannvjiu,chargo/feiji_xiannvjiu
飞机,显示器飞机(鱼雷),feiji_xianshiqi,2,0,battle-assets/飞机/chargo__feiji_xianshiqi,chargo/feiji_xianshiqi
飞机,小摩托飞机(鱼雷),feiji_xiaomotuo,2,0,battle-assets/飞机/chargo__feiji_xiaomotuo,chargo/feiji_xiaomotuo
飞机,斜塔飞机(鱼雷),feiji_xieta,2,0,battle-assets/飞机/chargo__feiji_xieta,chargo/feiji_xieta
飞机,手绘爱心飞机(鱼雷),feiji_xintiao,1,3,battle-assets/飞机/chargo__feiji_xintiao,chargo/feiji_xintiao
飞机,午夜蝙影啾飞机(鱼雷),feiji_xixuegui,2,0,battle-assets/飞机/chargo__feiji_xixuegui,chargo/feiji_xixuegui
飞机,轩辕飞剑飞机(鱼雷),feiji_xuanyuan,2,1,battle-assets/飞机/chargo__feiji_xuanyuan,chargo/feiji_xuanyuan
飞机,旋转木马飞机(鱼雷),feiji_xuanzhuanmuma,2,0,battle-assets/飞机/chargo__feiji_xuanzhuanmuma,chargo/feiji_xuanzhuanmuma
飞机,雪女飞机(鱼雷),feiji_xuenv,2,0,battle-assets/飞机/chargo__feiji_xuenv,chargo/feiji_xuenv
飞机,鳐鱼飞机(鱼雷),feiji_yaoyu,1,0,battle-assets/飞机/chargo__feiji_yaoyu,chargo/feiji_yaoyu
飞机,南瓜车飞机(鱼雷),feiji_yaoyuehuache,2,0,battle-assets/飞机/chargo__feiji_yaoyuehuache,chargo/feiji_yaoyuehuache
飞机,啾啾专机(鱼雷),feiji_yingyuanfeiji,2,0,battle-assets/飞机/chargo__feiji_yingyuanfeiji,chargo/feiji_yingyuanfeiji
飞机,激奏热气球(鱼雷),feiji_yingyuanreqiqiu,2,0,battle-assets/飞机/chargo__feiji_yingyuanreqiqiu,chargo/feiji_yingyuanreqiqiu
飞机,啾海报飞机（鱼雷）,feiji_yishuhaibao,2,0,battle-assets/飞机/chargo__feiji_yishuhaibao,chargo/feiji_yishuhaibao
飞机,【2025马塞纳活动A2】BOSS 贝劳森林 战斗机,feiji_youhunshilaimu,2,0,battle-assets/飞机/chargo__feiji_youhunshilaimu,chargo/feiji_youhunshilaimu
飞机,幽灵使者飞机(鱼雷),feiji_youlin,2,0,battle-assets/飞机/chargo__feiji_youlin,chargo/feiji_youlin
飞机,飞翔幽灵船飞机(鱼雷),feiji_youlingchuan,2,0,battle-assets/飞机/chargo__feiji_youlingchuan,chargo/feiji_youlingchuan
飞机,冰雪幽灵船飞机（鱼雷）,feiji_youlingchuanlan,1,1,battle-assets/飞机/chargo__feiji_youlingchuanlan,chargo/feiji_youlingchuanlan
飞机,深海幽灵船飞机（鱼雷）,feiji_youlingchuanlv,1,1,battle-assets/飞机/chargo__feiji_youlingchuanlv,chargo/feiji_youlingchuanlv
飞机,迷雾幽灵船飞机（鱼雷）,feiji_youlingchuanzi,1,1,battle-assets/飞机/chargo__feiji_youlingchuanzi,chargo/feiji_youlingchuanzi
飞机,【2024异世界冒险P1】BOSS 亚德（异世界） 幽灵法师飞机,feiji_youlingfashi,1,0,battle-assets/飞机/chargo__feiji_youlingfashi,chargo/feiji_youlingfashi
飞机,【2026虎UR活动B2】BOSS 光辉 第二波 轰炸机,feiji_youlingjiu,1,3,battle-assets/飞机/chargo__feiji_youlingjiu,chargo/feiji_youlingjiu
飞机,幽灵南瓜车(鱼雷),feiji_youlingnanguache,1,0,battle-assets/飞机/chargo__feiji_youlingnanguache,chargo/feiji_youlingnanguache
飞机,油纸伞啾(鱼雷),feiji_youzhisan,1,0,battle-assets/飞机/chargo__feiji_youzhisan,chargo/feiji_youzhisan
飞机,浴缸飞机(鱼雷),feiji_yugang,2,0,battle-assets/飞机/chargo__feiji_yugang,chargo/feiji_yugang
飞机,追缉啾(鱼雷),feiji_yujing,2,0,battle-assets/飞机/chargo__feiji_yujing,chargo/feiji_yujing
飞机,海蓝暗影舰载机（鱼雷）,feiji_yumia_anying,1,3,battle-assets/飞机/chargo__feiji_yumia_anying,chargo/feiji_yumia_anying
飞机,百万光彩舰载机（鱼雷）,feiji_yumia_guangcai,1,3,battle-assets/飞机/chargo__feiji_yumia_guangcai,chargo/feiji_yumia_guangcai
飞机,炽焰蝾螈舰载机（鱼雷）,feiji_yumia_rongyuan,1,3,battle-assets/飞机/chargo__feiji_yumia_rongyuan,chargo/feiji_yumia_rongyuan
飞机,云中粉樱飞机（鱼雷）,feiji_yunzhonghongying,1,0,battle-assets/飞机/chargo__feiji_yunzhonghongying,chargo/feiji_yunzhonghongying
飞机,云中金桂飞机（鱼雷）,feiji_yunzhongjingui,1,0,battle-assets/飞机/chargo__feiji_yunzhongjingui,chargo/feiji_yunzhongjingui
飞机,云中青松飞机（鱼雷）,feiji_yunzhongqinsong,1,0,battle-assets/飞机/chargo__feiji_yunzhongqinsong,chargo/feiji_yunzhongqinsong
飞机,帐篷飞机(鱼雷),feiji_zhangpeng,2,0,battle-assets/飞机/chargo__feiji_zhangpeng,chargo/feiji_zhangpeng
飞机,章鱼烧摊(鱼雷),feiji_zhangyushao,2,0,battle-assets/飞机/chargo__feiji_zhangyushao,chargo/feiji_zhangyushao
飞机,纸鸢啾(鱼雷),feiji_zhiyuan,1,0,battle-assets/飞机/chargo__feiji_zhiyuan,chargo/feiji_zhiyuan
飞机,珠宝啾飞机（鱼雷）,feiji_zhubaojiu,1,0,battle-assets/飞机/chargo__feiji_zhubaojiu,chargo/feiji_zhubaojiu
飞机,小猪超人？！(鱼雷),feiji_zhuchaoren,2,0,battle-assets/飞机/chargo__feiji_zhuchaoren,chargo/feiji_zhuchaoren
飞机,气球小猪(鱼雷),feiji_zhuqiqiu,2,0,battle-assets/飞机/chargo__feiji_zhuqiqiu,chargo/feiji_zhuqiqiu
飞机,雪云小猪(鱼雷),feiji_zhuyun,2,0,battle-assets/飞机/chargo__feiji_zhuyun,chargo/feiji_zhuyun
飞机,猪猪蚊香(鱼雷),feiji_zhuzhuwenxiang,2,0,battle-assets/飞机/chargo__feiji_zhuzhuwenxiang,chargo/feiji_zhuzhuwenxiang
飞机,啾啾自行车(鱼雷),feiji_zixingche,2,0,battle-assets/飞机/chargo__feiji_zixingche,chargo/feiji_zixingche
飞机,飞龙,feilong,2,0,battle-assets/飞机/chargo__feilong,chargo/feilong
飞机,林间花环啾（鱼雷）,feji_senlinshaonv,2,0,battle-assets/飞机/chargo__feji_senlinshaonv,chargo/feji_senlinshaonv
飞机,Fi-167舰载鱼雷机,fi167,2,0,battle-assets/飞机/chargo__fi167,chargo/fi167
飞机,金狮 定点空袭,fktv,2,0,battle-assets/飞机/chargo__fktv,chargo/fktv
飞机,科隆改直升机Lv1,fl-282,3,0,battle-assets/飞机/chargo__fl-282,chargo/fl-282
飞机,【大舰队北方商路BOSS】测试者 浮游炮,fuyoupao,2,1,battle-assets/飞机/chargo__fuyoupao,chargo/fuyoupao
飞机,【大舰队米德维BOSS】执棋者 浮游炮1,fuyoupao2,2,0,battle-assets/飞机/chargo__fuyoupao2,chargo/fuyoupao2
飞机,貉-实例化-塞壬浮游炮-LV1,fuyoupao3,2,1,battle-assets/飞机/chargo__fuyoupao3,chargo/fuyoupao3
飞机,【精英】执棋者IV型 浮游炮 I,fuyoupao4,2,1,battle-assets/飞机/chargo__fuyoupao4,chargo/fuyoupao4
飞机,【大世界】深渊BOSS航母_p2_环绕浮游炮形态1,fuyoupao_shenyuan1,2,1,battle-assets/飞机/chargo__fuyoupao_shenyuan1,chargo/fuyoupao_shenyuan1
飞机,试作型舰载FW-190 A-5,fw190a5,2,0,battle-assets/飞机/chargo__fw190a5,chargo/fw190a5
飞机,试作舰载型FW-190 A-6/R6,fw190a6,2,0,battle-assets/飞机/chargo__fw190a6,chargo/fw190a6
飞机,FW-190 F-8/U2,fw190f8,2,0,battle-assets/飞机/chargo__fw190f8,chargo/fw190f8
飞机,试作舰载型FW-190 G-3/R1,fw190g3,2,0,battle-assets/飞机/chargo__fw190g3,chargo/fw190g3
飞机,默认撒丁战斗机,g50,2,0,battle-assets/飞机/chargo__g50,chargo/g50
飞机,【2022意大利活动】通用战斗机 I,ghostfeiji,2,0,battle-assets/飞机/chargo__ghostfeiji,chargo/ghostfeiji
飞机,默认鸢尾战斗机,gl2,2,0,battle-assets/飞机/chargo__gl2,chargo/gl2
飞机,伊25技能零侦LV1,glen,2,0,battle-assets/飞机/chargo__glen,chargo/glen
飞机,新条茜-instance-特殊飞机 Lv1,gulite_feiji,2,0,battle-assets/飞机/chargo__gulite_feiji,chargo/gulite_feiji
飞机,海豹轰炸机,haibao_hongzha,1,0,battle-assets/飞机/chargo__haibao_hongzha,chargo/haibao_hongzha
飞机,海豹鱼雷机,haibao_yulei,1,0,battle-assets/飞机/chargo__haibao_yulei,chargo/haibao_yulei
飞机,海大黄蜂,haidahuangfeng,2,0,battle-assets/飞机/chargo__haidahuangfeng,chargo/haidahuangfeng
飞机,海斗士,haidoushi,2,0,battle-assets/飞机/chargo__haidoushi,chargo/haidoushi
飞机,海毒牙,haiduya,2,0,battle-assets/飞机/chargo__haiduya,chargo/haiduya
飞机,海飓风,haijufeng,2,0,battle-assets/飞机/chargo__haijufeng,chargo/haijufeng
飞机,海怒,hainu,2,0,battle-assets/飞机/chargo__hainu,chargo/hainu
飞机,默认皇家战斗机,haipenhuo,2,0,battle-assets/飞机/chargo__haipenhuo,chargo/haipenhuo
飞机,海喷火FR.47,haipenhuofr47,2,0,battle-assets/飞机/chargo__haipenhuofr47,chargo/haipenhuofr47
飞机,海燕,haiyan,2,0,battle-assets/飞机/chargo__haiyan,chargo/haiyan
飞机,He-50b舰载轰炸机,he50b,2,0,battle-assets/飞机/chargo__he50b,chargo/he50b
飞机,彗星,huixing,2,0,battle-assets/飞机/chargo__huixing,chargo/huixing
飞机,彗星一二型甲,huixing12jia,2,0,battle-assets/飞机/chargo__huixing12jia,chargo/huixing12jia
飞机,彗星二一型,huixing21,2,0,battle-assets/飞机/chargo__huixing21,chargo/huixing21
飞机,火把,huoba,2,0,battle-assets/飞机/chargo__huoba,chargo/huoba
飞机,火冠,huoguan,2,0,battle-assets/飞机/chargo__huoguan,chargo/huoguan
飞机,【2021岛风活动剧情】BOSS 白龙 特殊航空弹幕 天雷轰炸机,huoyanshishen,2,4,battle-assets/飞机/chargo__huoyanshishen,chargo/huoyanshishen
飞机,I-15,i15,2,0,battle-assets/飞机/chargo__i15,chargo/i15
飞机,默认皇家鱼雷机,jianyu,2,0,battle-assets/飞机/chargo__jianyu,chargo/jianyu
飞机,剑鱼(818中队),jianyu810,2,0,battle-assets/飞机/chargo__jianyu810,chargo/jianyu810
飞机,追赶者剑鱼 Lv1,jianyu816,2,0,battle-assets/飞机/chargo__jianyu816,chargo/jianyu816
飞机,剑鱼Mark.II-ASV,jianyuasv,2,0,battle-assets/飞机/chargo__jianyuasv,chargo/jianyuasv
飞机,Ju-87C俯冲轰炸机T1,ju87c,2,0,battle-assets/飞机/chargo__ju87c,chargo/ju87c
飞机,Ju-87 D-4,ju87d4,2,0,battle-assets/飞机/chargo__ju87d4,chargo/ju87d4
飞机,德系陆航轰炸机I,ju88a,2,0,battle-assets/飞机/chargo__ju88a,chargo/ju88a
飞机,【2026莫斯科UR活动】东煌风味 航母战斗机 Lv1,kezhan_feiji01,2,1,battle-assets/飞机/chargo__kezhan_feiji01,chargo/kezhan_feiji01
飞机,【2026莫斯科UR活动】东煌风味 航母轰炸机 Lv1,kezhan_feiji02,2,1,battle-assets/飞机/chargo__kezhan_feiji02,chargo/kezhan_feiji02
飞机,试作舰载型La-9,la9,2,0,battle-assets/飞机/chargo__la9,chargo/la9
飞机,late299,late299,2,0,battle-assets/飞机/chargo__late299,chargo/late299
飞机,LBSh攻击机,lbsh,2,0,battle-assets/飞机/chargo__lbsh,chargo/lbsh
飞机,LGL.32,lgl32,2,0,battle-assets/飞机/chargo__lgl32,chargo/lgl32
飞机,烈风,liefeng,2,0,battle-assets/飞机/chargo__liefeng,chargo/liefeng
飞机,筑摩水上机Lv1,lingshishuizhen,2,0,battle-assets/飞机/chargo__lingshishuizhen,chargo/lingshishuizhen
飞机,零战二一型,lingzhan21,2,0,battle-assets/飞机/chargo__lingzhan21,chargo/lingzhan21
飞机,日系舰载战斗机I,lingzhan21gai,2,0,battle-assets/飞机/chargo__lingzhan21gai,chargo/lingzhan21gai
飞机,零战三二型,lingzhan32,2,0,battle-assets/飞机/chargo__lingzhan32,chargo/lingzhan32
飞机,零战五二型,lingzhan52,2,0,battle-assets/飞机/chargo__lingzhan52,chargo/lingzhan52
飞机,流星,liuxing,2,0,battle-assets/飞机/chargo__liuxing,chargo/liuxing
飞机,流星改,liuxing_g,2,0,battle-assets/飞机/chargo__liuxing_g,chargo/liuxing_g
飞机,霞飞鱼雷机弹幕Lv1,ln401,2,0,battle-assets/飞机/chargo__ln401,chargo/ln401
飞机,LN.401,ln401e,2,0,battle-assets/飞机/chargo__ln401e,chargo/ln401e
飞机,小海豹鱼雷机,mantou_feiji,1,0,battle-assets/飞机/chargo__mantou_feiji,chargo/mantou_feiji
飞机,Me-155A舰载战斗机T1,me155a,2,0,battle-assets/飞机/chargo__me155a,chargo/me155a
飞机,宝石枪雨LV0,nep_green,2,0,battle-assets/飞机/chargo__nep_green,chargo/nep_green
飞机,【量产型】大洋联邦-喷气式舰载机 I,ofs_penqishifeiji,2,0,battle-assets/飞机/chargo__ofs_penqishifeiji,chargo/ofs_penqishifeiji
飞机,【量产型】大洋联邦-中小型舰船悬浮无人机 I,ofs_xuanfufeiji,2,0,battle-assets/飞机/chargo__ofs_xuanfufeiji,chargo/ofs_xuanfufeiji
飞机,【量产型】大洋联邦-快速冲底自爆无人机 I,ofs_zibaofeiji,2,0,battle-assets/飞机/chargo__ofs_zibaofeiji,chargo/ofs_zibaofeiji
飞机,库珀反潜PBY-Lv1,pby,2,0,battle-assets/飞机/chargo__pby,chargo/pby
飞机,像素轰炸机,pixel_hongzhaji,2,0,battle-assets/飞机/chargo__pixel_hongzhaji,chargo/pixel_hongzhaji
飞机,像素鱼雷机,pixel_yuleiji,2,0,battle-assets/飞机/chargo__pixel_yuleiji,chargo/pixel_yuleiji
飞机,像素战斗机,pixel_zhandouji,2,0,battle-assets/飞机/chargo__pixel_zhandouji,chargo/pixel_zhandouji
飞机,pl10,pl10,2,0,battle-assets/飞机/chargo__pl10,chargo/pl10
飞机,默认鸢尾鱼雷机,pl7,2,0,battle-assets/飞机/chargo__pl7,chargo/pl7
飞机,教科书飞机(鱼雷),plane_book,2,0,battle-assets/飞机/chargo__plane_book,chargo/plane_book
飞机,【2024幼儿园活动 普通】BOSS 航母石膏喵  轰炸纸飞机,plane_sakura,2,0,battle-assets/飞机/chargo__plane_sakura,chargo/plane_sakura
飞机,【2022愚人节】金布里鱼雷机,plane_zhifeiji,2,0,battle-assets/飞机/chargo__plane_zhifeiji,chargo/plane_zhifeiji
飞机,默认北联战斗机,pt1,2,0,battle-assets/飞机/chargo__pt1,chargo/pt1
飞机,强风,qiangfeng,2,0,battle-assets/飞机/chargo__qiangfeng,chargo/qiangfeng
飞机,【战术研修】【关卡飞机】空袭鱼雷机,qibolin,2,0,battle-assets/飞机/chargo__qibolin,chargo/qibolin
飞机,青花鱼,qinghuayu,2,0,battle-assets/飞机/chargo__qinghuayu,chargo/qinghuayu
飞机,晴岚,qinglan,2,0,battle-assets/飞机/chargo__qinglan,chargo/qinglan
飞机,旗鱼,qiyu,2,0,battle-assets/飞机/chargo__qiyu,chargo/qiyu
飞机,R-5轰炸机,r5,2,0,battle-assets/飞机/chargo__r5,chargo/r5
飞机,默认撒丁鱼雷机,re2001,2,0,battle-assets/飞机/chargo__re2001,chargo/re2001
飞机,默认潜母水侦,ruiyun,2,0,battle-assets/飞机/chargo__ruiyun,chargo/ruiyun
飞机,【2023克莱蒙梭活动】剧情战 美系支援飞机 战斗机,sairenboss17_pao1,1,0,battle-assets/飞机/chargo__sairenboss17_pao1,chargo/sairenboss17_pao1
飞机,【2023克莱蒙梭活动】剧情战 美系支援飞机 鱼雷机,sairenboss17_pao2,1,0,battle-assets/飞机/chargo__sairenboss17_pao2,chargo/sairenboss17_pao2
飞机,量产型塞壬航母IV型轰炸机T1 (飞机 I,sairenfeiji_6,2,0,battle-assets/飞机/chargo__sairenfeiji_6,chargo/sairenfeiji_6
飞机,【2024匹兹堡活动A3】BOSS 八岐大蛇 轰炸机,sairenfeiji_baqidashe,2,0,battle-assets/飞机/chargo__sairenfeiji_baqidashe,chargo/sairenfeiji_baqidashe
飞机,【2023克莱蒙梭活动A1A2】BOSS 迪洛伊 第四波 全屏白色羽毛 隐形飞机,sairenfeiji_jiaohuang,2,0,battle-assets/飞机/chargo__sairenfeiji_jiaohuang,chargo/sairenfeiji_jiaohuang
飞机,【2023克莱蒙梭活动SP】BOSS 审判机甲-支配 第二波 审判型舰载机,sairenfeiji_jiaotang,2,0,battle-assets/飞机/chargo__sairenfeiji_jiaotang,chargo/sairenfeiji_jiaotang
飞机,【2022莱莎联动T1】航母蛋船轰炸机,sairenfeiji_lianjin,2,0,battle-assets/飞机/chargo__sairenfeiji_lianjin,chargo/sairenfeiji_lianjin
飞机,【2025优米雅联动 TS5】BOSS 炼金武装航母 轰炸机,sairenfeiji_lianjin_ii,2,0,battle-assets/飞机/chargo__sairenfeiji_lianjin_ii,chargo/sairenfeiji_lianjin_ii
飞机,【2021意大利活动B】塞壬航母R型轰炸机,sairenfeiji_r,2,0,battle-assets/飞机/chargo__sairenfeiji_r,chargo/sairenfeiji_r
飞机,【2023闪乱联动T4】BOSS 战忍机铠人形航母 轰炸机,sairenfeiji_shanluan,2,0,battle-assets/飞机/chargo__sairenfeiji_shanluan,chargo/sairenfeiji_shanluan
飞机,【2024tolove联动】航母蛋船轰炸机 Lv1,sairenfeiji_tolove,2,0,battle-assets/飞机/chargo__sairenfeiji_tolove,chargo/sairenfeiji_tolove
飞机,【2025荷兰SP活动T3】BOSS 「福尔尼德」 舰载机,sairenfeiji_unknown3,2,0,battle-assets/飞机/chargo__sairenfeiji_unknown3,chargo/sairenfeiji_unknown3
飞机,大凤META舰载机Lv1,sairenfeiji_wuxing,2,0,battle-assets/飞机/chargo__sairenfeiji_wuxing,chargo/sairenfeiji_wuxing
飞机,SB2C地狱俯冲者,sb2c,2,0,battle-assets/飞机/chargo__sb2c,chargo/sb2c
飞机,默认白鹰轰炸机,sbdwuwei,2,0,battle-assets/飞机/chargo__sbdwuwei,chargo/sbdwuwei
飞机,SBD-3无畏(麦克拉斯基队),sbdwuwei_2,2,0,battle-assets/飞机/chargo__sbdwuwei_2,chargo/sbdwuwei_2
飞机,圣诞老啾(轰炸),shengdan_feiji,1,0,battle-assets/飞机/chargo__shengdan_feiji,chargo/shengdan_feiji
飞机,圣诞飞啾(鱼雷),shengdan_feiji2,1,0,battle-assets/飞机/chargo__shengdan_feiji2,chargo/shengdan_feiji2
飞机,塞壬飞机,shenhaifeiji,2,0,battle-assets/飞机/chargo__shenhaifeiji,chargo/shenhaifeiji
飞机,【2024天城航母活动B2】BOSS 赤城灵狐 第三波 高速冲撞飞机（无弹幕）,shishenfeiji_1,2,1,battle-assets/飞机/chargo__shishenfeiji_1,chargo/shishenfeiji_1
飞机,【2024天城航母活动B1】BOSS 加贺灵狐 第三波 零散慢速战斗机,shishenfeiji_2,2,1,battle-assets/飞机/chargo__shishenfeiji_2,chargo/shishenfeiji_2
飞机,信浓技能试制紫电改二 LV1,shizhizidiangaier,2,0,battle-assets/飞机/chargo__shizhizidiangaier,chargo/shizhizidiangaier
飞机,【2021意大利活动】我方支援飞机B3,sm79,2,0,battle-assets/飞机/chargo__sm79,chargo/sm79
飞机,财神蛮啾(鱼雷),sprfes_caishen,1,0,battle-assets/飞机/chargo__sprfes_caishen,chargo/sprfes_caishen
飞机,灯笼鱼雷机,sprfes_denglong,1,0,battle-assets/飞机/chargo__sprfes_denglong,chargo/sprfes_denglong
飞机,契卡洛夫技能轰炸机Lv1,su2,2,0,battle-assets/飞机/chargo__su2,chargo/su2
飞机,试作舰载型Su-6,su6,2,0,battle-assets/飞机/chargo__su6,chargo/su6
飞机,梭鱼,suoyu,2,0,battle-assets/飞机/chargo__suoyu,chargo/suoyu
飞机,梭鱼(831中队),suoyu831,2,0,battle-assets/飞机/chargo__suoyu831,chargo/suoyu831
飞机,试作舰载型Ta 152C-1/R14,ta152cr14,2,0,battle-assets/飞机/chargo__ta152cr14,chargo/ta152cr14
飞机,塘鹅,tange,2,0,battle-assets/飞机/chargo__tange,chargo/tange
飞机,默认白鹰鱼雷机,tbd,2,0,battle-assets/飞机/chargo__tbd,chargo/tbd
飞机,TBD蹂躏者(VT-8中队),tbdvt-8,2,0,battle-assets/飞机/chargo__tbdvt-8,chargo/tbdvt-8
飞机,TBF复仇者,tbf,2,0,battle-assets/飞机/chargo__tbf,chargo/tbf
飞机,TBM-3复仇者,tbm-3,2,0,battle-assets/飞机/chargo__tbm-3,chargo/tbm-3
飞机,TBM复仇者(VT-18中队),tbmvt-18,2,0,battle-assets/飞机/chargo__tbmvt-18,chargo/tbmvt-18
飞机,TBM复仇者(VT-51),tbmvt-51,2,0,battle-assets/飞机/chargo__tbmvt-51,chargo/tbmvt-51
飞机,天雷,tianlei,2,0,battle-assets/飞机/chargo__tianlei,chargo/tianlei
飞机,天山,tianshan,2,0,battle-assets/飞机/chargo__tianshan,chargo/tianshan
飞机,天山改,tianshangai,2,0,battle-assets/飞机/chargo__tianshangai,chargo/tianshangai
飞机,阿尔比恩天袭者预警机,tianxizhe,2,0,battle-assets/飞机/chargo__tianxizhe,chargo/tianxizhe
飞机,【2024同盟活动B】地图机制-实验型轰炸机,tongmeng_feiji,2,0,battle-assets/飞机/chargo__tongmeng_feiji,chargo/tongmeng_feiji
飞机,大黄蜂meta 空袭 UDF战斗机 LV1,udf_feiji01,2,0,battle-assets/飞机/chargo__udf_feiji01,chargo/udf_feiji01
飞机,【量产型】联合防卫部队-航母综合无人机 Lv1,udf_feiji02,2,0,battle-assets/飞机/chargo__udf_feiji02,chargo/udf_feiji02
飞机,【量产型】联合防卫部队-维修中心无人机（源源不断）Lv1,udf_feiji03,2,0,battle-assets/飞机/chargo__udf_feiji03,chargo/udf_feiji03
飞机,【2025列克星敦II活动B3】BOSS 拟态兽-魔术师 常驻舰载机,unknownv_boss_magician_feiji,1,0,battle-assets/飞机/chargo__unknownv_boss_magician_feiji,chargo/unknownv_boss_magician_feiji
飞机,【2026伯利欣根活动B2】BOSS 恶念残影航母 舰载机,unknownv_mal_feiji,1,0,battle-assets/飞机/chargo__unknownv_mal_feiji,chargo/unknownv_mal_feiji
飞机,贝亚恩V-156F-LV1,v156f,2,0,battle-assets/飞机/chargo__v156f,chargo/v156f
飞机,V-156-F,v156f3,2,0,battle-assets/飞机/chargo__v156f3,chargo/v156f3
飞机,埃佛森技能侦察机,vbwa,2,0,battle-assets/飞机/chargo__vbwa,chargo/vbwa
飞机,契卡洛夫技能鱼雷机,vit2,2,0,battle-assets/飞机/chargo__vit2,chargo/vit2
飞机,试作型VIT-2（模式调整）,vit2jishu,2,0,battle-assets/飞机/chargo__vit2jishu,chargo/vit2jishu
飞机,试作型XF2A-4水牛,xf2a4,2,0,battle-assets/飞机/chargo__xf2a4,chargo/xf2a4
飞机,XF5F天箭,xf5f,2,0,battle-assets/飞机/chargo__xf5f,chargo/xf5f
飞机,试作型XF5U飞碟,xf5u,2,0,battle-assets/飞机/chargo__xf5u,chargo/xf5u
飞机,霞飞隐形飞机Lv1,xiafei_yingxing,2,0,battle-assets/飞机/chargo__xiafei_yingxing,chargo/xiafei_yingxing
飞机,咸鱼轰炸机,xianyu_hongzha,2,0,battle-assets/飞机/chargo__xianyu_hongzha,chargo/xianyu_hongzha
飞机,咸鱼鱼雷机,xianyu_yulei,2,0,battle-assets/飞机/chargo__xianyu_yulei,chargo/xianyu_yulei
飞机,纸鹤轰炸机,xinnian_feiji,2,0,battle-assets/飞机/chargo__xinnian_feiji,chargo/xinnian_feiji
飞机,实验型XSB3C-1,xsb3c1,2,0,battle-assets/飞机/chargo__xsb3c1,chargo/xsb3c1
飞机,XTB2D-1天空海盗,xtb2d1,2,0,battle-assets/飞机/chargo__xtb2d1,chargo/xtb2d1
飞机,Yak-1,yak1,2,0,battle-assets/飞机/chargo__yak1,chargo/yak1
飞机,Yak-3,yak3,2,0,battle-assets/飞机/chargo__yak3,chargo/yak3
飞机,Yak-7,yak7,2,0,battle-assets/飞机/chargo__yak7,chargo/yak7
飞机,【2025荷兰SP活动剧情】我方北联航母蛋船 战斗机,yak9k,2,0,battle-assets/飞机/chargo__yak9k,chargo/yak9k
飞机,萤火虫,yinghuochong,2,0,battle-assets/飞机/chargo__yinghuochong,chargo/yinghuochong
飞机,萤火虫(1771中队),yinghuochong1771,2,0,battle-assets/飞机/chargo__yinghuochong1771,chargo/yinghuochong1771
飞机,怨仇技能萤火虫Lv1,yinghuochong_01,2,0,battle-assets/飞机/chargo__yinghuochong_01,chargo/yinghuochong_01
飞机,怨仇技能萤火虫Lv1,yinghuochong_02,2,0,battle-assets/飞机/chargo__yinghuochong_02,chargo/yinghuochong_02
飞机,怨仇技能萤火虫Lv1,yinghuochong_03,2,0,battle-assets/飞机/chargo__yinghuochong_03,chargo/yinghuochong_03
飞机,隐形地毯轰炸发射器,yinxingfeiji,2,0,battle-assets/飞机/chargo__yinxingfeiji,chargo/yinxingfeiji
飞机,默认皇家轰炸机,zeiou,2,0,battle-assets/飞机/chargo__zeiou,chargo/zeiou
飞机,【大世界】仲裁机关_塞壬战斗机lv1,zhongcai_plane1,2,4,battle-assets/飞机/chargo__zhongcai_plane1,chargo/zhongcai_plane1
飞机,【大世界】仲裁机关_塞壬鱼雷机lv1,zhongcai_plane2,2,0,battle-assets/飞机/chargo__zhongcai_plane2,chargo/zhongcai_plane2
飞机,紫电改二,zidiangaier,2,0,battle-assets/飞机/chargo__zidiangaier,chargo/zidiangaier
飞机,试作型紫电改四,zidiangaisi,2,0,battle-assets/飞机/chargo__zidiangaisi,chargo/zidiangaisi
炮弹,2b_daoguangzidan01,2b_daoguangzidan01,1,4,battle-assets/炮弹/item__2b_daoguangzidan01,item/2b_daoguangzidan01
炮弹,2b_daoguangzidan02,2b_daoguangzidan02,1,4,battle-assets/炮弹/item__2b_daoguangzidan02,item/2b_daoguangzidan02
炮弹,2b_daoguangzidan03,2b_daoguangzidan03,1,4,battle-assets/炮弹/item__2b_daoguangzidan03,item/2b_daoguangzidan03
其他战斗特效,2b_slash,2b_slash,1,0,battle-assets/其他战斗特效/item__2b_slash,item/2b_slash
其他战斗特效,2b_zhanji_all,2b_zhanji_all,3,49,battle-assets/其他战斗特效/item__2b_zhanji_all,item/2b_zhanji_all
其他战斗特效,a2_daoguang_hit,a2_daoguang_hit,1,11,battle-assets/其他战斗特效/item__a2_daoguang_hit,item/a2_daoguang_hit
其他战斗特效,a2_slash,a2_slash,1,0,battle-assets/其他战斗特效/item__a2_slash,item/a2_slash
其他战斗特效,a2_zhanji2,a2_zhanji2,0,0,battle-assets/其他战斗特效/item__a2_zhanji2,item/a2_zhanji2
炮弹,aersasi_jiguang,aersasi_jiguang,0,15,battle-assets/炮弹/item__aersasi_jiguang,item/aersasi_jiguang
鱼雷,aersasi_zhuixingzidan,aersasi_zhuixingzidan,1,3,battle-assets/鱼雷/item__aersasi_zhuixingzidan,item/aersasi_zhuixingzidan
炮弹,afuleer_xiaoxiong,afuleer_xiaoxiong,2,0,battle-assets/炮弹/item__afuleer_xiaoxiong,item/afuleer_xiaoxiong
炮弹,aierjiliya_heishizi,aierjiliya_heishizi,1,0,battle-assets/炮弹/item__aierjiliya_heishizi,item/aierjiliya_heishizi
炮弹,aierjiliya_zihuo,aierjiliya_zihuo,0,3,battle-assets/炮弹/item__aierjiliya_zihuo,item/aierjiliya_zihuo
炮弹,aila_huaduo,aila_huaduo,1,1,battle-assets/炮弹/item__aila_huaduo,item/aila_huaduo
炮弹,ailachangqiangzidan,ailachangqiangzidan,1,0,battle-assets/炮弹/item__ailachangqiangzidan,item/ailachangqiangzidan
炮弹,aimudeng_black,aimudeng_black,0,0,battle-assets/炮弹/item__aimudeng_black,item/aimudeng_black
炮弹,aimudeng_bluetail,aimudeng_bluetail,0,0,battle-assets/炮弹/item__aimudeng_bluetail,item/aimudeng_bluetail
炮弹,al_flower01,al_flower01,0,1,battle-assets/炮弹/item__al_flower01,item/al_flower01
炮弹,al_flower01_1,al_flower01_1,0,1,battle-assets/炮弹/item__al_flower01_1,item/al_flower01_1
炮弹,al_flower02,al_flower02,1,0,battle-assets/炮弹/item__al_flower02,item/al_flower02
其他战斗特效,alertarea_blue_looping,alertarea_blue_looping,0,3,battle-assets/其他战斗特效/item__alertarea_blue_looping,item/alertarea_blue_looping
炮弹,alertarea_circle_looping,alertarea_circle_looping,0,3,battle-assets/炮弹/item__alertarea_circle_looping,item/alertarea_circle_looping
炮弹,alertarea_laser_bullet,alertarea_laser_bullet,2,5,battle-assets/炮弹/item__alertarea_laser_bullet,item/alertarea_laser_bullet
炮弹,alertarea_looping,alertarea_looping,0,3,battle-assets/炮弹/item__alertarea_looping,item/alertarea_looping
炮弹,aluomangshi_zidan,aluomangshi_zidan,1,2,battle-assets/炮弹/item__aluomangshi_zidan,item/aluomangshi_zidan
炮弹,anheinengliangqiu,anheinengliangqiu,2,17,battle-assets/炮弹/item__anheinengliangqiu,item/anheinengliangqiu
其他战斗特效,antu_flame01,antu_flame01,0,3,battle-assets/其他战斗特效/item__antu_flame01,item/antu_flame01
其他战斗特效,antu_flame01_alert,antu_flame01_alert,0,5,battle-assets/其他战斗特效/item__antu_flame01_alert,item/antu_flame01_alert
其他战斗特效,antu_flame02,antu_flame02,0,4,battle-assets/其他战斗特效/item__antu_flame02,item/antu_flame02
其他战斗特效,antu_flame02_alert,antu_flame02_alert,0,6,battle-assets/其他战斗特效/item__antu_flame02_alert,item/antu_flame02_alert
炮弹,bailong_zhanji,bailong_zhanji,0,0,battle-assets/炮弹/item__bailong_zhanji,item/bailong_zhanji
炮弹,baiquanbullet,baiquanbullet,0,2,battle-assets/炮弹/item__baiquanbullet,item/baiquanbullet
炮弹,banai01,banai01,1,2,battle-assets/炮弹/item__banai01,item/banai01
其他战斗特效,banai02,banai02,2,0,battle-assets/其他战斗特效/item__banai02,item/banai02
炮弹,banai02_1,banai02_1,2,0,battle-assets/炮弹/item__banai02_1,item/banai02_1
炮弹,banai03,banai03,2,0,battle-assets/炮弹/item__banai03,item/banai03
炮弹,banai04,banai04,2,0,battle-assets/炮弹/item__banai04,item/banai04
炮弹,banai05,banai05,2,0,battle-assets/炮弹/item__banai05,item/banai05
其他战斗特效,baofengyu_leiyun,baofengyu_leiyun,1,14,battle-assets/其他战斗特效/item__baofengyu_leiyun,item/baofengyu_leiyun
炮弹,bawu_guangdan,bawu_guangdan,1,3,battle-assets/炮弹/item__bawu_guangdan,item/bawu_guangdan
炮弹,bawu_qidan,bawu_qidan,1,2,battle-assets/炮弹/item__bawu_qidan,item/bawu_qidan
炮弹,beiyade_jianqi,beiyade_jianqi,1,0,battle-assets/炮弹/item__beiyade_jianqi,item/beiyade_jianqi
炮弹,beiyaen_zidan01,beiyaen_zidan01,1,3,battle-assets/炮弹/item__beiyaen_zidan01,item/beiyaen_zidan01
炮弹,beiyaen_zidan02,beiyaen_zidan02,1,3,battle-assets/炮弹/item__beiyaen_zidan02,item/beiyaen_zidan02
炮弹,bianfuzidan,bianfuzidan,0,0,battle-assets/炮弹/item__bianfuzidan,item/bianfuzidan
炮弹,bilibilibullet01,bilibilibullet01,1,0,battle-assets/炮弹/item__bilibilibullet01,item/bilibilibullet01
炮弹,bilibilibullet02,bilibilibullet02,1,0,battle-assets/炮弹/item__bilibilibullet02,item/bilibilibullet02
炮弹,bilibilibullet03,bilibilibullet03,1,0,battle-assets/炮弹/item__bilibilibullet03,item/bilibilibullet03
炮弹,bilibilibullet04,bilibilibullet04,1,0,battle-assets/炮弹/item__bilibilibullet04,item/bilibilibullet04
炮弹,bilibilibullet05,bilibilibullet05,1,0,battle-assets/炮弹/item__bilibilibullet05,item/bilibilibullet05
炮弹,bilibilibullet06,bilibilibullet06,1,0,battle-assets/炮弹/item__bilibilibullet06,item/bilibilibullet06
炮弹,bilibilibullet07,bilibilibullet07,1,0,battle-assets/炮弹/item__bilibilibullet07,item/bilibilibullet07
炮弹,bilibilibullet08,bilibilibullet08,1,0,battle-assets/炮弹/item__bilibilibullet08,item/bilibilibullet08
炮弹,bilibilibullet09,bilibilibullet09,1,0,battle-assets/炮弹/item__bilibilibullet09,item/bilibilibullet09
炮弹,bilibilibullet10,bilibilibullet10,1,0,battle-assets/炮弹/item__bilibilibullet10,item/bilibilibullet10
炮弹,bilibilibullet11,bilibilibullet11,1,0,battle-assets/炮弹/item__bilibilibullet11,item/bilibilibullet11
炮弹,bilibilibullet12,bilibilibullet12,1,0,battle-assets/炮弹/item__bilibilibullet12,item/bilibilibullet12
炮弹,bilibilibullet13,bilibilibullet13,1,0,battle-assets/炮弹/item__bilibilibullet13,item/bilibilibullet13
炮弹,bilibilibullet14,bilibilibullet14,1,0,battle-assets/炮弹/item__bilibilibullet14,item/bilibilibullet14
炮弹,bilibilibullet15,bilibilibullet15,1,0,battle-assets/炮弹/item__bilibilibullet15,item/bilibilibullet15
炮弹,bilibilibullet16,bilibilibullet16,1,0,battle-assets/炮弹/item__bilibilibullet16,item/bilibilibullet16
炮弹,bilibilibullet17,bilibilibullet17,1,0,battle-assets/炮弹/item__bilibilibullet17,item/bilibilibullet17
炮弹,bilibilibullet18,bilibilibullet18,1,0,battle-assets/炮弹/item__bilibilibullet18,item/bilibilibullet18
炮弹,bilibilibullet19,bilibilibullet19,1,0,battle-assets/炮弹/item__bilibilibullet19,item/bilibilibullet19
炮弹,bilibilibullet20,bilibilibullet20,1,0,battle-assets/炮弹/item__bilibilibullet20,item/bilibilibullet20
炮弹,bingzhui,bingzhui,2,0,battle-assets/炮弹/item__bingzhui,item/bingzhui
鱼雷,bingzhuibig,bingzhuibig,2,0,battle-assets/鱼雷/item__bingzhuibig,item/bingzhuibig
炮弹,bisimai_fangkuai,bisimai_fangkuai,0,15,battle-assets/炮弹/item__bisimai_fangkuai,item/bisimai_fangkuai
炮弹,bisimai_jiguang,bisimai_jiguang,0,14,battle-assets/炮弹/item__bisimai_jiguang,item/bisimai_jiguang
炮弹,blackhole,blackhole,1,4,battle-assets/炮弹/item__blackhole,item/blackhole
炮弹,boerzhanuo_jianqi_da,boerzhanuo_jianqi_da,1,0,battle-assets/炮弹/item__boerzhanuo_jianqi_da,item/boerzhanuo_jianqi_da
炮弹,boerzhanuo_kuashetuowei,boerzhanuo_kuashetuowei,1,3,battle-assets/炮弹/item__boerzhanuo_kuashetuowei,item/boerzhanuo_kuashetuowei
炮弹,boge_bangqiu,boge_bangqiu,1,0,battle-assets/炮弹/item__boge_bangqiu,item/boge_bangqiu
炮弹,boge_bangqiu_powerfull,boge_bangqiu_powerfull,1,1,battle-assets/炮弹/item__boge_bangqiu_powerfull,item/boge_bangqiu_powerfull
炮弹,bomberbomb1,bomberbomb1,1,3,battle-assets/炮弹/item__bomberbomb1,item/bomberbomb1
炮弹,bomberbomb100,bomberbomb100,1,3,battle-assets/炮弹/item__bomberbomb100,item/bomberbomb100
炮弹,bomberbomb1000,bomberbomb1000,1,3,battle-assets/炮弹/item__bomberbomb1000,item/bomberbomb1000
鱼雷,bomberbomb100_tantiao,bomberbomb100_tantiao,1,2,battle-assets/鱼雷/item__bomberbomb100_tantiao,item/bomberbomb100_tantiao
炮弹,bomberbomb150,bomberbomb150,1,3,battle-assets/炮弹/item__bomberbomb150,item/bomberbomb150
炮弹,bomberbomb1600,bomberbomb1600,1,3,battle-assets/炮弹/item__bomberbomb1600,item/bomberbomb1600
炮弹,bomberbomb2000,bomberbomb2000,1,3,battle-assets/炮弹/item__bomberbomb2000,item/bomberbomb2000
炮弹,bomberbomb500,bomberbomb500,1,3,battle-assets/炮弹/item__bomberbomb500,item/bomberbomb500
鱼雷,bomberbombblack,bomberbombblack,1,3,battle-assets/鱼雷/item__bomberbombblack,item/bomberbombblack
炮弹,bomberbombknife,bomberbombknife,1,3,battle-assets/炮弹/item__bomberbombknife,item/bomberbombknife
炮弹,bomberbombnl,bomberbombnl,1,3,battle-assets/炮弹/item__bomberbombnl,item/bomberbombnl
鱼雷,bomberbombwhite,bomberbombwhite,1,3,battle-assets/鱼雷/item__bomberbombwhite,item/bomberbombwhite
炮弹,bote_xingxing,bote_xingxing,0,2,battle-assets/炮弹/item__bote_xingxing,item/bote_xingxing
炮弹,bote_xingxing_big,bote_xingxing_big,0,2,battle-assets/炮弹/item__bote_xingxing_big,item/bote_xingxing_big
炮弹,bulisituoer_baiqi,bulisituoer_baiqi,1,0,battle-assets/炮弹/item__bulisituoer_baiqi,item/bulisituoer_baiqi
炮弹,bulisituoer_heiqi,bulisituoer_heiqi,1,0,battle-assets/炮弹/item__bulisituoer_heiqi,item/bulisituoer_heiqi
炮弹,bulisituoer_xingxing01,bulisituoer_xingxing01,1,0,battle-assets/炮弹/item__bulisituoer_xingxing01,item/bulisituoer_xingxing01
炮弹,bulisituoer_xingxing02,bulisituoer_xingxing02,1,0,battle-assets/炮弹/item__bulisituoer_xingxing02,item/bulisituoer_xingxing02
炮弹,bullet1,bullet1,1,0,battle-assets/炮弹/item__bullet1,item/bullet1
炮弹,bullet1_faxi,bullet1_faxi,0,0,battle-assets/炮弹/item__bullet1_faxi,item/bullet1_faxi
炮弹,bullet1_tulingen,bullet1_tulingen,1,0,battle-assets/炮弹/item__bullet1_tulingen,item/bullet1_tulingen
炮弹,bullet2,bullet2,1,0,battle-assets/炮弹/item__bullet2,item/bullet2
炮弹,bullet2_faxi,bullet2_faxi,0,0,battle-assets/炮弹/item__bullet2_faxi,item/bullet2_faxi
炮弹,bullet3_faxi,bullet3_faxi,0,0,battle-assets/炮弹/item__bullet3_faxi,item/bullet3_faxi
炮弹,bullet_brs,bullet_brs,1,0,battle-assets/炮弹/item__bullet_brs,item/bullet_brs
炮弹,bullet_dayu01,bullet_dayu01,0,4,battle-assets/炮弹/item__bullet_dayu01,item/bullet_dayu01
炮弹,bullet_dayu01_alert,bullet_dayu01_alert,0,7,battle-assets/炮弹/item__bullet_dayu01_alert,item/bullet_dayu01_alert
炮弹,bullet_dayu02,bullet_dayu02,0,4,battle-assets/炮弹/item__bullet_dayu02,item/bullet_dayu02
炮弹,bullet_dayu03,bullet_dayu03,0,4,battle-assets/炮弹/item__bullet_dayu03,item/bullet_dayu03
炮弹,bullet_dayu04,bullet_dayu04,1,4,battle-assets/炮弹/item__bullet_dayu04,item/bullet_dayu04
炮弹,bullet_dayu05,bullet_dayu05,1,4,battle-assets/炮弹/item__bullet_dayu05,item/bullet_dayu05
炮弹,bullet_dayu06,bullet_dayu06,0,4,battle-assets/炮弹/item__bullet_dayu06,item/bullet_dayu06
炮弹,bullet_dayu07,bullet_dayu07,0,4,battle-assets/炮弹/item__bullet_dayu07,item/bullet_dayu07
炮弹,bullet_dayu08,bullet_dayu08,0,4,battle-assets/炮弹/item__bullet_dayu08,item/bullet_dayu08
炮弹,bullet_dayu09,bullet_dayu09,0,4,battle-assets/炮弹/item__bullet_dayu09,item/bullet_dayu09
炮弹,bullet_elf_ice,bullet_elf_ice,2,1,battle-assets/炮弹/item__bullet_elf_ice,item/bullet_elf_ice
炮弹,bullet_elf_ice_big,bullet_elf_ice_big,2,1,battle-assets/炮弹/item__bullet_elf_ice_big,item/bullet_elf_ice_big
炮弹,bullet_elf_ice_low,bullet_elf_ice_low,1,0,battle-assets/炮弹/item__bullet_elf_ice_low,item/bullet_elf_ice_low
炮弹,bullet_faa,bullet_faa,1,1,battle-assets/炮弹/item__bullet_faa,item/bullet_faa
炮弹,bullet_feie01,bullet_feie01,0,2,battle-assets/炮弹/item__bullet_feie01,item/bullet_feie01
炮弹,bullet_feie02,bullet_feie02,0,2,battle-assets/炮弹/item__bullet_feie02,item/bullet_feie02
炮弹,bullet_feie03,bullet_feie03,0,2,battle-assets/炮弹/item__bullet_feie03,item/bullet_feie03
炮弹,bullet_feie04,bullet_feie04,0,2,battle-assets/炮弹/item__bullet_feie04,item/bullet_feie04
炮弹,bullet_feie05,bullet_feie05,0,2,battle-assets/炮弹/item__bullet_feie05,item/bullet_feie05
炮弹,bullet_feie06,bullet_feie06,0,2,battle-assets/炮弹/item__bullet_feie06,item/bullet_feie06
炮弹,bullet_feie07,bullet_feie07,0,2,battle-assets/炮弹/item__bullet_feie07,item/bullet_feie07
炮弹,bullet_feie08,bullet_feie08,0,2,battle-assets/炮弹/item__bullet_feie08,item/bullet_feie08
炮弹,bullet_fliud_cyan,bullet_fliud_cyan,0,1,battle-assets/炮弹/item__bullet_fliud_cyan,item/bullet_fliud_cyan
炮弹,bullet_fliud_green,bullet_fliud_green,0,1,battle-assets/炮弹/item__bullet_fliud_green,item/bullet_fliud_green
炮弹,bullet_fliud_purple,bullet_fliud_purple,0,1,battle-assets/炮弹/item__bullet_fliud_purple,item/bullet_fliud_purple
炮弹,bullet_fliud_red,bullet_fliud_red,0,1,battle-assets/炮弹/item__bullet_fliud_red,item/bullet_fliud_red
炮弹,bullet_fliud_white,bullet_fliud_white,0,1,battle-assets/炮弹/item__bullet_fliud_white,item/bullet_fliud_white
炮弹,bullet_fliud_yellow,bullet_fliud_yellow,0,1,battle-assets/炮弹/item__bullet_fliud_yellow,item/bullet_fliud_yellow
炮弹,bullet_guanglun01,bullet_guanglun01,0,0,battle-assets/炮弹/item__bullet_guanglun01,item/bullet_guanglun01
炮弹,bullet_guanglun02,bullet_guanglun02,0,0,battle-assets/炮弹/item__bullet_guanglun02,item/bullet_guanglun02
炮弹,bullet_guanglun03,bullet_guanglun03,0,0,battle-assets/炮弹/item__bullet_guanglun03,item/bullet_guanglun03
炮弹,bullet_guanglun04,bullet_guanglun04,0,0,battle-assets/炮弹/item__bullet_guanglun04,item/bullet_guanglun04
炮弹,bullet_guanglun05,bullet_guanglun05,1,0,battle-assets/炮弹/item__bullet_guanglun05,item/bullet_guanglun05
炮弹,bullet_guanglun06,bullet_guanglun06,1,0,battle-assets/炮弹/item__bullet_guanglun06,item/bullet_guanglun06
炮弹,bullet_guanglun07,bullet_guanglun07,1,0,battle-assets/炮弹/item__bullet_guanglun07,item/bullet_guanglun07
炮弹,海豹炮弹,bullet_haibao,0,0,battle-assets/炮弹/item__bullet_haibao,item/bullet_haibao
炮弹,bullet_jianzhui01,bullet_jianzhui01,1,0,battle-assets/炮弹/item__bullet_jianzhui01,item/bullet_jianzhui01
炮弹,bullet_jianzhui02,bullet_jianzhui02,1,0,battle-assets/炮弹/item__bullet_jianzhui02,item/bullet_jianzhui02
炮弹,bullet_jianzhui03,bullet_jianzhui03,1,0,battle-assets/炮弹/item__bullet_jianzhui03,item/bullet_jianzhui03
炮弹,bullet_jianzhui04,bullet_jianzhui04,1,0,battle-assets/炮弹/item__bullet_jianzhui04,item/bullet_jianzhui04
炮弹,bullet_jianzhui05,bullet_jianzhui05,1,0,battle-assets/炮弹/item__bullet_jianzhui05,item/bullet_jianzhui05
炮弹,bullet_jianzhui06,bullet_jianzhui06,1,0,battle-assets/炮弹/item__bullet_jianzhui06,item/bullet_jianzhui06
炮弹,bullet_jianzhui07,bullet_jianzhui07,1,0,battle-assets/炮弹/item__bullet_jianzhui07,item/bullet_jianzhui07
炮弹,bullet_jianzhui08,bullet_jianzhui08,1,0,battle-assets/炮弹/item__bullet_jianzhui08,item/bullet_jianzhui08
炮弹,bullet_jianzhui09,bullet_jianzhui09,1,0,battle-assets/炮弹/item__bullet_jianzhui09,item/bullet_jianzhui09
炮弹,bullet_jiaohuang,bullet_jiaohuang,1,0,battle-assets/炮弹/item__bullet_jiaohuang,item/bullet_jiaohuang
炮弹,小海豹炮弹,bullet_mantou,0,0,battle-assets/炮弹/item__bullet_mantou,item/bullet_mantou
炮弹,bullet_maoxi,bullet_maoxi,1,0,battle-assets/炮弹/item__bullet_maoxi,item/bullet_maoxi
炮弹,bullet_maozhua_small,bullet_maozhua_small,0,1,battle-assets/炮弹/item__bullet_maozhua_small,item/bullet_maozhua_small
炮弹,bullet_meta,bullet_meta,1,1,battle-assets/炮弹/item__bullet_meta,item/bullet_meta
炮弹,bullet_nengliangqiu,bullet_nengliangqiu,1,5,battle-assets/炮弹/item__bullet_nengliangqiu,item/bullet_nengliangqiu
炮弹,bullet_rabbitblack,bullet_rabbitblack,1,0,battle-assets/炮弹/item__bullet_rabbitblack,item/bullet_rabbitblack
炮弹,bullet_rabbitwhite,bullet_rabbitwhite,1,0,battle-assets/炮弹/item__bullet_rabbitwhite,item/bullet_rabbitwhite
炮弹,bullet_rice01,bullet_rice01,1,0,battle-assets/炮弹/item__bullet_rice01,item/bullet_rice01
炮弹,bullet_rice02,bullet_rice02,1,0,battle-assets/炮弹/item__bullet_rice02,item/bullet_rice02
炮弹,bullet_sailship,bullet_sailship,1,0,battle-assets/炮弹/item__bullet_sailship,item/bullet_sailship
炮弹,bullet_sailship_big,bullet_sailship_big,1,0,battle-assets/炮弹/item__bullet_sailship_big,item/bullet_sailship_big
炮弹,bullet_sailship_huge,bullet_sailship_huge,1,0,battle-assets/炮弹/item__bullet_sailship_huge,item/bullet_sailship_huge
炮弹,bullet_shanluan_1,bullet_shanluan_1,1,0,battle-assets/炮弹/item__bullet_shanluan_1,item/bullet_shanluan_1
炮弹,bullet_shanluan_2,bullet_shanluan_2,1,0,battle-assets/炮弹/item__bullet_shanluan_2,item/bullet_shanluan_2
炮弹,bullet_shanluan_3,bullet_shanluan_3,1,0,battle-assets/炮弹/item__bullet_shanluan_3,item/bullet_shanluan_3
炮弹,bullet_shanluan_4,bullet_shanluan_4,1,0,battle-assets/炮弹/item__bullet_shanluan_4,item/bullet_shanluan_4
炮弹,bullet_shanluan_5,bullet_shanluan_5,1,0,battle-assets/炮弹/item__bullet_shanluan_5,item/bullet_shanluan_5
炮弹,圣诞袜炮弹,bullet_shengdan,1,0,battle-assets/炮弹/item__bullet_shengdan,item/bullet_shengdan
炮弹,bullet_shi_tail,bullet_shi_tail,1,4,battle-assets/炮弹/item__bullet_shi_tail,item/bullet_shi_tail
炮弹,bullet_shi_tail_big,bullet_shi_tail_big,1,4,battle-assets/炮弹/item__bullet_shi_tail_big,item/bullet_shi_tail_big
炮弹,bullet_ta01,bullet_ta01,2,1,battle-assets/炮弹/item__bullet_ta01,item/bullet_ta01
炮弹,bullet_weidabai,bullet_weidabai,1,0,battle-assets/炮弹/item__bullet_weidabai,item/bullet_weidabai
炮弹,bullet_weidahei,bullet_weidahei,1,0,battle-assets/炮弹/item__bullet_weidahei,item/bullet_weidahei
炮弹,咸鱼炮弹,bullet_xianyu,0,0,battle-assets/炮弹/item__bullet_xianyu,item/bullet_xianyu
炮弹,烟花炮弹,bullet_xinnian,0,0,battle-assets/炮弹/item__bullet_xinnian,item/bullet_xinnian
炮弹,雪球炮弹,bullet_xueqiu,1,0,battle-assets/炮弹/item__bullet_xueqiu,item/bullet_xueqiu
炮弹,bullet_xueqiu_small,bullet_xueqiu_small,1,0,battle-assets/炮弹/item__bullet_xueqiu_small,item/bullet_xueqiu_small
炮弹,bullet_yezi,bullet_yezi,0,1,battle-assets/炮弹/item__bullet_yezi,item/bullet_yezi
炮弹,bulletch_sp1,bulletch_sp1,1,3,battle-assets/炮弹/item__bulletch_sp1,item/bulletch_sp1
炮弹,bulletch_sp1_nt,bulletch_sp1_nt,1,0,battle-assets/炮弹/item__bulletch_sp1_nt,item/bulletch_sp1_nt
炮弹,bulletch_sp2,bulletch_sp2,1,2,battle-assets/炮弹/item__bulletch_sp2,item/bulletch_sp2
炮弹,bulletch_sp2_nt,bulletch_sp2_nt,1,0,battle-assets/炮弹/item__bulletch_sp2_nt,item/bulletch_sp2_nt
炮弹,bulletch_sp3,bulletch_sp3,1,3,battle-assets/炮弹/item__bulletch_sp3,item/bulletch_sp3
炮弹,bulletch_sp3_nt,bulletch_sp3_nt,1,0,battle-assets/炮弹/item__bulletch_sp3_nt,item/bulletch_sp3_nt
炮弹,bulletch_sp4,bulletch_sp4,1,2,battle-assets/炮弹/item__bulletch_sp4,item/bulletch_sp4
炮弹,bulletch_sp4_nt,bulletch_sp4_nt,1,0,battle-assets/炮弹/item__bulletch_sp4_nt,item/bulletch_sp4_nt
炮弹,bulletelc,bulletelc,0,2,battle-assets/炮弹/item__bulletelc,item/bulletelc
炮弹,bulletenemyb2,bulletenemyb2,1,0,battle-assets/炮弹/item__bulletenemyb2,item/bulletenemyb2
炮弹,bulletenemym,bulletenemym,1,0,battle-assets/炮弹/item__bulletenemym,item/bulletenemym
炮弹,bulletenemys,bulletenemys,1,0,battle-assets/炮弹/item__bulletenemys,item/bulletenemys
炮弹,bulletger,bulletger,1,0,battle-assets/炮弹/item__bulletger,item/bulletger
炮弹,bulletger_blue,bulletger_blue,1,0,battle-assets/炮弹/item__bulletger_blue,item/bulletger_blue
炮弹,bulletger_cyan,bulletger_cyan,1,0,battle-assets/炮弹/item__bulletger_cyan,item/bulletger_cyan
炮弹,bulletger_green,bulletger_green,1,0,battle-assets/炮弹/item__bulletger_green,item/bulletger_green
炮弹,bulletger_purple,bulletger_purple,1,0,battle-assets/炮弹/item__bulletger_purple,item/bulletger_purple
炮弹,bulletger_white,bulletger_white,1,0,battle-assets/炮弹/item__bulletger_white,item/bulletger_white
炮弹,bulletger_yellow,bulletger_yellow,1,0,battle-assets/炮弹/item__bulletger_yellow,item/bulletger_yellow
炮弹,bullethuaban,bullethuaban,1,0,battle-assets/炮弹/item__bullethuaban,item/bullethuaban
炮弹,bulletjp,bulletjp,1,0,battle-assets/炮弹/item__bulletjp,item/bulletjp
炮弹,bulletuk,bulletuk,1,0,battle-assets/炮弹/item__bulletuk,item/bulletuk
炮弹,bulletusa,bulletusa,1,0,battle-assets/炮弹/item__bulletusa,item/bulletusa
炮弹,bulletusa2,bulletusa2,1,0,battle-assets/炮弹/item__bulletusa2,item/bulletusa2
炮弹,bulletusa2_big,bulletusa2_big,1,0,battle-assets/炮弹/item__bulletusa2_big,item/bulletusa2_big
炮弹,bulletusa2_low,bulletusa2_low,1,0,battle-assets/炮弹/item__bulletusa2_low,item/bulletusa2_low
炮弹,bulletusa3,bulletusa3,1,0,battle-assets/炮弹/item__bulletusa3,item/bulletusa3
炮弹,bulletusa3_big,bulletusa3_big,1,0,battle-assets/炮弹/item__bulletusa3_big,item/bulletusa3_big
炮弹,bulletusa4,bulletusa4,1,0,battle-assets/炮弹/item__bulletusa4,item/bulletusa4
炮弹,bulletusa4_big,bulletusa4_big,1,0,battle-assets/炮弹/item__bulletusa4_big,item/bulletusa4_big
炮弹,bulletusa5_big,bulletusa5_big,1,0,battle-assets/炮弹/item__bulletusa5_big,item/bulletusa5_big
炮弹,bulletusa5_low,bulletusa5_low,1,0,battle-assets/炮弹/item__bulletusa5_low,item/bulletusa5_low
炮弹,bulletusa6_big,bulletusa6_big,1,0,battle-assets/炮弹/item__bulletusa6_big,item/bulletusa6_big
炮弹,bulletusa7,bulletusa7,1,0,battle-assets/炮弹/item__bulletusa7,item/bulletusa7
炮弹,bulletusa7_big,bulletusa7_big,1,0,battle-assets/炮弹/item__bulletusa7_big,item/bulletusa7_big
炮弹,bulletusa8,bulletusa8,1,0,battle-assets/炮弹/item__bulletusa8,item/bulletusa8
炮弹,bulletusa8_low,bulletusa8_low,1,0,battle-assets/炮弹/item__bulletusa8_low,item/bulletusa8_low
炮弹,bulletusa_big,bulletusa_big,1,0,battle-assets/炮弹/item__bulletusa_big,item/bulletusa_big
炮弹,bulletusa_low,bulletusa_low,1,0,battle-assets/炮弹/item__bulletusa_low,item/bulletusa_low
炮弹,bulunnusi_jian,bulunnusi_jian,1,0,battle-assets/炮弹/item__bulunnusi_jian,item/bulunnusi_jian
炮弹,bulunnusi_zhanji,bulunnusi_zhanji,0,98,battle-assets/炮弹/item__bulunnusi_zhanji,item/bulunnusi_zhanji
其他战斗特效,bulunxier_touqiang,bulunxier_touqiang,1,1,battle-assets/其他战斗特效/item__bulunxier_touqiang,item/bulunxier_touqiang
炮弹,bulunxier_touqiang_big,bulunxier_touqiang_big,1,1,battle-assets/炮弹/item__bulunxier_touqiang_big,item/bulunxier_touqiang_big
炮弹,buqu_qiqiang,buqu_qiqiang,1,0,battle-assets/炮弹/item__buqu_qiqiang,item/buqu_qiqiang
炮弹,caibuli_bingzhuang,caibuli_bingzhuang,0,1,battle-assets/炮弹/item__caibuli_bingzhuang,item/caibuli_bingzhuang
炮弹,cave_bullet01,cave_bullet01,1,0,battle-assets/炮弹/item__cave_bullet01,item/cave_bullet01
炮弹,cave_bullet01_big,cave_bullet01_big,1,0,battle-assets/炮弹/item__cave_bullet01_big,item/cave_bullet01_big
炮弹,cave_bullet02,cave_bullet02,1,0,battle-assets/炮弹/item__cave_bullet02,item/cave_bullet02
炮弹,cave_bullet03,cave_bullet03,1,0,battle-assets/炮弹/item__cave_bullet03,item/cave_bullet03
炮弹,cave_bullet03_big,cave_bullet03_big,1,0,battle-assets/炮弹/item__cave_bullet03_big,item/cave_bullet03_big
炮弹,cave_bullet04,cave_bullet04,1,0,battle-assets/炮弹/item__cave_bullet04,item/cave_bullet04
炮弹,cave_bullet04_big,cave_bullet04_big,1,0,battle-assets/炮弹/item__cave_bullet04_big,item/cave_bullet04_big
炮弹,cave_bullet05,cave_bullet05,1,0,battle-assets/炮弹/item__cave_bullet05,item/cave_bullet05
炮弹,cave_bullet05_big,cave_bullet05_big,1,0,battle-assets/炮弹/item__cave_bullet05_big,item/cave_bullet05_big
炮弹,cave_bullet06,cave_bullet06,1,0,battle-assets/炮弹/item__cave_bullet06,item/cave_bullet06
炮弹,cave_bullet06_big,cave_bullet06_big,1,0,battle-assets/炮弹/item__cave_bullet06_big,item/cave_bullet06_big
炮弹,cave_bullet07,cave_bullet07,1,0,battle-assets/炮弹/item__cave_bullet07,item/cave_bullet07
炮弹,cave_bullet08,cave_bullet08,1,0,battle-assets/炮弹/item__cave_bullet08,item/cave_bullet08
炮弹,cave_bullet09,cave_bullet09,1,0,battle-assets/炮弹/item__cave_bullet09,item/cave_bullet09
炮弹,chongfengzhan,chongfengzhan,0,2,battle-assets/炮弹/item__chongfengzhan,item/chongfengzhan
炮弹,chongliebo,chongliebo,0,3,battle-assets/炮弹/item__chongliebo,item/chongliebo
炮弹,chuanmao,chuanmao,0,3,battle-assets/炮弹/item__chuanmao,item/chuanmao
炮弹,chuanmao_end,chuanmao_end,0,1,battle-assets/炮弹/item__chuanmao_end,item/chuanmao_end
炮弹,chuantoudan,chuantoudan,0,2,battle-assets/炮弹/item__chuantoudan,item/chuantoudan
炮弹,chuantoudan_red,chuantoudan_red,0,2,battle-assets/炮弹/item__chuantoudan_red,item/chuantoudan_red
炮弹,chuifadaodan,chuifadaodan,1,7,battle-assets/炮弹/item__chuifadaodan,item/chuifadaodan
炮弹,chunjie_hongyinqiang,chunjie_hongyinqiang,1,0,battle-assets/炮弹/item__chunjie_hongyinqiang,item/chunjie_hongyinqiang
炮弹,chunjie_juanzhou,chunjie_juanzhou,1,0,battle-assets/炮弹/item__chunjie_juanzhou,item/chunjie_juanzhou
炮弹,chuyue_zhanji,chuyue_zhanji,0,0,battle-assets/炮弹/item__chuyue_zhanji,item/chuyue_zhanji
炮弹,ciweidan_zidan01,ciweidan_zidan01,1,0,battle-assets/炮弹/item__ciweidan_zidan01,item/ciweidan_zidan01
炮弹,dadan_lanhuodaoguang,dadan_lanhuodaoguang,3,2,battle-assets/炮弹/item__dadan_lanhuodaoguang,item/dadan_lanhuodaoguang
其他战斗特效,daodan0,daodan0,1,1,battle-assets/其他战斗特效/item__daodan0,item/daodan0
炮弹,daofengbullet1,daofengbullet1,1,0,battle-assets/炮弹/item__daofengbullet1,item/daofengbullet1
炮弹,deepcharge,deepcharge,1,0,battle-assets/炮弹/item__deepcharge,item/deepcharge
其他战斗特效,deleike_huoyandao,deleike_huoyandao,2,2,battle-assets/其他战斗特效/item__deleike_huoyandao,item/deleike_huoyandao
其他战斗特效,deleike_qiang,deleike_qiang,1,3,battle-assets/其他战斗特效/item__deleike_qiang,item/deleike_qiang
炮弹,dh_lengdongfeidan,dh_lengdongfeidan,1,1,battle-assets/炮弹/item__dh_lengdongfeidan,item/dh_lengdongfeidan
鱼雷,dianciyulei,dianciyulei,1,4,battle-assets/鱼雷/item__dianciyulei,item/dianciyulei
炮弹,diancizhadan,diancizhadan,0,8,battle-assets/炮弹/item__diancizhadan,item/diancizhadan
炮弹,diancizhadan_alert,diancizhadan_alert,0,11,battle-assets/炮弹/item__diancizhadan_alert,item/diancizhadan_alert
炮弹,diancizhadan_alert_green,diancizhadan_alert_green,0,11,battle-assets/炮弹/item__diancizhadan_alert_green,item/diancizhadan_alert_green
炮弹,diancizhadan_alert_purple,diancizhadan_alert_purple,0,11,battle-assets/炮弹/item__diancizhadan_alert_purple,item/diancizhadan_alert_purple
炮弹,diancizhadan_green,diancizhadan_green,0,9,battle-assets/炮弹/item__diancizhadan_green,item/diancizhadan_green
炮弹,diancizhadan_purple,diancizhadan_purple,0,9,battle-assets/炮弹/item__diancizhadan_purple,item/diancizhadan_purple
炮弹,diliyasite_bullet,diliyasite_bullet,1,2,battle-assets/炮弹/item__diliyasite_bullet,item/diliyasite_bullet
炮弹,dongfangjiguang01,dongfangjiguang01,1,2,battle-assets/炮弹/item__dongfangjiguang01,item/dongfangjiguang01
炮弹,dongfangjiguang02,dongfangjiguang02,1,2,battle-assets/炮弹/item__dongfangjiguang02,item/dongfangjiguang02
炮弹,dongfangjiguang03,dongfangjiguang03,1,2,battle-assets/炮弹/item__dongfangjiguang03,item/dongfangjiguang03
炮弹,dongfangjiguang04,dongfangjiguang04,1,2,battle-assets/炮弹/item__dongfangjiguang04,item/dongfangjiguang04
炮弹,dongfangjiguang05,dongfangjiguang05,1,2,battle-assets/炮弹/item__dongfangjiguang05,item/dongfangjiguang05
炮弹,dongfangjiguang06,dongfangjiguang06,1,2,battle-assets/炮弹/item__dongfangjiguang06,item/dongfangjiguang06
其他战斗特效,dongfangjiguang07,dongfangjiguang07,1,2,battle-assets/其他战斗特效/item__dongfangjiguang07,item/dongfangjiguang07
其他战斗特效,dongfangjiguang08,dongfangjiguang08,1,2,battle-assets/其他战斗特效/item__dongfangjiguang08,item/dongfangjiguang08
炮弹,doublebulletusa,doublebulletusa,1,0,battle-assets/炮弹/item__doublebulletusa,item/doublebulletusa
炮弹,doublebulletusa_blue,doublebulletusa_blue,1,0,battle-assets/炮弹/item__doublebulletusa_blue,item/doublebulletusa_blue
炮弹,doublebulletusa_green,doublebulletusa_green,1,0,battle-assets/炮弹/item__doublebulletusa_green,item/doublebulletusa_green
炮弹,doublebulletusa_pink,doublebulletusa_pink,1,0,battle-assets/炮弹/item__doublebulletusa_pink,item/doublebulletusa_pink
炮弹,doublebulletusa_purple,doublebulletusa_purple,1,0,battle-assets/炮弹/item__doublebulletusa_purple,item/doublebulletusa_purple
炮弹,doublebulletusa_red,doublebulletusa_red,1,0,battle-assets/炮弹/item__doublebulletusa_red,item/doublebulletusa_red
炮弹,dulianglai_daoguang,dulianglai_daoguang,2,1,battle-assets/炮弹/item__dulianglai_daoguang,item/dulianglai_daoguang
炮弹,dulianglai_jian,dulianglai_jian,1,2,battle-assets/炮弹/item__dulianglai_jian,item/dulianglai_jian
炮弹,edu_zhanji,edu_zhanji,1,1,battle-assets/炮弹/item__edu_zhanji,item/edu_zhanji
鱼雷,emptybullet,emptybullet,0,0,battle-assets/鱼雷/item__emptybullet,item/emptybullet
炮弹,fangzhoumeta_gun,fangzhoumeta_gun,1,0,battle-assets/炮弹/item__fangzhoumeta_gun,item/fangzhoumeta_gun
其他战斗特效,fangzhoumeta_gun_mirror,fangzhoumeta_gun_mirror,1,0,battle-assets/其他战斗特效/item__fangzhoumeta_gun_mirror,item/fangzhoumeta_gun_mirror
鱼雷,fanjiandaodan,fanjiandaodan,1,3,battle-assets/鱼雷/item__fanjiandaodan,item/fanjiandaodan
其他战斗特效,feiji_bote_zhiyuan,feiji_bote_zhiyuan,1,0,battle-assets/其他战斗特效/item__feiji_bote_zhiyuan,item/feiji_bote_zhiyuan
炮弹,feiniao_zhanji,feiniao_zhanji,0,0,battle-assets/炮弹/item__feiniao_zhanji,item/feiniao_zhanji
炮弹,fireball,fireball,0,5,battle-assets/炮弹/item__fireball,item/fireball
炮弹,flame01,flame01,0,3,battle-assets/炮弹/item__flame01,item/flame01
炮弹,flame02,flame02,0,4,battle-assets/炮弹/item__flame02,item/flame02
炮弹,fubobianpaopaodan,fubobianpaopaodan,1,2,battle-assets/炮弹/item__fubobianpaopaodan,item/fubobianpaopaodan
炮弹,fuerjia_xing,fuerjia_xing,1,17,battle-assets/炮弹/item__fuerjia_xing,item/fuerjia_xing
炮弹,fulandeer_hong,fulandeer_hong,1,0,battle-assets/炮弹/item__fulandeer_hong,item/fulandeer_hong
炮弹,fulandeer_lan,fulandeer_lan,1,0,battle-assets/炮弹/item__fulandeer_lan,item/fulandeer_lan
炮弹,fumilulu,fumilulu,1,5,battle-assets/炮弹/item__fumilulu,item/fumilulu
炮弹,fuximeta_bullet,fuximeta_bullet,1,0,battle-assets/炮弹/item__fuximeta_bullet,item/fuximeta_bullet
炮弹,gaoliang_hudiezidan,gaoliang_hudiezidan,1,2,battle-assets/炮弹/item__gaoliang_hudiezidan,item/gaoliang_hudiezidan
炮弹,gaoliang_hudiezidan_jingxiang,gaoliang_hudiezidan_jingxiang,1,2,battle-assets/炮弹/item__gaoliang_hudiezidan_jingxiang,item/gaoliang_hudiezidan_jingxiang
炮弹,gaoliang_hudiezidan_mirror,gaoliang_hudiezidan_mirror,1,2,battle-assets/炮弹/item__gaoliang_hudiezidan_mirror,item/gaoliang_hudiezidan_mirror
其他战斗特效,gaoliang_zhizhuwang,gaoliang_zhizhuwang,1,3,battle-assets/其他战斗特效/item__gaoliang_zhizhuwang,item/gaoliang_zhizhuwang
炮弹,gaomidu01,gaomidu01,1,2,battle-assets/炮弹/item__gaomidu01,item/gaomidu01
炮弹,gaomidu02,gaomidu02,1,1,battle-assets/炮弹/item__gaomidu02,item/gaomidu02
炮弹,gaomidu03,gaomidu03,1,2,battle-assets/炮弹/item__gaomidu03,item/gaomidu03
炮弹,gaomidu04,gaomidu04,1,2,battle-assets/炮弹/item__gaomidu04,item/gaomidu04
炮弹,gaomidugr01,gaomidugr01,1,2,battle-assets/炮弹/item__gaomidugr01,item/gaomidugr01
炮弹,gaomidugr02,gaomidugr02,1,1,battle-assets/炮弹/item__gaomidugr02,item/gaomidugr02
炮弹,gezi_bianfuzidan,gezi_bianfuzidan,1,2,battle-assets/炮弹/item__gezi_bianfuzidan,item/gezi_bianfuzidan
炮弹,guandao_diandaoguang,guandao_diandaoguang,0,3,battle-assets/炮弹/item__guandao_diandaoguang,item/guandao_diandaoguang
炮弹,guangshudan_black,guangshudan_black,1,3,battle-assets/炮弹/item__guangshudan_black,item/guangshudan_black
其他战斗特效,guangshudan_cyan,guangshudan_cyan,1,3,battle-assets/其他战斗特效/item__guangshudan_cyan,item/guangshudan_cyan
炮弹,guangshudan_red,guangshudan_red,1,3,battle-assets/炮弹/item__guangshudan_red,item/guangshudan_red
鱼雷,gulite_huzhua,gulite_huzhua,1,1,battle-assets/鱼雷/item__gulite_huzhua,item/gulite_huzhua
炮弹,gulite_jianci,gulite_jianci,1,1,battle-assets/炮弹/item__gulite_jianci,item/gulite_jianci
炮弹,gulite_jianci_low,gulite_jianci_low,1,0,battle-assets/炮弹/item__gulite_jianci_low,item/gulite_jianci_low
炮弹,gulite_jianzhui,gulite_jianzhui,3,0,battle-assets/炮弹/item__gulite_jianzhui,item/gulite_jianzhui
炮弹,gulite_kuashe,gulite_kuashe,1,0,battle-assets/炮弹/item__gulite_kuashe,item/gulite_kuashe
炮弹,gulite_putong,gulite_putong,1,1,battle-assets/炮弹/item__gulite_putong,item/gulite_putong
炮弹,gulite_tuowei,gulite_tuowei,1,1,battle-assets/炮弹/item__gulite_tuowei,item/gulite_tuowei
炮弹,gulitejineng_amp,gulitejineng_amp,1,0,battle-assets/炮弹/item__gulitejineng_amp,item/gulitejineng_amp
炮弹,gulitejineng_amplaser,gulitejineng_amplaser,1,0,battle-assets/炮弹/item__gulitejineng_amplaser,item/gulitejineng_amplaser
炮弹,gulitejineng_fireball,gulitejineng_fireball,0,4,battle-assets/炮弹/item__gulitejineng_fireball,item/gulitejineng_fireball
炮弹,gulitejineng_gridlight,gulitejineng_gridlight,2,0,battle-assets/炮弹/item__gulitejineng_gridlight,item/gulitejineng_gridlight
炮弹,gulitejineng_instance,gulitejineng_instance,1,3,battle-assets/炮弹/item__gulitejineng_instance,item/gulitejineng_instance
鱼雷,gulitejineng_soundlathfullburs_daodan,gulitejineng_soundlathfullburs_daodan,1,2,battle-assets/鱼雷/item__gulitejineng_soundlathfullburs_daodan,item/gulitejineng_soundlathfullburs_daodan
炮弹,guogan_zhanji,guogan_zhanji,0,0,battle-assets/炮弹/item__guogan_zhanji,item/guogan_zhanji
炮弹,heicanglong_huanyingchongfeng,heicanglong_huanyingchongfeng,0,2,battle-assets/炮弹/item__heicanglong_huanyingchongfeng,item/heicanglong_huanyingchongfeng
炮弹,heicanglong_lansehuapai,heicanglong_lansehuapai,1,0,battle-assets/炮弹/item__heicanglong_lansehuapai,item/heicanglong_lansehuapai
炮弹,heicanglong_zhuoying,heicanglong_zhuoying,1,2,battle-assets/炮弹/item__heicanglong_zhuoying,item/heicanglong_zhuoying
炮弹,heifangzhou_guangshudan,heifangzhou_guangshudan,1,3,battle-assets/炮弹/item__heifangzhou_guangshudan,item/heifangzhou_guangshudan
其他战斗特效,heifangzhou_gun01,heifangzhou_gun01,1,0,battle-assets/其他战斗特效/item__heifangzhou_gun01,item/heifangzhou_gun01
炮弹,heifangzhou_gun02,heifangzhou_gun02,1,2,battle-assets/炮弹/item__heifangzhou_gun02,item/heifangzhou_gun02
炮弹,heifangzhou_jxuying,heifangzhou_jxuying,0,8,battle-assets/炮弹/item__heifangzhou_jxuying,item/heifangzhou_jxuying
炮弹,heifangzhou_shuidizidan,heifangzhou_shuidizidan,1,2,battle-assets/炮弹/item__heifangzhou_shuidizidan,item/heifangzhou_shuidizidan
炮弹,heifangzhou_xiaoyu,heifangzhou_xiaoyu,1,2,battle-assets/炮弹/item__heifangzhou_xiaoyu,item/heifangzhou_xiaoyu
炮弹,heifangzhou_xiaoyu02,heifangzhou_xiaoyu02,1,2,battle-assets/炮弹/item__heifangzhou_xiaoyu02,item/heifangzhou_xiaoyu02
炮弹,heifangzhou_xiaoyu03,heifangzhou_xiaoyu03,1,2,battle-assets/炮弹/item__heifangzhou_xiaoyu03,item/heifangzhou_xiaoyu03
炮弹,heifangzhou_xiaoyu04,heifangzhou_xiaoyu04,1,2,battle-assets/炮弹/item__heifangzhou_xiaoyu04,item/heifangzhou_xiaoyu04
炮弹,heifangzhou_xuyingdan,heifangzhou_xuyingdan,0,8,battle-assets/炮弹/item__heifangzhou_xuyingdan,item/heifangzhou_xuyingdan
其他战斗特效,heifangzhou_xuyingdan_mirror,heifangzhou_xuyingdan_mirror,0,8,battle-assets/其他战斗特效/item__heifangzhou_xuyingdan_mirror,item/heifangzhou_xuyingdan_mirror
鱼雷,heifangzhou_zhendanzidan,heifangzhou_zhendanzidan,1,2,battle-assets/鱼雷/item__heifangzhou_zhendanzidan,item/heifangzhou_zhendanzidan
炮弹,heifangzhou_zhongyu,heifangzhou_zhongyu,1,3,battle-assets/炮弹/item__heifangzhou_zhongyu,item/heifangzhou_zhongyu
炮弹,heifangzhou_zhongyu_blue,heifangzhou_zhongyu_blue,1,2,battle-assets/炮弹/item__heifangzhou_zhongyu_blue,item/heifangzhou_zhongyu_blue
炮弹,heifangzhou_zhongyu_cyan,heifangzhou_zhongyu_cyan,1,2,battle-assets/炮弹/item__heifangzhou_zhongyu_cyan,item/heifangzhou_zhongyu_cyan
炮弹,heifangzhou_zhongyu_green,heifangzhou_zhongyu_green,1,3,battle-assets/炮弹/item__heifangzhou_zhongyu_green,item/heifangzhou_zhongyu_green
其他战斗特效,heifangzhou_zhongyu_pink,heifangzhou_zhongyu_pink,1,2,battle-assets/其他战斗特效/item__heifangzhou_zhongyu_pink,item/heifangzhou_zhongyu_pink
炮弹,heifangzhou_zhongyu_red,heifangzhou_zhongyu_red,1,3,battle-assets/炮弹/item__heifangzhou_zhongyu_red,item/heifangzhou_zhongyu_red
炮弹,heifangzhou_zhongyu_yellow,heifangzhou_zhongyu_yellow,1,2,battle-assets/炮弹/item__heifangzhou_zhongyu_yellow,item/heifangzhou_zhongyu_yellow
炮弹,heihailunna_fuyoupao,heihailunna_fuyoupao,1,1,battle-assets/炮弹/item__heihailunna_fuyoupao,item/heihailunna_fuyoupao
炮弹,heihailunna_guangshudan,heihailunna_guangshudan,1,3,battle-assets/炮弹/item__heihailunna_guangshudan,item/heihailunna_guangshudan
炮弹,heihailunna_jiandan01,heihailunna_jiandan01,1,0,battle-assets/炮弹/item__heihailunna_jiandan01,item/heihailunna_jiandan01
鱼雷,heihailunna_jiandan02,heihailunna_jiandan02,1,0,battle-assets/鱼雷/item__heihailunna_jiandan02,item/heihailunna_jiandan02
炮弹,heihailunna_jiandan03,heihailunna_jiandan03,1,0,battle-assets/炮弹/item__heihailunna_jiandan03,item/heihailunna_jiandan03
炮弹,heihailunna_jiandan04,heihailunna_jiandan04,1,0,battle-assets/炮弹/item__heihailunna_jiandan04,item/heihailunna_jiandan04
炮弹,heihailunna_jiandan05,heihailunna_jiandan05,1,0,battle-assets/炮弹/item__heihailunna_jiandan05,item/heihailunna_jiandan05
炮弹,heihailunna_lindan,heihailunna_lindan,0,0,battle-assets/炮弹/item__heihailunna_lindan,item/heihailunna_lindan
炮弹,heihailunna_lindan_big,heihailunna_lindan_big,0,1,battle-assets/炮弹/item__heihailunna_lindan_big,item/heihailunna_lindan_big
炮弹,heiqiye02,heiqiye02,1,1,battle-assets/炮弹/item__heiqiye02,item/heiqiye02
炮弹,heiqiye03,heiqiye03,1,2,battle-assets/炮弹/item__heiqiye03,item/heiqiye03
炮弹,heiqiye04,heiqiye04,1,0,battle-assets/炮弹/item__heiqiye04,item/heiqiye04
炮弹,heiqiye05,heiqiye05,1,1,battle-assets/炮弹/item__heiqiye05,item/heiqiye05
鱼雷,heiqiyebomb,heiqiyebomb,2,3,battle-assets/鱼雷/item__heiqiyebomb,item/heiqiyebomb
炮弹,heiqiyebomb_hit,heiqiyebomb_hit,0,4,battle-assets/炮弹/item__heiqiyebomb_hit,item/heiqiyebomb_hit
炮弹,heiwuzidan,heiwuzidan,1,1,battle-assets/炮弹/item__heiwuzidan,item/heiwuzidan
其他战斗特效,hololive_antisubarea,hololive_antisubarea,1,3,battle-assets/其他战斗特效/item__hololive_antisubarea,item/hololive_antisubarea
其他战斗特效,hololive_bossbuff,hololive_bossbuff,0,5,battle-assets/其他战斗特效/item__hololive_bossbuff,item/hololive_bossbuff
炮弹,hololive_bullet1,hololive_bullet1,1,1,battle-assets/炮弹/item__hololive_bullet1,item/hololive_bullet1
炮弹,hololive_bullet2,hololive_bullet2,1,1,battle-assets/炮弹/item__hololive_bullet2,item/hololive_bullet2
炮弹,hololive_holoyu,hololive_holoyu,1,0,battle-assets/炮弹/item__hololive_holoyu,item/hololive_holoyu
其他战斗特效,hololive_huoqiu,hololive_huoqiu,0,26,battle-assets/其他战斗特效/item__hololive_huoqiu,item/hololive_huoqiu
炮弹,hololive_jianzhui,hololive_jianzhui,1,0,battle-assets/炮弹/item__hololive_jianzhui,item/hololive_jianzhui
炮弹,hololive_laser01,hololive_laser01,0,28,battle-assets/炮弹/item__hololive_laser01,item/hololive_laser01
炮弹,hololive_laser02,hololive_laser02,0,28,battle-assets/炮弹/item__hololive_laser02,item/hololive_laser02
炮弹,hololive_xingxingzidan01,hololive_xingxingzidan01,1,3,battle-assets/炮弹/item__hololive_xingxingzidan01,item/hololive_xingxingzidan01
炮弹,hololive_zhanji01,hololive_zhanji01,0,0,battle-assets/炮弹/item__hololive_zhanji01,item/hololive_zhanji01
炮弹,hu_gaoyinzidan,hu_gaoyinzidan,1,3,battle-assets/炮弹/item__hu_gaoyinzidan,item/hu_gaoyinzidan
炮弹,hu_xingxingpaodan,hu_xingxingpaodan,1,4,battle-assets/炮弹/item__hu_xingxingpaodan,item/hu_xingxingpaodan
炮弹,hu_yinfuzidan,hu_yinfuzidan,1,1,battle-assets/炮弹/item__hu_yinfuzidan,item/hu_yinfuzidan
炮弹,huali_zidan,huali_zidan,2,3,battle-assets/炮弹/item__huali_zidan,item/huali_zidan
炮弹,huangjia_changjiang01,huangjia_changjiang01,2,3,battle-assets/炮弹/item__huangjia_changjiang01,item/huangjia_changjiang01
炮弹,huangjia_changjiang02,huangjia_changjiang02,2,3,battle-assets/炮弹/item__huangjia_changjiang02,item/huangjia_changjiang02
炮弹,huanxianghao_chushouzidan,huanxianghao_chushouzidan,1,0,battle-assets/炮弹/item__huanxianghao_chushouzidan,item/huanxianghao_chushouzidan
炮弹,huapai_baozha,huapai_baozha,1,1,battle-assets/炮弹/item__huapai_baozha,item/huapai_baozha
炮弹,huapai_baozha02,huapai_baozha02,1,6,battle-assets/炮弹/item__huapai_baozha02,item/huapai_baozha02
炮弹,huapai_baozha03,huapai_baozha03,1,2,battle-assets/炮弹/item__huapai_baozha03,item/huapai_baozha03
炮弹,huapai_jiansu,huapai_jiansu,1,1,battle-assets/炮弹/item__huapai_jiansu,item/huapai_jiansu
炮弹,hudiezidan_blue,hudiezidan_blue,0,3,battle-assets/炮弹/item__hudiezidan_blue,item/hudiezidan_blue
炮弹,hudiezidan_blue_black_m,hudiezidan_blue_black_m,1,3,battle-assets/炮弹/item__hudiezidan_blue_black_m,item/hudiezidan_blue_black_m
炮弹,hudiezidan_blue_m,hudiezidan_blue_m,0,3,battle-assets/炮弹/item__hudiezidan_blue_m,item/hudiezidan_blue_m
炮弹,hudiezidan_blue_mirror,hudiezidan_blue_mirror,0,3,battle-assets/炮弹/item__hudiezidan_blue_mirror,item/hudiezidan_blue_mirror
炮弹,hudiezidan_blue_trail,hudiezidan_blue_trail,0,3,battle-assets/炮弹/item__hudiezidan_blue_trail,item/hudiezidan_blue_trail
炮弹,hudiezidan_blue_trail_mirror,hudiezidan_blue_trail_mirror,0,3,battle-assets/炮弹/item__hudiezidan_blue_trail_mirror,item/hudiezidan_blue_trail_mirror
炮弹,hudiezidan_cyan_m,hudiezidan_cyan_m,0,3,battle-assets/炮弹/item__hudiezidan_cyan_m,item/hudiezidan_cyan_m
炮弹,hudiezidan_green,hudiezidan_green,1,2,battle-assets/炮弹/item__hudiezidan_green,item/hudiezidan_green
炮弹,hudiezidan_green_m,hudiezidan_green_m,1,3,battle-assets/炮弹/item__hudiezidan_green_m,item/hudiezidan_green_m
炮弹,hudiezidan_purple,hudiezidan_purple,0,3,battle-assets/炮弹/item__hudiezidan_purple,item/hudiezidan_purple
炮弹,hudiezidan_purple_black_m,hudiezidan_purple_black_m,1,3,battle-assets/炮弹/item__hudiezidan_purple_black_m,item/hudiezidan_purple_black_m
炮弹,hudiezidan_purple_m,hudiezidan_purple_m,0,3,battle-assets/炮弹/item__hudiezidan_purple_m,item/hudiezidan_purple_m
炮弹,hudiezidan_red,hudiezidan_red,0,3,battle-assets/炮弹/item__hudiezidan_red,item/hudiezidan_red
炮弹,hudiezidan_red_black_m,hudiezidan_red_black_m,1,3,battle-assets/炮弹/item__hudiezidan_red_black_m,item/hudiezidan_red_black_m
炮弹,hudiezidan_red_m,hudiezidan_red_m,0,3,battle-assets/炮弹/item__hudiezidan_red_m,item/hudiezidan_red_m
炮弹,hudiezidan_yellow_m,hudiezidan_yellow_m,1,3,battle-assets/炮弹/item__hudiezidan_yellow_m,item/hudiezidan_yellow_m
炮弹,huojiandan,huojiandan,1,4,battle-assets/炮弹/item__huojiandan,item/huojiandan
炮弹,huoyanqiu_alert,huoyanqiu_alert,0,7,battle-assets/炮弹/item__huoyanqiu_alert,item/huoyanqiu_alert
炮弹,hwxcl_1,hwxcl_1,1,3,battle-assets/炮弹/item__hwxcl_1,item/hwxcl_1
炮弹,hwxgz_1,hwxgz_1,1,1,battle-assets/炮弹/item__hwxgz_1,item/hwxgz_1
炮弹,hwxgz_2,hwxgz_2,1,4,battle-assets/炮弹/item__hwxgz_2,item/hwxgz_2
炮弹,hwxgz_2_low,hwxgz_2_low,1,3,battle-assets/炮弹/item__hwxgz_2_low,item/hwxgz_2_low
炮弹,hwxgz_3,hwxgz_3,1,1,battle-assets/炮弹/item__hwxgz_3,item/hwxgz_3
炮弹,hwxqb_1,hwxqb_1,1,1,battle-assets/炮弹/item__hwxqb_1,item/hwxqb_1
炮弹,hwxqb_2,hwxqb_2,1,0,battle-assets/炮弹/item__hwxqb_2,item/hwxqb_2
炮弹,hwxqb_3,hwxqb_3,1,1,battle-assets/炮弹/item__hwxqb_3,item/hwxqb_3
炮弹,jialisuoniai_chuizi,jialisuoniai_chuizi,1,0,battle-assets/炮弹/item__jialisuoniai_chuizi,item/jialisuoniai_chuizi
炮弹,jialisuoniai_jianqi,jialisuoniai_jianqi,0,0,battle-assets/炮弹/item__jialisuoniai_jianqi,item/jialisuoniai_jianqi
其他战斗特效,jianqi_1shizizhan,jianqi_1shizizhan,2,0,battle-assets/其他战斗特效/item__jianqi_1shizizhan,item/jianqi_1shizizhan
炮弹,jianqi_blue,jianqi_blue,1,0,battle-assets/炮弹/item__jianqi_blue,item/jianqi_blue
炮弹,jianqi_fire,jianqi_fire,1,3,battle-assets/炮弹/item__jianqi_fire,item/jianqi_fire
其他战斗特效,jianqi_fire_pink,jianqi_fire_pink,1,3,battle-assets/其他战斗特效/item__jianqi_fire_pink,item/jianqi_fire_pink
炮弹,jianqi_hengxiang_da,jianqi_hengxiang_da,0,0,battle-assets/炮弹/item__jianqi_hengxiang_da,item/jianqi_hengxiang_da
炮弹,jianqi_hengxiang_xiao,jianqi_hengxiang_xiao,0,0,battle-assets/炮弹/item__jianqi_hengxiang_xiao,item/jianqi_hengxiang_xiao
炮弹,jianqi_zongxiang_da,jianqi_zongxiang_da,0,2,battle-assets/炮弹/item__jianqi_zongxiang_da,item/jianqi_zongxiang_da
其他战斗特效,jianqi_zongxiang_xiao,jianqi_zongxiang_xiao,0,2,battle-assets/其他战斗特效/item__jianqi_zongxiang_xiao,item/jianqi_zongxiang_xiao
炮弹,jiantouzidan01,jiantouzidan01,1,0,battle-assets/炮弹/item__jiantouzidan01,item/jiantouzidan01
炮弹,jiantouzidan02,jiantouzidan02,1,0,battle-assets/炮弹/item__jiantouzidan02,item/jiantouzidan02
炮弹,jiantouzidan03,jiantouzidan03,1,0,battle-assets/炮弹/item__jiantouzidan03,item/jiantouzidan03
炮弹,jiantouzidan04,jiantouzidan04,1,0,battle-assets/炮弹/item__jiantouzidan04,item/jiantouzidan04
炮弹,jiantouzidan05,jiantouzidan05,1,0,battle-assets/炮弹/item__jiantouzidan05,item/jiantouzidan05
炮弹,jiantouzidan06,jiantouzidan06,1,0,battle-assets/炮弹/item__jiantouzidan06,item/jiantouzidan06
炮弹,jiantouzidan07,jiantouzidan07,1,0,battle-assets/炮弹/item__jiantouzidan07,item/jiantouzidan07
炮弹,jiantouzidan08,jiantouzidan08,1,0,battle-assets/炮弹/item__jiantouzidan08,item/jiantouzidan08
炮弹,jiantouzidan09,jiantouzidan09,1,0,battle-assets/炮弹/item__jiantouzidan09,item/jiantouzidan09
炮弹,jiantouzidan10,jiantouzidan10,1,0,battle-assets/炮弹/item__jiantouzidan10,item/jiantouzidan10
炮弹,jiantouzidan11,jiantouzidan11,1,0,battle-assets/炮弹/item__jiantouzidan11,item/jiantouzidan11
炮弹,jiantouzidan12,jiantouzidan12,1,0,battle-assets/炮弹/item__jiantouzidan12,item/jiantouzidan12
炮弹,jiantouzidan_random,jiantouzidan_random,1,1,battle-assets/炮弹/item__jiantouzidan_random,item/jiantouzidan_random
炮弹,jiaohuang_baozi,jiaohuang_baozi,0,1,battle-assets/炮弹/item__jiaohuang_baozi,item/jiaohuang_baozi
其他战斗特效,jiguang_yujing,jiguang_yujing,0,1,battle-assets/其他战斗特效/item__jiguang_yujing,item/jiguang_yujing
炮弹,jinluhao_chushouzidan,jinluhao_chushouzidan,1,0,battle-assets/炮弹/item__jinluhao_chushouzidan,item/jinluhao_chushouzidan
炮弹,jinluhao_kuanzidan,jinluhao_kuanzidan,6,35,battle-assets/炮弹/item__jinluhao_kuanzidan,item/jinluhao_kuanzidan
炮弹,jinshi_lvguang_bullet,jinshi_lvguang_bullet,4,17,battle-assets/炮弹/item__jinshi_lvguang_bullet,item/jinshi_lvguang_bullet
炮弹,jinshi_zidan_guang,jinshi_zidan_guang,0,4,battle-assets/炮弹/item__jinshi_zidan_guang,item/jinshi_zidan_guang
炮弹,jvjizidan,jvjizidan,2,1,battle-assets/炮弹/item__jvjizidan,item/jvjizidan
炮弹,kaerduqi_futou,kaerduqi_futou,1,0,battle-assets/炮弹/item__kaerduqi_futou,item/kaerduqi_futou
炮弹,kalaqiaoluo_blade,kalaqiaoluo_blade,1,0,battle-assets/炮弹/item__kalaqiaoluo_blade,item/kalaqiaoluo_blade
炮弹,kalaqiaoluo_zhanji,kalaqiaoluo_zhanji,0,0,battle-assets/炮弹/item__kalaqiaoluo_zhanji,item/kalaqiaoluo_zhanji
炮弹,kebu_yanzhao,kebu_yanzhao,1,0,battle-assets/炮弹/item__kebu_yanzhao,item/kebu_yanzhao
炮弹,kedouzidan_blue,kedouzidan_blue,1,0,battle-assets/炮弹/item__kedouzidan_blue,item/kedouzidan_blue
炮弹,kedouzidan_cyan,kedouzidan_cyan,1,0,battle-assets/炮弹/item__kedouzidan_cyan,item/kedouzidan_cyan
炮弹,kedouzidan_purple,kedouzidan_purple,1,0,battle-assets/炮弹/item__kedouzidan_purple,item/kedouzidan_purple
炮弹,kedouzidan_red,kedouzidan_red,1,0,battle-assets/炮弹/item__kedouzidan_red,item/kedouzidan_red
炮弹,kedouzidan_white,kedouzidan_white,1,0,battle-assets/炮弹/item__kedouzidan_white,item/kedouzidan_white
炮弹,keyan_bailongmofadan,keyan_bailongmofadan,1,1,battle-assets/炮弹/item__keyan_bailongmofadan,item/keyan_bailongmofadan
炮弹,keyan_huoyanshisheng,keyan_huoyanshisheng,1,3,battle-assets/炮弹/item__keyan_huoyanshisheng,item/keyan_huoyanshisheng
鱼雷,kuashe,kuashe,1,1,battle-assets/鱼雷/item__kuashe,item/kuashe
炮弹,kuasheap,kuasheap,1,1,battle-assets/炮弹/item__kuasheap,item/kuasheap
炮弹,kuasheap_04,kuasheap_04,1,1,battle-assets/炮弹/item__kuasheap_04,item/kuasheap_04
炮弹,kuashehe,kuashehe,1,1,battle-assets/炮弹/item__kuashehe,item/kuashehe
炮弹,kuashesap,kuashesap,1,1,battle-assets/炮弹/item__kuashesap,item/kuashesap
炮弹,kuashetuowei,kuashetuowei,1,3,battle-assets/炮弹/item__kuashetuowei,item/kuashetuowei
炮弹,lafeier_baituowei,lafeier_baituowei,1,3,battle-assets/炮弹/item__lafeier_baituowei,item/lafeier_baituowei
炮弹,lafeier_heituowei,lafeier_heituowei,1,3,battle-assets/炮弹/item__lafeier_heituowei,item/lafeier_heituowei
炮弹,lafeier_lanhei_1,lafeier_lanhei_1,1,0,battle-assets/炮弹/item__lafeier_lanhei_1,item/lafeier_lanhei_1
炮弹,lafeier_lanhei_2,lafeier_lanhei_2,1,0,battle-assets/炮弹/item__lafeier_lanhei_2,item/lafeier_lanhei_2
炮弹,laimuhao_changqiang,laimuhao_changqiang,1,0,battle-assets/炮弹/item__laimuhao_changqiang,item/laimuhao_changqiang
其他战斗特效,laimuhao_jian01,laimuhao_jian01,5,21,battle-assets/其他战斗特效/item__laimuhao_jian01,item/laimuhao_jian01
炮弹,laimuhao_jian02,laimuhao_jian02,1,0,battle-assets/炮弹/item__laimuhao_jian02,item/laimuhao_jian02
炮弹,laisha_anheiguangqiu,laisha_anheiguangqiu,0,4,battle-assets/炮弹/item__laisha_anheiguangqiu,item/laisha_anheiguangqiu
炮弹,laisha_fensedaoguang,laisha_fensedaoguang,2,3,battle-assets/炮弹/item__laisha_fensedaoguang,item/laisha_fensedaoguang
炮弹,laisha_gongjian,laisha_gongjian,1,3,battle-assets/炮弹/item__laisha_gongjian,item/laisha_gongjian
炮弹,laisha_hudiezidan,laisha_hudiezidan,1,4,battle-assets/炮弹/item__laisha_hudiezidan,item/laisha_hudiezidan
炮弹,laisha_huoyandaoguang,laisha_huoyandaoguang,2,2,battle-assets/炮弹/item__laisha_huoyandaoguang,item/laisha_huoyandaoguang
其他战斗特效,laisha_shanguangbaolie,laisha_shanguangbaolie,0,3,battle-assets/其他战斗特效/item__laisha_shanguangbaolie,item/laisha_shanguangbaolie
炮弹,laisha_sixingjiguang,laisha_sixingjiguang,0,32,battle-assets/炮弹/item__laisha_sixingjiguang,item/laisha_sixingjiguang
炮弹,laisha_yunshi,laisha_yunshi,1,4,battle-assets/炮弹/item__laisha_yunshi,item/laisha_yunshi
炮弹,laisha_zhonglijiya,laisha_zhonglijiya,0,18,battle-assets/炮弹/item__laisha_zhonglijiya,item/laisha_zhonglijiya
炮弹,laisha_zhuaji_bing,laisha_zhuaji_bing,0,13,battle-assets/炮弹/item__laisha_zhuaji_bing,item/laisha_zhuaji_bing
炮弹,laisha_zhuaji_feng,laisha_zhuaji_feng,0,11,battle-assets/炮弹/item__laisha_zhuaji_feng,item/laisha_zhuaji_feng
炮弹,laisha_zhuaji_huo,laisha_zhuaji_huo,0,11,battle-assets/炮弹/item__laisha_zhuaji_huo,item/laisha_zhuaji_huo
炮弹,laisha_zhuaji_lei,laisha_zhuaji_lei,0,11,battle-assets/炮弹/item__laisha_zhuaji_lei,item/laisha_zhuaji_lei
炮弹,laisha_zidan_bing,laisha_zidan_bing,0,4,battle-assets/炮弹/item__laisha_zidan_bing,item/laisha_zidan_bing
炮弹,laisha_zidan_chuangshichui,laisha_zidan_chuangshichui,1,4,battle-assets/炮弹/item__laisha_zidan_chuangshichui,item/laisha_zidan_chuangshichui
炮弹,laisha_zidan_feng,laisha_zidan_feng,0,4,battle-assets/炮弹/item__laisha_zidan_feng,item/laisha_zidan_feng
炮弹,laisha_zidan_heise,laisha_zidan_heise,0,4,battle-assets/炮弹/item__laisha_zidan_heise,item/laisha_zidan_heise
炮弹,laisha_zidan_huo,laisha_zidan_huo,0,4,battle-assets/炮弹/item__laisha_zidan_huo,item/laisha_zidan_huo
炮弹,laisha_zidan_lei,laisha_zidan_lei,0,4,battle-assets/炮弹/item__laisha_zidan_lei,item/laisha_zidan_lei
炮弹,laisha_zidan_na,laisha_zidan_na,0,4,battle-assets/炮弹/item__laisha_zidan_na,item/laisha_zidan_na
炮弹,laisha_zidan_paodan,laisha_zidan_paodan,1,4,battle-assets/炮弹/item__laisha_zidan_paodan,item/laisha_zidan_paodan
炮弹,lanhuopaodan,lanhuopaodan,1,1,battle-assets/炮弹/item__lanhuopaodan,item/lanhuopaodan
炮弹,lanhuopaodan03,lanhuopaodan03,1,3,battle-assets/炮弹/item__lanhuopaodan03,item/lanhuopaodan03
炮弹,lanhuopaodan04,lanhuopaodan04,1,5,battle-assets/炮弹/item__lanhuopaodan04,item/lanhuopaodan04
炮弹,lanhuoyinran,lanhuoyinran,0,8,battle-assets/炮弹/item__lanhuoyinran,item/lanhuoyinran
炮弹,lanhuoyinran02,lanhuoyinran02,0,8,battle-assets/炮弹/item__lanhuoyinran02,item/lanhuoyinran02
炮弹,lanhuozidan,lanhuozidan,1,0,battle-assets/炮弹/item__lanhuozidan,item/lanhuozidan
炮弹,lanhuozidan02,lanhuozidan02,1,0,battle-assets/炮弹/item__lanhuozidan02,item/lanhuozidan02
炮弹,lanseguangyun,lanseguangyun,0,1,battle-assets/炮弹/item__lanseguangyun,item/lanseguangyun
炮弹,lanseguangyun02,lanseguangyun02,0,1,battle-assets/炮弹/item__lanseguangyun02,item/lanseguangyun02
炮弹,leigeluo_tuzi,leigeluo_tuzi,1,1,battle-assets/炮弹/item__leigeluo_tuzi,item/leigeluo_tuzi
其他战斗特效,leihuo_notail,leihuo_notail,1,3,battle-assets/其他战斗特效/item__leihuo_notail,item/leihuo_notail
炮弹,leihuo_redtail,leihuo_redtail,1,3,battle-assets/炮弹/item__leihuo_redtail,item/leihuo_redtail
炮弹,leiniya_daoguang,leiniya_daoguang,1,2,battle-assets/炮弹/item__leiniya_daoguang,item/leiniya_daoguang
炮弹,leiniya_dazhao_pikan,leiniya_dazhao_pikan,5,126,battle-assets/炮弹/item__leiniya_dazhao_pikan,item/leiniya_dazhao_pikan
炮弹,leiniya_dazhao_zhuaji,leiniya_dazhao_zhuaji,5,70,battle-assets/炮弹/item__leiniya_dazhao_zhuaji,item/leiniya_dazhao_zhuaji
其他战斗特效,leiniya_hengsao,leiniya_hengsao,0,12,battle-assets/其他战斗特效/item__leiniya_hengsao,item/leiniya_hengsao
炮弹,lightning_down,lightning_down,0,5,battle-assets/炮弹/item__lightning_down,item/lightning_down
鱼雷,liuxingyu,liuxingyu,0,5,battle-assets/鱼雷/item__liuxingyu,item/liuxingyu
炮弹,longgong_huifu,longgong_huifu,1,2,battle-assets/炮弹/item__longgong_huifu,item/longgong_huifu
炮弹,longgong_liehuo,longgong_liehuo,1,0,battle-assets/炮弹/item__longgong_liehuo,item/longgong_liehuo
炮弹,longgong_nutao,longgong_nutao,1,2,battle-assets/炮弹/item__longgong_nutao,item/longgong_nutao
炮弹,longgong_nutao_nt,longgong_nutao_nt,1,2,battle-assets/炮弹/item__longgong_nutao_nt,item/longgong_nutao_nt
炮弹,longgong_tuxizidan,longgong_tuxizidan,1,2,battle-assets/炮弹/item__longgong_tuxizidan,item/longgong_tuxizidan
炮弹,longqibing_red,longqibing_red,2,3,battle-assets/炮弹/item__longqibing_red,item/longqibing_red
炮弹,lulutiye,lulutiye,1,1,battle-assets/炮弹/item__lulutiye,item/lulutiye
炮弹,luna_jiguang,luna_jiguang,0,12,battle-assets/炮弹/item__luna_jiguang,item/luna_jiguang
其他战斗特效,makesi_huoyanjiguang,makesi_huoyanjiguang,2,7,battle-assets/其他战斗特效/item__makesi_huoyanjiguang,item/makesi_huoyanjiguang
炮弹,maoyin,maoyin,1,3,battle-assets/炮弹/item__maoyin,item/maoyin
炮弹,maozhua,maozhua,0,2,battle-assets/炮弹/item__maozhua,item/maozhua
炮弹,maozhua1,maozhua1,0,2,battle-assets/炮弹/item__maozhua1,item/maozhua1
炮弹,meihuazidan_small,meihuazidan_small,1,0,battle-assets/炮弹/item__meihuazidan_small,item/meihuazidan_small
炮弹,meikelunbao_zhanji,meikelunbao_zhanji,3,6,battle-assets/炮弹/item__meikelunbao_zhanji,item/meikelunbao_zhanji
炮弹,meixi2_diancipao,meixi2_diancipao,2,4,battle-assets/炮弹/item__meixi2_diancipao,item/meixi2_diancipao
炮弹,meiyincizidan,meiyincizidan,1,0,battle-assets/炮弹/item__meiyincizidan,item/meiyincizidan
炮弹,mengfeisi_metazidan,mengfeisi_metazidan,1,1,battle-assets/炮弹/item__mengfeisi_metazidan,item/mengfeisi_metazidan
炮弹,mengmeng_greenbullet,mengmeng_greenbullet,2,0,battle-assets/炮弹/item__mengmeng_greenbullet,item/mengmeng_greenbullet
炮弹,mengmeng_pinkbullet,mengmeng_pinkbullet,2,0,battle-assets/炮弹/item__mengmeng_pinkbullet,item/mengmeng_pinkbullet
炮弹,meta_fireball,meta_fireball,0,5,battle-assets/炮弹/item__meta_fireball,item/meta_fireball
炮弹,mingyun_jianqi,mingyun_jianqi,1,0,battle-assets/炮弹/item__mingyun_jianqi,item/mingyun_jianqi
炮弹,mofazidan01,mofazidan01,0,2,battle-assets/炮弹/item__mofazidan01,item/mofazidan01
炮弹,mofazidan01_nt,mofazidan01_nt,0,1,battle-assets/炮弹/item__mofazidan01_nt,item/mofazidan01_nt
炮弹,mofazidan02,mofazidan02,0,2,battle-assets/炮弹/item__mofazidan02,item/mofazidan02
炮弹,mofazidan02_nt,mofazidan02_nt,0,1,battle-assets/炮弹/item__mofazidan02_nt,item/mofazidan02_nt
炮弹,mofazidan02_opacity,mofazidan02_opacity,0,1,battle-assets/炮弹/item__mofazidan02_opacity,item/mofazidan02_opacity
炮弹,mofazidan03,mofazidan03,0,2,battle-assets/炮弹/item__mofazidan03,item/mofazidan03
炮弹,mofazidan03_nt,mofazidan03_nt,0,1,battle-assets/炮弹/item__mofazidan03_nt,item/mofazidan03_nt
炮弹,mofazidan03_opacity,mofazidan03_opacity,0,1,battle-assets/炮弹/item__mofazidan03_opacity,item/mofazidan03_opacity
炮弹,mofazidan04,mofazidan04,0,2,battle-assets/炮弹/item__mofazidan04,item/mofazidan04
炮弹,mofazidan04_nt,mofazidan04_nt,0,1,battle-assets/炮弹/item__mofazidan04_nt,item/mofazidan04_nt
炮弹,mofazidan04_opacity,mofazidan04_opacity,0,1,battle-assets/炮弹/item__mofazidan04_opacity,item/mofazidan04_opacity
炮弹,mofazidan05_nt,mofazidan05_nt,0,1,battle-assets/炮弹/item__mofazidan05_nt,item/mofazidan05_nt
炮弹,mofazidan06_nt,mofazidan06_nt,1,1,battle-assets/炮弹/item__mofazidan06_nt,item/mofazidan06_nt
炮弹,mojiaduoer_futou,mojiaduoer_futou,1,2,battle-assets/炮弹/item__mojiaduoer_futou,item/mojiaduoer_futou
炮弹,mojiaduoer_mao,mojiaduoer_mao,1,1,battle-assets/炮弹/item__mojiaduoer_mao,item/mojiaduoer_mao
其他战斗特效,moliciqinwang_guihuo,moliciqinwang_guihuo,1,0,battle-assets/其他战斗特效/item__moliciqinwang_guihuo,item/moliciqinwang_guihuo
炮弹,moon_bullet01,moon_bullet01,1,0,battle-assets/炮弹/item__moon_bullet01,item/moon_bullet01
炮弹,moon_bullet02,moon_bullet02,1,0,battle-assets/炮弹/item__moon_bullet02,item/moon_bullet02
炮弹,moon_bullet03,moon_bullet03,1,0,battle-assets/炮弹/item__moon_bullet03,item/moon_bullet03
炮弹,moon_bullet04,moon_bullet04,1,0,battle-assets/炮弹/item__moon_bullet04,item/moon_bullet04
炮弹,music_chuantou,music_chuantou,1,0,battle-assets/炮弹/item__music_chuantou,item/music_chuantou
炮弹,music_chuantou1,music_chuantou1,1,0,battle-assets/炮弹/item__music_chuantou1,item/music_chuantou1
炮弹,music_genzong,music_genzong,1,0,battle-assets/炮弹/item__music_genzong,item/music_genzong
炮弹,music_genzong1,music_genzong1,1,0,battle-assets/炮弹/item__music_genzong1,item/music_genzong1
炮弹,music_genzong2,music_genzong2,1,0,battle-assets/炮弹/item__music_genzong2,item/music_genzong2
炮弹,music_shanghaitigao,music_shanghaitigao,1,0,battle-assets/炮弹/item__music_shanghaitigao,item/music_shanghaitigao
炮弹,music_yinfuzidan01,music_yinfuzidan01,1,2,battle-assets/炮弹/item__music_yinfuzidan01,item/music_yinfuzidan01
炮弹,music_yinfuzidan02,music_yinfuzidan02,1,2,battle-assets/炮弹/item__music_yinfuzidan02,item/music_yinfuzidan02
炮弹,music_yinfuzidan03,music_yinfuzidan03,1,2,battle-assets/炮弹/item__music_yinfuzidan03,item/music_yinfuzidan03
炮弹,music_yinfuzidan03_m,music_yinfuzidan03_m,1,2,battle-assets/炮弹/item__music_yinfuzidan03_m,item/music_yinfuzidan03_m
炮弹,music_yinfuzidan04,music_yinfuzidan04,1,2,battle-assets/炮弹/item__music_yinfuzidan04,item/music_yinfuzidan04
炮弹,music_yinfuzidan04_m,music_yinfuzidan04_m,1,2,battle-assets/炮弹/item__music_yinfuzidan04_m,item/music_yinfuzidan04_m
炮弹,music_yinfuzidan05,music_yinfuzidan05,1,2,battle-assets/炮弹/item__music_yinfuzidan05,item/music_yinfuzidan05
炮弹,music_yinfuzidan05_m,music_yinfuzidan05_m,1,2,battle-assets/炮弹/item__music_yinfuzidan05_m,item/music_yinfuzidan05_m
炮弹,music_yinfuzidan05_small,music_yinfuzidan05_small,1,2,battle-assets/炮弹/item__music_yinfuzidan05_small,item/music_yinfuzidan05_small
炮弹,music_yinfuzidan06,music_yinfuzidan06,1,2,battle-assets/炮弹/item__music_yinfuzidan06,item/music_yinfuzidan06
炮弹,music_yinfuzidan06_m,music_yinfuzidan06_m,1,2,battle-assets/炮弹/item__music_yinfuzidan06_m,item/music_yinfuzidan06_m
炮弹,music_yinfuzidan06_small,music_yinfuzidan06_small,1,2,battle-assets/炮弹/item__music_yinfuzidan06_small,item/music_yinfuzidan06_small
炮弹,music_yinfuzidan07_m,music_yinfuzidan07_m,1,2,battle-assets/炮弹/item__music_yinfuzidan07_m,item/music_yinfuzidan07_m
炮弹,music_yinfuzidan07_small,music_yinfuzidan07_small,1,2,battle-assets/炮弹/item__music_yinfuzidan07_small,item/music_yinfuzidan07_small
鱼雷,music_yulei,music_yulei,1,2,battle-assets/鱼雷/item__music_yulei,item/music_yulei
炮弹,music_zimudan,music_zimudan,1,2,battle-assets/炮弹/item__music_zimudan,item/music_zimudan
炮弹,nana_cloudon,nana_cloudon,3,33,battle-assets/炮弹/item__nana_cloudon,item/nana_cloudon
炮弹,nanaqie,nanaqie,1,1,battle-assets/炮弹/item__nanaqie,item/nanaqie
炮弹,nengliangqiu,nengliangqiu,0,12,battle-assets/炮弹/item__nengliangqiu,item/nengliangqiu
炮弹,按钮炮弹,nep_bullet_anniu,0,0,battle-assets/炮弹/item__nep_bullet_anniu,item/nep_bullet_anniu
炮弹,nep_bullet_green,nep_bullet_green,1,0,battle-assets/炮弹/item__nep_bullet_green,item/nep_bullet_green
炮弹,nep_bullet_green2,nep_bullet_green2,1,0,battle-assets/炮弹/item__nep_bullet_green2,item/nep_bullet_green2
炮弹,光盘炮弹,nep_bullet_guangpan,1,0,battle-assets/炮弹/item__nep_bullet_guangpan,item/nep_bullet_guangpan
炮弹,史莱努炮弹,nep_bullet_shilaimu,0,0,battle-assets/炮弹/item__nep_bullet_shilaimu,item/nep_bullet_shilaimu
炮弹,十字炮弹(紫),nep_bullet_shizi,0,0,battle-assets/炮弹/item__nep_bullet_shizi,item/nep_bullet_shizi
炮弹,香菇炮弹,nep_bullet_xianggu,0,0,battle-assets/炮弹/item__nep_bullet_xianggu,item/nep_bullet_xianggu
鱼雷,电池鱼雷,nep_torpedo_dianchi,1,2,battle-assets/鱼雷/item__nep_torpedo_dianchi,item/nep_torpedo_dianchi
炮弹,newbullet1,newbullet1,1,0,battle-assets/炮弹/item__newbullet1,item/newbullet1
炮弹,newbullet2,newbullet2,1,0,battle-assets/炮弹/item__newbullet2,item/newbullet2
炮弹,newbullet2_blue,newbullet2_blue,1,0,battle-assets/炮弹/item__newbullet2_blue,item/newbullet2_blue
炮弹,newbullet2_green,newbullet2_green,1,0,battle-assets/炮弹/item__newbullet2_green,item/newbullet2_green
炮弹,newbullet2_purple,newbullet2_purple,1,0,battle-assets/炮弹/item__newbullet2_purple,item/newbullet2_purple
炮弹,newbullet2_red,newbullet2_red,1,0,battle-assets/炮弹/item__newbullet2_red,item/newbullet2_red
炮弹,newbullet3,newbullet3,1,0,battle-assets/炮弹/item__newbullet3,item/newbullet3
炮弹,newbullet4,newbullet4,1,1,battle-assets/炮弹/item__newbullet4,item/newbullet4
炮弹,newbullet4_cyan,newbullet4_cyan,1,1,battle-assets/炮弹/item__newbullet4_cyan,item/newbullet4_cyan
炮弹,newbullet4_red,newbullet4_red,1,1,battle-assets/炮弹/item__newbullet4_red,item/newbullet4_red
炮弹,newbullet5,newbullet5,1,0,battle-assets/炮弹/item__newbullet5,item/newbullet5
炮弹,newbullet6,newbullet6,1,0,battle-assets/炮弹/item__newbullet6,item/newbullet6
炮弹,newbullet7,newbullet7,1,0,battle-assets/炮弹/item__newbullet7,item/newbullet7
炮弹,newbullet8,newbullet8,1,0,battle-assets/炮弹/item__newbullet8,item/newbullet8
炮弹,newbullet9,newbullet9,1,0,battle-assets/炮弹/item__newbullet9,item/newbullet9
炮弹,newlinkchancebomb,newlinkchancebomb,1,0,battle-assets/炮弹/item__newlinkchancebomb,item/newlinkchancebomb
炮弹,nina_jianglinji_zhanji,nina_jianglinji_zhanji,0,15,battle-assets/炮弹/item__nina_jianglinji_zhanji,item/nina_jianglinji_zhanji
炮弹,nina_zhanji_all,nina_zhanji_all,3,41,battle-assets/炮弹/item__nina_zhanji_all,item/nina_zhanji_all
炮弹,ninja_bullet01,ninja_bullet01,1,0,battle-assets/炮弹/item__ninja_bullet01,item/ninja_bullet01
炮弹,ninja_bullet02,ninja_bullet02,1,0,battle-assets/炮弹/item__ninja_bullet02,item/ninja_bullet02
炮弹,ninja_bullet03,ninja_bullet03,1,0,battle-assets/炮弹/item__ninja_bullet03,item/ninja_bullet03
炮弹,ninja_bullet04,ninja_bullet04,1,0,battle-assets/炮弹/item__ninja_bullet04,item/ninja_bullet04
炮弹,ninja_bullet05,ninja_bullet05,1,0,battle-assets/炮弹/item__ninja_bullet05,item/ninja_bullet05
炮弹,ninja_bullet06,ninja_bullet06,1,0,battle-assets/炮弹/item__ninja_bullet06,item/ninja_bullet06
鱼雷,ninja_bullet07,ninja_bullet07,1,0,battle-assets/鱼雷/item__ninja_bullet07,item/ninja_bullet07
鱼雷,none,none,0,1,battle-assets/鱼雷/item__none,item/none
炮弹,onimask,onimask,0,1,battle-assets/炮弹/item__onimask,item/onimask
炮弹,ouerliang_bullet01,ouerliang_bullet01,2,3,battle-assets/炮弹/item__ouerliang_bullet01,item/ouerliang_bullet01
炮弹,ouxiang_dayu,ouxiang_dayu,1,3,battle-assets/炮弹/item__ouxiang_dayu,item/ouxiang_dayu
炮弹,ouxiang_dayu_xinxin,ouxiang_dayu_xinxin,0,2,battle-assets/炮弹/item__ouxiang_dayu_xinxin,item/ouxiang_dayu_xinxin
炮弹,ouxiang_fense,ouxiang_fense,1,0,battle-assets/炮弹/item__ouxiang_fense,item/ouxiang_fense
炮弹,ouxiang_hong,ouxiang_hong,1,0,battle-assets/炮弹/item__ouxiang_hong,item/ouxiang_hong
炮弹,ouxiang_huang,ouxiang_huang,1,0,battle-assets/炮弹/item__ouxiang_huang,item/ouxiang_huang
炮弹,ouxiang_lan,ouxiang_lan,1,0,battle-assets/炮弹/item__ouxiang_lan,item/ouxiang_lan
炮弹,ouxiang_lv,ouxiang_lv,1,0,battle-assets/炮弹/item__ouxiang_lv,item/ouxiang_lv
炮弹,ouxiang_tanzhaodeng,ouxiang_tanzhaodeng,1,0,battle-assets/炮弹/item__ouxiang_tanzhaodeng,item/ouxiang_tanzhaodeng
炮弹,ouxiang_zi,ouxiang_zi,1,0,battle-assets/炮弹/item__ouxiang_zi,item/ouxiang_zi
炮弹,Rock Cannon炮弹,pandan_jupaobrs,0,0,battle-assets/炮弹/item__pandan_jupaobrs,item/pandan_jupaobrs
炮弹,Dead Scythe炮弹,pandan_liandaobrs,0,0,battle-assets/炮弹/item__pandan_liandaobrs,item/pandan_liandaobrs
炮弹,pangpei_bullet01,pangpei_bullet01,1,0,battle-assets/炮弹/item__pangpei_bullet01,item/pangpei_bullet01
炮弹,paodan_aerbi,paodan_aerbi,3,2,battle-assets/炮弹/item__paodan_aerbi,item/paodan_aerbi
炮弹,字幕炮弹:嗨多磨,paodan_ai_1,1,0,battle-assets/炮弹/item__paodan_ai_1,item/paodan_ai_1
炮弹,paodan_ai_1boss,paodan_ai_1boss,1,0,battle-assets/炮弹/item__paodan_ai_1boss,item/paodan_ai_1boss
炮弹,字幕炮弹:有罪,paodan_ai_2,1,0,battle-assets/炮弹/item__paodan_ai_2,item/paodan_ai_2
炮弹,字幕炮弹:可爱,paodan_ai_3,1,0,battle-assets/炮弹/item__paodan_ai_3,item/paodan_ai_3
炮弹,paodan_ai_3boss,paodan_ai_3boss,1,0,battle-assets/炮弹/item__paodan_ai_3boss,item/paodan_ai_3boss
炮弹,字幕炮弹:花Q,paodan_ai_4,1,0,battle-assets/炮弹/item__paodan_ai_4,item/paodan_ai_4
炮弹,生命之钥炮弹,paodan_anka,1,0,battle-assets/炮弹/item__paodan_anka,item/paodan_anka
炮弹,AQUA！！！！！,paodan_aqua,2,0,battle-assets/炮弹/item__paodan_aqua,item/paodan_aqua
炮弹,paodan_aqua1,paodan_aqua1,2,0,battle-assets/炮弹/item__paodan_aqua1,item/paodan_aqua1
炮弹,卦盘炮弹,paodan_bagua,1,0,battle-assets/炮弹/item__paodan_bagua,item/paodan_bagua
炮弹,白鹳(雕像)炮弹,paodan_baiguan,1,0,battle-assets/炮弹/item__paodan_baiguan,item/paodan_baiguan
炮弹,啾莱姆炮弹（爆弹）,paodan_baodanshilaimu,1,0,battle-assets/炮弹/item__paodan_baodanshilaimu,item/paodan_baodanshilaimu
炮弹,潜舟爆裂飞弹?,paodan_baoliefeidan,1,1,battle-assets/炮弹/item__paodan_baoliefeidan,item/paodan_baoliefeidan
炮弹,铁球爆破弹,paodan_baopodan,1,0,battle-assets/炮弹/item__paodan_baopodan,item/paodan_baopodan
炮弹,深渊宝箱弹,paodan_baoxiang,1,0,battle-assets/炮弹/item__paodan_baoxiang,item/paodan_baoxiang
炮弹,大钟楼炮弹,paodan_benzhong,0,0,battle-assets/炮弹/item__paodan_benzhong,item/paodan_benzhong
炮弹,便携冰箱炮弹,paodan_bianxiebingxiang,1,0,battle-assets/炮弹/item__paodan_bianxiebingxiang,item/paodan_bianxiebingxiang
炮弹,毛笔架炮弹,paodan_bijia,3,2,battle-assets/炮弹/item__paodan_bijia,item/paodan_bijia
炮弹,paodan_bingqilin,paodan_bingqilin,1,0,battle-assets/炮弹/item__paodan_bingqilin,item/paodan_bingqilin
炮弹,极冰之坠,paodan_bingqiu,1,4,battle-assets/炮弹/item__paodan_bingqiu,item/paodan_bingqiu
炮弹,冰棱炮弹,paodan_bingzhui,3,0,battle-assets/炮弹/item__paodan_bingzhui,item/paodan_bingzhui
炮弹,气功波炮弹,paodan_bodongquan,0,1,battle-assets/炮弹/item__paodan_bodongquan,item/paodan_bodongquan
炮弹,paodan_bulipaodan,paodan_bulipaodan,0,0,battle-assets/炮弹/item__paodan_bulipaodan,item/paodan_bulipaodan
炮弹,草丛？,paodan_caochong,1,0,battle-assets/炮弹/item__paodan_caochong,item/paodan_caochong
炮弹,陶瓷茶杯音响炮弹,paodan_chabeiyingxiang,1,2,battle-assets/炮弹/item__paodan_chabeiyingxiang,item/paodan_chabeiyingxiang
炮弹,魔术帽炮弹,paodan_chaijunmoshumao,1,2,battle-assets/炮弹/item__paodan_chaijunmoshumao,item/paodan_chaijunmoshumao
炮弹,场景道具,paodan_changjingdaoju,1,0,battle-assets/炮弹/item__paodan_changjingdaoju,item/paodan_changjingdaoju
炮弹,唱片炮弹,paodan_changpian,1,1,battle-assets/炮弹/item__paodan_changpian,item/paodan_changpian
炮弹,巨轮碾压炮弹,paodan_chelun,1,0,battle-assets/炮弹/item__paodan_chelun,item/paodan_chelun
炮弹,三角尺炮弹,paodan_chizi,1,1,battle-assets/炮弹/item__paodan_chizi,item/paodan_chizi
炮弹,充气穿甲弹（炮弹）,paodan_chongqichuanjiadan,1,2,battle-assets/炮弹/item__paodan_chongqichuanjiadan,item/paodan_chongqichuanjiadan
炮弹,充气导弹（炮弹）,paodan_chongqidaodan,1,3,battle-assets/炮弹/item__paodan_chongqidaodan,item/paodan_chongqidaodan
炮弹,充气炸弹（炮弹）,paodan_chongqizhadan,1,2,battle-assets/炮弹/item__paodan_chongqizhadan,item/paodan_chongqizhadan
炮弹,超级喵喵1号,paodan_chuitou,0,0,battle-assets/炮弹/item__paodan_chuitou,item/paodan_chuitou
炮弹,paodan_chuitou1,paodan_chuitou1,0,0,battle-assets/炮弹/item__paodan_chuitou1,item/paodan_chuitou1
炮弹,吹雪雀炮弹,paodan_chuixueque,1,0,battle-assets/炮弹/item__paodan_chuixueque,item/paodan_chuixueque
炮弹,paodan_chuixueque1,paodan_chuixueque1,1,0,battle-assets/炮弹/item__paodan_chuixueque1,item/paodan_chuixueque1
炮弹,锤子炮弹,paodan_chuizi,0,0,battle-assets/炮弹/item__paodan_chuizi,item/paodan_chuizi
炮弹,越界触须炮弹,paodan_chushou,2,2,battle-assets/炮弹/item__paodan_chushou,item/paodan_chushou
炮弹,paodan_dafu,paodan_dafu,1,0,battle-assets/炮弹/item__paodan_dafu,item/paodan_dafu
炮弹,啾啾气球炮弹,paodan_dahuangjiu,1,0,battle-assets/炮弹/item__paodan_dahuangjiu,item/paodan_dahuangjiu
炮弹,黑铁重剑,paodan_dajian,1,0,battle-assets/炮弹/item__paodan_dajian,item/paodan_dajian
炮弹,鏖杀公召唤（炮弹）,paodan_dal_aoshagong,1,0,battle-assets/炮弹/item__paodan_dal_aoshagong,item/paodan_dal_aoshagong
炮弹,飞翔的四糸奈（炮弹）,paodan_dal_sisinai,1,0,battle-assets/炮弹/item__paodan_dal_sisinai,item/paodan_dal_sisinai
炮弹,灼烂歼鬼大战斧（炮弹）,paodan_dal_xuanlanjiangui,1,0,battle-assets/炮弹/item__paodan_dal_xuanlanjiangui,item/paodan_dal_xuanlanjiangui
炮弹,炮弹·达摩啾,paodan_damojiu,1,0,battle-assets/炮弹/item__paodan_damojiu,item/paodan_damojiu
炮弹,久啾灯光炮弹,paodan_dengguangwurenji,1,0,battle-assets/炮弹/item__paodan_dengguangwurenji,item/paodan_dengguangwurenji
炮弹,炮弹·妖怪灯笼,paodan_denglong,1,0,battle-assets/炮弹/item__paodan_denglong,item/paodan_denglong
炮弹,迪斯科炮弹,paodan_dengqiu,1,5,battle-assets/炮弹/item__paodan_dengqiu,item/paodan_dengqiu
炮弹,登山包(？)炮弹,paodan_dengshanbao,1,0,battle-assets/炮弹/item__paodan_dengshanbao,item/paodan_dengshanbao
炮弹,登山靴(？)炮弹,paodan_dengshanxue,1,3,battle-assets/炮弹/item__paodan_dengshanxue,item/paodan_dengshanxue
炮弹,点踩炮弹,paodan_diancai,2,2,battle-assets/炮弹/item__paodan_diancai,item/paodan_diancai
炮弹,电话亭炮弹,paodan_dianhuating,1,0,battle-assets/炮弹/item__paodan_dianhuating,item/paodan_dianhuating
炮弹,点赞炮弹,paodan_dianzan,2,2,battle-assets/炮弹/item__paodan_dianzan,item/paodan_dianzan
炮弹,电子通缉令炮弹,paodan_dianzitongjiling,1,0,battle-assets/炮弹/item__paodan_dianzitongjiling,item/paodan_dianzitongjiling
炮弹,吊瓶炮弹,paodan_diaoping,1,0,battle-assets/炮弹/item__paodan_diaoping,item/paodan_diaoping
炮弹,纪念雕像炮弹,paodan_diaosu,1,1,battle-assets/炮弹/item__paodan_diaosu,item/paodan_diaosu
炮弹,地球仪炮弹,paodan_diqiuyi,1,0,battle-assets/炮弹/item__paodan_diqiuyi,item/paodan_diqiuyi
炮弹,地下城超级豪华珍珠三明治,paodan_dixiachengsanmingzhi,1,0,battle-assets/炮弹/item__paodan_dixiachengsanmingzhi,item/paodan_dixiachengsanmingzhi
炮弹,冬瓜盅炮弹,paodan_dongguazhong,1,0,battle-assets/炮弹/item__paodan_dongguazhong,item/paodan_dongguazhong
炮弹,精选礼盒炮弹,paodan_dongzhi,1,0,battle-assets/炮弹/item__paodan_dongzhi,item/paodan_dongzhi
炮弹,购物礼盒炮弹,paodan_dongzhigouwuhe,2,1,battle-assets/炮弹/item__paodan_dongzhigouwuhe,item/paodan_dongzhigouwuhe
炮弹,游侠斗笠炮弹,paodan_douli,1,0,battle-assets/炮弹/item__paodan_douli,item/paodan_douli
炮弹,杂技车炮弹,paodan_dulunche,1,0,battle-assets/炮弹/item__paodan_dulunche,item/paodan_dulunche
炮弹,多汁桃子炮弹,paodan_duozhitaozi,1,0,battle-assets/炮弹/item__paodan_duozhitaozi,item/paodan_duozhitaozi
炮弹,烛台炮弹,paodan_emozhutai,5,3,battle-assets/炮弹/item__paodan_emozhutai,item/paodan_emozhutai
炮弹,赛车方向盘炮弹,paodan_fangxiangpan,2,1,battle-assets/炮弹/item__paodan_fangxiangpan,item/paodan_fangxiangpan
炮弹,犯罪预告函炮弹,paodan_fanzuiyugaohan,1,0,battle-assets/炮弹/item__paodan_fanzuiyugaohan,item/paodan_fanzuiyugaohan
炮弹,标靶炮弹,paodan_feibiaopan,1,0,battle-assets/炮弹/item__paodan_feibiaopan,item/paodan_feibiaopan
炮弹,飞刀炮弹,paodan_feidao,1,0,battle-assets/炮弹/item__paodan_feidao,item/paodan_feidao
炮弹,风车炮弹,paodan_fengche,1,0,battle-assets/炮弹/item__paodan_fengche,item/paodan_fengche
炮弹,火焰飞轮炮弹,paodan_fenghuolun,2,2,battle-assets/炮弹/item__paodan_fenghuolun,item/paodan_fenghuolun
炮弹,福豆炮弹,paodan_fudou,1,3,battle-assets/炮弹/item__paodan_fudou,item/paodan_fudou
炮弹,斧头炮弹,paodan_futou,1,1,battle-assets/炮弹/item__paodan_futou,item/paodan_futou
炮弹,拂晓魔导书炮弹,paodan_fuxiaomodaoshu,1,2,battle-assets/炮弹/item__paodan_fuxiaomodaoshu,item/paodan_fuxiaomodaoshu
炮弹,浮游灵炮弹,paodan_fuyouling,1,0,battle-assets/炮弹/item__paodan_fuyouling,item/paodan_fuyouling
炮弹,高跟鞋炮弹,paodan_gaogenxie,1,1,battle-assets/炮弹/item__paodan_gaogenxie,item/paodan_gaogenxie
炮弹,高级哈密瓜炮弹,paodan_gaojihamigua,1,0,battle-assets/炮弹/item__paodan_gaojihamigua,item/paodan_gaojihamigua
炮弹,个人舞台,paodan_gerenwutai,1,0,battle-assets/炮弹/item__paodan_gerenwutai,item/paodan_gerenwutai
炮弹,篝火炮弹,paodan_gouhuo,0,0,battle-assets/炮弹/item__paodan_gouhuo,item/paodan_gouhuo
炮弹,paodan_gouwuhe,paodan_gouwuhe,2,1,battle-assets/炮弹/item__paodan_gouwuhe,item/paodan_gouwuhe
炮弹,夜行假面炮弹,paodan_guaidaomianju,1,0,battle-assets/炮弹/item__paodan_guaidaomianju,item/paodan_guaidaomianju
炮弹,血色永眠炮弹,paodan_guancai,1,0,battle-assets/炮弹/item__paodan_guancai,item/paodan_guancai
炮弹,封印圣罐炮弹,paodan_guanzi,1,0,battle-assets/炮弹/item__paodan_guanzi,item/paodan_guanzi
炮弹,挂钟炮弹,paodan_guazhong,1,0,battle-assets/炮弹/item__paodan_guazhong,item/paodan_guazhong
炮弹,蒸汽爆发炮弹,paodan_guolu,1,0,battle-assets/炮弹/item__paodan_guolu,item/paodan_guolu
炮弹,啾莱姆炮弹（国王）,paodan_guowangshilaimu,1,0,battle-assets/炮弹/item__paodan_guowangshilaimu,item/paodan_guowangshilaimu
炮弹,船长帽炮弹,paodan_haidaomao,1,0,battle-assets/炮弹/item__paodan_haidaomao,item/paodan_haidaomao
炮弹,海底提灯炮弹,paodan_haiditideng,1,1,battle-assets/炮弹/item__paodan_haiditideng,item/paodan_haiditideng
炮弹,随波逐流炮弹 ,paodan_hailang,1,0,battle-assets/炮弹/item__paodan_hailang,item/paodan_hailang
炮弹,汉堡炮弹,paodan_hanbao,1,0,battle-assets/炮弹/item__paodan_hanbao,item/paodan_hanbao
炮弹,黑森林蛋糕炮弹,paodan_heisenlin,1,0,battle-assets/炮弹/item__paodan_heisenlin,item/paodan_heisenlin
炮弹,paodan_heisenlin_big,paodan_heisenlin_big,1,0,battle-assets/炮弹/item__paodan_heisenlin_big,item/paodan_heisenlin_big
炮弹,paodan_heiwu,paodan_heiwu,1,0,battle-assets/炮弹/item__paodan_heiwu,item/paodan_heiwu
炮弹,巧克力礼盒炮弹,paodan_hezi,5,5,battle-assets/炮弹/item__paodan_hezi,item/paodan_hezi
鱼雷,红月炮弹,paodan_hongyue,0,0,battle-assets/鱼雷/item__paodan_hongyue,item/paodan_hongyue
炮弹,蔚蓝王冠炮弹,paodan_huangguan,1,0,battle-assets/炮弹/item__paodan_huangguan,item/paodan_huangguan
炮弹,皇家料理炮弹,paodan_huangjialiaoli,1,0,battle-assets/炮弹/item__paodan_huangjialiaoli,item/paodan_huangjialiaoli
炮弹,石化啾啾像炮弹,paodan_huangjidiaoxiang,1,0,battle-assets/炮弹/item__paodan_huangjidiaoxiang,item/paodan_huangjidiaoxiang
炮弹,花束炮弹,paodan_huashu,1,0,battle-assets/炮弹/item__paodan_huashu,item/paodan_huashu
炮弹,滑梯炮弹,paodan_huati,1,2,battle-assets/炮弹/item__paodan_huati,item/paodan_huati
炮弹,彗星炮弹,paodan_huixing,1,9,battle-assets/炮弹/item__paodan_huixing,item/paodan_huixing
炮弹,paodan_huixing_low,paodan_huixing_low,1,9,battle-assets/炮弹/item__paodan_huixing_low,item/paodan_huixing_low
炮弹,护林灭火弹,paodan_hulinmiehuodan,1,1,battle-assets/炮弹/item__paodan_hulinmiehuodan,item/paodan_hulinmiehuodan
炮弹,法宝葫芦炮弹,paodan_hulu,1,0,battle-assets/炮弹/item__paodan_hulu,item/paodan_hulu
炮弹,兵器炮弹·蛇矛,paodan_hunianshemao,1,0,battle-assets/炮弹/item__paodan_hunianshemao,item/paodan_hunianshemao
炮弹,兵器炮弹·双股剑,paodan_hunianshuanggujian,1,0,battle-assets/炮弹/item__paodan_hunianshuanggujian,item/paodan_hunianshuanggujian
炮弹,兵器炮弹·冷艳锯,paodan_hunianyanyuedao,1,0,battle-assets/炮弹/item__paodan_hunianyanyuedao,item/paodan_hunianyanyuedao
炮弹,星轨遗器炮弹,paodan_huntianyi,2,0,battle-assets/炮弹/item__paodan_huntianyi,item/paodan_huntianyi
鱼雷,火球炮弹,paodan_huoqiu,0,2,battle-assets/鱼雷/item__paodan_huoqiu,item/paodan_huoqiu
炮弹,paodan_huoqiu_black,paodan_huoqiu_black,0,2,battle-assets/炮弹/item__paodan_huoqiu_black,item/paodan_huoqiu_black
炮弹,paodan_huoqiu_black_middle,paodan_huoqiu_black_middle,0,2,battle-assets/炮弹/item__paodan_huoqiu_black_middle,item/paodan_huoqiu_black_middle
炮弹,paodan_huoqiu_black_small,paodan_huoqiu_black_small,0,2,battle-assets/炮弹/item__paodan_huoqiu_black_small,item/paodan_huoqiu_black_small
炮弹,paodan_huoqiu_blue,paodan_huoqiu_blue,0,2,battle-assets/炮弹/item__paodan_huoqiu_blue,item/paodan_huoqiu_blue
鱼雷,paodan_huoqiu_blue_middle,paodan_huoqiu_blue_middle,0,2,battle-assets/鱼雷/item__paodan_huoqiu_blue_middle,item/paodan_huoqiu_blue_middle
炮弹,paodan_huoqiu_blue_small,paodan_huoqiu_blue_small,0,2,battle-assets/炮弹/item__paodan_huoqiu_blue_small,item/paodan_huoqiu_blue_small
炮弹,paodan_huoqiu_middle,paodan_huoqiu_middle,0,2,battle-assets/炮弹/item__paodan_huoqiu_middle,item/paodan_huoqiu_middle
炮弹,paodan_huoqiu_purple,paodan_huoqiu_purple,0,2,battle-assets/炮弹/item__paodan_huoqiu_purple,item/paodan_huoqiu_purple
鱼雷,paodan_huoqiu_purple_middle,paodan_huoqiu_purple_middle,0,2,battle-assets/鱼雷/item__paodan_huoqiu_purple_middle,item/paodan_huoqiu_purple_middle
炮弹,paodan_huoqiu_purple_small,paodan_huoqiu_purple_small,0,2,battle-assets/炮弹/item__paodan_huoqiu_purple_small,item/paodan_huoqiu_purple_small
炮弹,paodan_huoqiu_small,paodan_huoqiu_small,0,2,battle-assets/炮弹/item__paodan_huoqiu_small,item/paodan_huoqiu_small
炮弹,火纹金扣炮弹,paodan_huowen,1,0,battle-assets/炮弹/item__paodan_huowen,item/paodan_huowen
炮弹,paodan_huweilingdang,paodan_huweilingdang,1,0,battle-assets/炮弹/item__paodan_huweilingdang,item/paodan_huweilingdang
炮弹,琴键猫猫头炮弹,paodan_jianpanmao,1,1,battle-assets/炮弹/item__paodan_jianpanmao,item/paodan_jianpanmao
炮弹,剑阵炮弹,paodan_jianzhen,0,2,battle-assets/炮弹/item__paodan_jianzhen,item/paodan_jianzhen
炮弹,饺子炮弹,paodan_jiaozi,1,0,battle-assets/炮弹/item__paodan_jiaozi,item/paodan_jiaozi
炮弹,假牙炮弹,paodan_jiaya,2,1,battle-assets/炮弹/item__paodan_jiaya,item/paodan_jiaya
炮弹,灯笼炮弹,paodan_jiedeng,1,1,battle-assets/炮弹/item__paodan_jiedeng,item/paodan_jiedeng
炮弹,辉光能量炮弹,paodan_jiguangquan,0,0,battle-assets/炮弹/item__paodan_jiguangquan,item/paodan_jiguangquan
炮弹,急救箱(？)炮弹,paodan_jijiuxiang,1,0,battle-assets/炮弹/item__paodan_jijiuxiang,item/paodan_jijiuxiang
炮弹,竞技西瓜炮弹,paodan_jingjixigua,1,0,battle-assets/炮弹/item__paodan_jingjixigua,item/paodan_jingjixigua
炮弹,惊吓盒子炮弹,paodan_jingxihezi,1,0,battle-assets/炮弹/item__paodan_jingxihezi,item/paodan_jingxihezi
炮弹,鲸鱼气球炮弹,paodan_jingyu,1,0,battle-assets/炮弹/item__paodan_jingyu,item/paodan_jingyu
炮弹,金枪鱼浮球炮弹,paodan_jinqiangyu,1,0,battle-assets/炮弹/item__paodan_jinqiangyu,item/paodan_jinqiangyu
炮弹,鹤鸣炮弹,paodan_jinwu,1,1,battle-assets/炮弹/item__paodan_jinwu,item/paodan_jinwu
炮弹,永恒金字塔炮弹,paodan_jinzita,1,0,battle-assets/炮弹/item__paodan_jinzita,item/paodan_jinzita
炮弹,神秘记事本炮弹,paodan_jishiben_doa,1,0,battle-assets/炮弹/item__paodan_jishiben_doa,item/paodan_jishiben_doa
炮弹,酒葫芦炮弹,paodan_jiuhulu,1,0,battle-assets/炮弹/item__paodan_jiuhulu,item/paodan_jiuhulu
炮弹,展品啾炮弹,paodan_jiujiuwanou,1,2,battle-assets/炮弹/item__paodan_jiujiuwanou,item/paodan_jiujiuwanou
炮弹,聚光灯,paodan_juguangdeng,1,0,battle-assets/炮弹/item__paodan_juguangdeng,item/paodan_juguangdeng
炮弹,可乐炮弹,paodan_kele,1,0,battle-assets/炮弹/item__paodan_kele,item/paodan_kele
炮弹,空间站炮弹,paodan_kongjianzhan,1,0,battle-assets/炮弹/item__paodan_kongjianzhan,item/paodan_kongjianzhan
炮弹,兔兔喇叭炮弹,paodan_laba,1,0,battle-assets/炮弹/item__paodan_laba,item/paodan_laba
炮弹,镰刀炮弹,paodan_liandao,0,0,battle-assets/炮弹/item__paodan_liandao,item/paodan_liandao
炮弹,清荷炮弹,paodan_lianhua,1,0,battle-assets/炮弹/item__paodan_lianhua,item/paodan_lianhua
炮弹,车长帽炮弹,paodan_liechezhangmaozi,1,0,battle-assets/炮弹/item__paodan_liechezhangmaozi,item/paodan_liechezhangmaozi
炮弹,paodan_liekexingdunii,paodan_liekexingdunii,1,1,battle-assets/炮弹/item__paodan_liekexingdunii,item/paodan_liekexingdunii
炮弹,精选礼盒炮弹,paodan_liherifu,1,0,battle-assets/炮弹/item__paodan_liherifu,item/paodan_liherifu
炮弹,大铃铛炮弹,paodan_lingdang,1,3,battle-assets/炮弹/item__paodan_lingdang,item/paodan_lingdang
炮弹,另一颗星球炮弹,paodan_lingyikexingqiu,1,4,battle-assets/炮弹/item__paodan_lingyikexingqiu,item/paodan_lingyikexingqiu
炮弹,流星炮弹,paodan_liuxing,1,0,battle-assets/炮弹/item__paodan_liuxing,item/paodan_liuxing
炮弹,恋星炮弹,paodan_love,1,0,battle-assets/炮弹/item__paodan_love,item/paodan_love
炮弹,轮胎啾炮弹,paodan_luntaijiu,2,3,battle-assets/炮弹/item__paodan_luntaijiu,item/paodan_luntaijiu
炮弹,废弃轮椅炮弹,paodan_lunyi,1,2,battle-assets/炮弹/item__paodan_lunyi,item/paodan_lunyi
炮弹,毛巾炮弹,paodan_maojin,1,0,battle-assets/炮弹/item__paodan_maojin,item/paodan_maojin
炮弹,马赛克希望炮弹,paodan_masaikexiwang,1,2,battle-assets/炮弹/item__paodan_masaikexiwang,item/paodan_masaikexiwang
炮弹,煤油灯炮弹,paodan_meiyoudeng,1,1,battle-assets/炮弹/item__paodan_meiyoudeng,item/paodan_meiyoudeng
炮弹,妖怪面具炮弹,paodan_mianjv,1,1,battle-assets/炮弹/item__paodan_mianjv,item/paodan_mianjv
炮弹,炮弹·秘法卷轴,paodan_mifajuanzhou,1,0,battle-assets/炮弹/item__paodan_mifajuanzhou,item/paodan_mifajuanzhou
炮弹,名画炮弹,paodan_minghua,1,0,battle-assets/炮弹/item__paodan_minghua,item/paodan_minghua
炮弹,魔法帽炮弹,paodan_mofamao,1,0,battle-assets/炮弹/item__paodan_mofamao,item/paodan_mofamao
炮弹,魔法秘酿炮弹,paodan_mofaminiang,1,0,battle-assets/炮弹/item__paodan_mofaminiang,item/paodan_mofaminiang
炮弹,啾莱姆炮弹（魔法）,paodan_mofashilaimu,1,0,battle-assets/炮弹/item__paodan_mofashilaimu,item/paodan_mofashilaimu
炮弹,魔法书炮弹,paodan_mofashu,1,0,battle-assets/炮弹/item__paodan_mofashu,item/paodan_mofashu
炮弹,魔法阵炮弹,paodan_mofazhen,1,0,battle-assets/炮弹/item__paodan_mofazhen,item/paodan_mofazhen
炮弹,炮弹：魔术帽,paodan_moshumao,0,0,battle-assets/炮弹/item__paodan_moshumao,item/paodan_moshumao
炮弹,桶子炮弹,paodan_mutong,1,0,battle-assets/炮弹/item__paodan_mutong,item/paodan_mutong
炮弹,桶子炮弹,paodan_mutong_yumia,1,0,battle-assets/炮弹/item__paodan_mutong_yumia,item/paodan_mutong_yumia
炮弹,木鞋炮弹,paodan_muxie,1,0,battle-assets/炮弹/item__paodan_muxie,item/paodan_muxie
炮弹,奶酪炮弹,paodan_nailao,1,0,battle-assets/炮弹/item__paodan_nailao,item/paodan_nailao
炮弹,炮弹:南瓜稻草人,paodan_nanguadaocaoren,1,0,battle-assets/炮弹/item__paodan_nanguadaocaoren,item/paodan_nanguadaocaoren
炮弹,炮弹：南瓜头,paodan_nanguatou,1,0,battle-assets/炮弹/item__paodan_nanguatou,item/paodan_nanguatou
炮弹,火焰炮弹,paodan_nengliangdan,0,0,battle-assets/炮弹/item__paodan_nengliangdan,item/paodan_nengliangdan
炮弹,流翠能量炮弹,paodan_nengliangmaodian,0,0,battle-assets/炮弹/item__paodan_nengliangmaodian,item/paodan_nengliangmaodian
炮弹,年糕炮弹,paodan_niangao,1,0,battle-assets/炮弹/item__paodan_niangao,item/paodan_niangao
炮弹,三式拳套炮弹,paodan_nier_fist,1,4,battle-assets/炮弹/item__paodan_nier_fist,item/paodan_nier_fist
炮弹,机械生命体炮弹,paodan_nier_robothead,1,4,battle-assets/炮弹/item__paodan_nier_robothead,item/paodan_nier_robothead
炮弹,牛仔帽炮弹,paodan_niuzaimao,1,0,battle-assets/炮弹/item__paodan_niuzaimao,item/paodan_niuzaimao
炮弹,牛仔靴炮弹,paodan_niuzaixue,1,0,battle-assets/炮弹/item__paodan_niuzaixue,item/paodan_niuzaixue
炮弹,托盘炮弹,paodan_nvpucanpan,1,0,battle-assets/炮弹/item__paodan_nvpucanpan,item/paodan_nvpucanpan
炮弹,蛋包饭炮弹,paodan_nvpudanbaofan,1,0,battle-assets/炮弹/item__paodan_nvpudanbaofan,item/paodan_nvpudanbaofan
炮弹,糖罐炮弹,paodan_nvputangguan,1,0,battle-assets/炮弹/item__paodan_nvputangguan,item/paodan_nvputangguan
炮弹,晶莹护甲油炮弹,paodan_nvshenli_doa,1,0,battle-assets/炮弹/item__paodan_nvshenli_doa,item/paodan_nvshenli_doa
炮弹,偶像猫爪炮弹,paodan_ouxiangmaozhua,1,0,battle-assets/炮弹/item__paodan_ouxiangmaozhua,item/paodan_ouxiangmaozhua
炮弹,碰碰车炮弹,paodan_pengpengche,1,0,battle-assets/炮弹/item__paodan_pengpengche,item/paodan_pengpengche
炮弹,怪谈啾啾炮弹,paodan_pinhewawa,1,2,battle-assets/炮弹/item__paodan_pinhewawa,item/paodan_pinhewawa
炮弹,Pizza炮弹,paodan_pisa,1,0,battle-assets/炮弹/item__paodan_pisa,item/paodan_pisa
炮弹,深海陈酿炮弹,paodan_pojiutong,1,0,battle-assets/炮弹/item__paodan_pojiutong,item/paodan_pojiutong
炮弹,蒲公英炮弹,paodan_pugongying,4,2,battle-assets/炮弹/item__paodan_pugongying,item/paodan_pugongying
炮弹,跷跷板炮弹,paodan_qiaoqiaoban,1,2,battle-assets/炮弹/item__paodan_qiaoqiaoban,item/paodan_qiaoqiaoban
炮弹,青花瓷炮弹,paodan_qinghuaci,1,0,battle-assets/炮弹/item__paodan_qinghuaci,item/paodan_qinghuaci
炮弹,气球炮弹,paodan_qiqiu,1,1,battle-assets/炮弹/item__paodan_qiqiu,item/paodan_qiqiu
炮弹,球形闪电炮弹,paodan_qiuxingshandian,3,9,battle-assets/炮弹/item__paodan_qiuxingshandian,item/paodan_qiuxingshandian
炮弹,机甲铁拳炮弹,paodan_quantou,1,0,battle-assets/炮弹/item__paodan_quantou,item/paodan_quantou
炮弹,旋转镰刀炮弹,paodan_renzheliandao,1,0,battle-assets/炮弹/item__paodan_renzheliandao,item/paodan_renzheliandao
炮弹,螺旋日晷炮弹,paodan_rimian,1,2,battle-assets/炮弹/item__paodan_rimian,item/paodan_rimian
炮弹,肉肉炮弹,paodan_rou,1,0,battle-assets/炮弹/item__paodan_rou,item/paodan_rou
炮弹,森林之心炮弹（蓝）,paodan_senlinzhixin_blue,1,0,battle-assets/炮弹/item__paodan_senlinzhixin_blue,item/paodan_senlinzhixin_blue
炮弹,森林之心炮弹（绿）,paodan_senlinzhixin_green,1,0,battle-assets/炮弹/item__paodan_senlinzhixin_green,item/paodan_senlinzhixin_green
炮弹,森林之心炮弹（紫）,paodan_senlinzhixin_purple,1,0,battle-assets/炮弹/item__paodan_senlinzhixin_purple,item/paodan_senlinzhixin_purple
炮弹,数码相机炮弹,paodan_shaguaxiangji,1,0,battle-assets/炮弹/item__paodan_shaguaxiangji,item/paodan_shaguaxiangji
炮弹,魔术骰子炮弹,paodan_shaizi,5,8,battle-assets/炮弹/item__paodan_shaizi,item/paodan_shaizi
炮弹,闪电炮弹,paodan_shandian,0,4,battle-assets/炮弹/item__paodan_shandian,item/paodan_shandian
炮弹,海滨沙堡炮弹,paodan_shatanchengbao,1,0,battle-assets/炮弹/item__paodan_shatanchengbao,item/paodan_shatanchengbao
炮弹,沙滩排球炮弹,paodan_shatanpaiqiu,1,0,battle-assets/炮弹/item__paodan_shatanpaiqiu,item/paodan_shatanpaiqiu
炮弹,星轨之环炮弹,paodan_shengqiu,1,1,battle-assets/炮弹/item__paodan_shengqiu,item/paodan_shengqiu
炮弹,镜头收纳箱炮弹,paodan_sheyinggongjuxiang,1,0,battle-assets/炮弹/item__paodan_sheyinggongjuxiang,item/paodan_sheyinggongjuxiang
炮弹,矢车菊炮弹,paodan_shicheju,1,0,battle-assets/炮弹/item__paodan_shicheju,item/paodan_shicheju
炮弹,石膏炮弹,paodan_shigao,1,0,battle-assets/炮弹/item__paodan_shigao,item/paodan_shigao
炮弹,式鬼壱号,paodan_shigui,1,1,battle-assets/炮弹/item__paodan_shigui,item/paodan_shigui
炮弹,炮弹:石墓碑,paodan_shimubei,1,0,battle-assets/炮弹/item__paodan_shimubei,item/paodan_shimubei
炮弹,石狮子炮弹,paodan_shishizi,1,0,battle-assets/炮弹/item__paodan_shishizi,item/paodan_shishizi
炮弹,狮子头炮弹,paodan_shizitou,1,0,battle-assets/炮弹/item__paodan_shizitou,item/paodan_shizitou
炮弹,诊疗灯炮弹,paodan_shoushudeng,1,2,battle-assets/炮弹/item__paodan_shoushudeng,item/paodan_shoushudeng
炮弹,钞能力手包炮弹,paodan_shoutibao,1,0,battle-assets/炮弹/item__paodan_shoutibao,item/paodan_shoutibao
炮弹,赤目铁兽炮弹,paodan_shoutun,2,2,battle-assets/炮弹/item__paodan_shoutun,item/paodan_shoutun
炮弹,炮弹:双星系统,paodan_shuangxingpaodan,2,5,battle-assets/炮弹/item__paodan_shuangxingpaodan,item/paodan_shuangxingpaodan
炮弹,手提书包炮弹,paodan_shubao,1,0,battle-assets/炮弹/item__paodan_shubao,item/paodan_shubao
炮弹,树冰扇炮弹,paodan_shubingshan,1,1,battle-assets/炮弹/item__paodan_shubingshan,item/paodan_shubingshan
炮弹,paodan_shubingshan_e,paodan_shubingshan_e,1,1,battle-assets/炮弹/item__paodan_shubingshan_e,item/paodan_shubingshan_e
炮弹,水晶鞋炮弹,paodan_shuijingxie,1,0,battle-assets/炮弹/item__paodan_shuijingxie,item/paodan_shuijingxie
炮弹,故障电磁炮弹,paodan_shujushanchu,3,2,battle-assets/炮弹/item__paodan_shujushanchu,item/paodan_shujushanchu
炮弹,林间冠冕炮弹,paodan_shutenghuahuan,1,1,battle-assets/炮弹/item__paodan_shutenghuahuan,item/paodan_shutenghuahuan
炮弹,数位板炮弹,paodan_shuweiban,1,0,battle-assets/炮弹/item__paodan_shuweiban,item/paodan_shuweiban
炮弹,松鼠鱼炮弹,paodan_songshuyu,1,0,battle-assets/炮弹/item__paodan_songshuyu,item/paodan_songshuyu
炮弹,paodan_songshuyu_m,paodan_songshuyu_m,1,0,battle-assets/炮弹/item__paodan_songshuyu_m,item/paodan_songshuyu_m
炮弹,如意算盘炮弹,paodan_suanpan,1,0,battle-assets/炮弹/item__paodan_suanpan,item/paodan_suanpan
炮弹,魔法炮弹,paodan_tangguohe,1,0,battle-assets/炮弹/item__paodan_tangguohe,item/paodan_tangguohe
炮弹,炮弹·唐伞小僧,paodan_tangsan,1,0,battle-assets/炮弹/item__paodan_tangsan,item/paodan_tangsan
炮弹,汤圆炮弹,paodan_tangyuan,1,0,battle-assets/炮弹/item__paodan_tangyuan,item/paodan_tangyuan
炮弹,酒杯炮弹,paodan_taocipijiubei,1,0,battle-assets/炮弹/item__paodan_taocipijiubei,item/paodan_taocipijiubei
炮弹,套索炮弹,paodan_taosuo,1,2,battle-assets/炮弹/item__paodan_taosuo,item/paodan_taosuo
炮弹,特工啾玩偶炮弹,paodan_tegongjiu,1,0,battle-assets/炮弹/item__paodan_tegongjiu,item/paodan_tegongjiu
炮弹,特工兔玩偶炮弹,paodan_tegongtu,1,0,battle-assets/炮弹/item__paodan_tegongtu,item/paodan_tegongtu
炮弹,特工熊玩偶炮弹,paodan_tegongxiong,1,0,battle-assets/炮弹/item__paodan_tegongxiong,item/paodan_tegongxiong
炮弹,祈福明灯炮弹,paodan_tiandeng,1,1,battle-assets/炮弹/item__paodan_tiandeng,item/paodan_tiandeng
炮弹,天使街灯炮弹,paodan_tianshideng,3,2,battle-assets/炮弹/item__paodan_tianshideng,item/paodan_tianshideng
炮弹,黑洞炮弹,paodan_tianti,2,4,battle-assets/炮弹/item__paodan_tianti,item/paodan_tianti
炮弹,夜行提灯炮弹,paodan_tideng,1,4,battle-assets/炮弹/item__paodan_tideng,item/paodan_tideng
炮弹,paodan_tieqiu,paodan_tieqiu,1,1,battle-assets/炮弹/item__paodan_tieqiu,item/paodan_tieqiu
炮弹,paodan_tierruite,paodan_tierruite,1,0,battle-assets/炮弹/item__paodan_tierruite,item/paodan_tierruite
炮弹,铁扇炮弹,paodan_tieshan,1,0,battle-assets/炮弹/item__paodan_tieshan,item/paodan_tieshan
炮弹,paodan_tolove_daoren,paodan_tolove_daoren,1,1,battle-assets/炮弹/item__paodan_tolove_daoren,item/paodan_tolove_daoren
炮弹,黑之玫瑰炮弹,paodan_tolove_heimeigui,1,1,battle-assets/炮弹/item__paodan_tolove_heimeigui,item/paodan_tolove_heimeigui
炮弹,乳愈之花炮弹,paodan_tolove_hua,1,1,battle-assets/炮弹/item__paodan_tolove_hua,item/paodan_tolove_hua
炮弹,变身重拳炮弹,paodan_tolove_quantou,1,1,battle-assets/炮弹/item__paodan_tolove_quantou,item/paodan_tolove_quantou
炮弹,通缉令炮弹,paodan_tongjiling,1,1,battle-assets/炮弹/item__paodan_tongjiling,item/paodan_tongjiling
炮弹,安全头盔炮弹,paodan_toukui,1,2,battle-assets/炮弹/item__paodan_toukui,item/paodan_toukui
炮弹,锦绣团扇炮弹,paodan_tuanshan,1,0,battle-assets/炮弹/item__paodan_tuanshan,item/paodan_tuanshan
炮弹,千早炮弹,paodan_tuanzi1,0,0,battle-assets/炮弹/item__paodan_tuanzi1,item/paodan_tuanzi1
炮弹,梓炮弹,paodan_tuanzi2,0,0,battle-assets/炮弹/item__paodan_tuanzi2,item/paodan_tuanzi2
炮弹,伊织炮弹,paodan_tuanzi3,0,0,battle-assets/炮弹/item__paodan_tuanzi3,item/paodan_tuanzi3
炮弹,兔耳炮弹,paodan_tuertoushi,1,0,battle-assets/炮弹/item__paodan_tuertoushi,item/paodan_tuertoushi
炮弹,兔兔导弹,paodan_tutu,4,5,battle-assets/炮弹/item__paodan_tutu,item/paodan_tutu
炮弹,炮弹:兔兔火球,paodan_tutuhuoqiu,0,2,battle-assets/炮弹/item__paodan_tutuhuoqiu,item/paodan_tutuhuoqiu
炮弹,奇妙魔术帽炮弹,paodan_tuzimoshumao,1,0,battle-assets/炮弹/item__paodan_tuzimoshumao,item/paodan_tuzimoshumao
炮弹,网球拍炮弹,paodan_wangqiupai,1,0,battle-assets/炮弹/item__paodan_wangqiupai,item/paodan_wangqiupai
炮弹,君子良佩炮弹,paodan_wanzhengyushi,1,0,battle-assets/炮弹/item__paodan_wanzhengyushi,item/paodan_wanzhengyushi
炮弹,棋子罐炮弹,paodan_weiqiguan,1,0,battle-assets/炮弹/item__paodan_weiqiguan,item/paodan_weiqiguan
炮弹,paodan_weixing82,paodan_weixing82,1,0,battle-assets/炮弹/item__paodan_weixing82,item/paodan_weixing82
炮弹,握手券炮弹,paodan_woshouquan,1,0,battle-assets/炮弹/item__paodan_woshouquan,item/paodan_woshouquan
炮弹,香槟炮弹,paodan_xiangbin,1,0,battle-assets/炮弹/item__paodan_xiangbin,item/paodan_xiangbin
炮弹,长焦相机炮弹,paodan_xiangji_doa,1,1,battle-assets/炮弹/item__paodan_xiangji_doa,item/paodan_xiangji_doa
炮弹,芬芳香炉炮弹,paodan_xiangxun,1,0,battle-assets/炮弹/item__paodan_xiangxun,item/paodan_xiangxun
炮弹,显微镜炮弹,paodan_xianweijing,1,0,battle-assets/炮弹/item__paodan_xianweijing,item/paodan_xianweijing
炮弹,校车炮弹,paodan_xiaoche,1,2,battle-assets/炮弹/item__paodan_xiaoche,item/paodan_xiaoche
炮弹,快乐小丑帽炮弹,paodan_xiaochoumao,1,2,battle-assets/炮弹/item__paodan_xiaochoumao,item/paodan_xiaochoumao
炮弹,小笼包炮弹,paodan_xiaolongbao,1,0,battle-assets/炮弹/item__paodan_xiaolongbao,item/paodan_xiaolongbao
炮弹,小熊卫兵炮弹,paodan_xiaoxiongweibing,1,0,battle-assets/炮弹/item__paodan_xiaoxiongweibing,item/paodan_xiaoxiongweibing
炮弹,西瓜炮弹,paodan_xigua,1,0,battle-assets/炮弹/item__paodan_xigua,item/paodan_xigua
炮弹,行李箱炮弹,paodan_xinglixiang,1,0,battle-assets/炮弹/item__paodan_xinglixiang,item/paodan_xinglixiang
炮弹,像素星系,paodan_xingxi,1,0,battle-assets/炮弹/item__paodan_xingxi,item/paodan_xingxi
炮弹,星云炮弹,paodan_xingyun,1,0,battle-assets/炮弹/item__paodan_xingyun,item/paodan_xingyun
炮弹,雄鹰炮弹,paodan_xiongying,0,0,battle-assets/炮弹/item__paodan_xiongying,item/paodan_xiongying
炮弹,灯球炮弹,paodan_xuancaidengqiu,2,1,battle-assets/炮弹/item__paodan_xuancaidengqiu,item/paodan_xuancaidengqiu
炮弹,旋转茶杯炮弹,paodan_xuanzhuanchabei,1,1,battle-assets/炮弹/item__paodan_xuanzhuanchabei,item/paodan_xuanzhuanchabei
炮弹,猩红光蝙炮弹,paodan_xuesebianfu,1,2,battle-assets/炮弹/item__paodan_xuesebianfu,item/paodan_xuesebianfu
炮弹,雨靴炮弹,paodan_xuezi,1,0,battle-assets/炮弹/item__paodan_xuezi,item/paodan_xuezi
炮弹,氧气瓶炮弹,paodan_yangqiping,1,0,battle-assets/炮弹/item__paodan_yangqiping,item/paodan_yangqiping
炮弹,冲天炮弹,paodan_yanhua,1,2,battle-assets/炮弹/item__paodan_yanhua,item/paodan_yanhua
炮弹,颜料罐炮弹,paodan_yanliaoguan,1,0,battle-assets/炮弹/item__paodan_yanliaoguan,item/paodan_yanliaoguan
炮弹,山岩裂石炮弹,paodan_yanshi,1,0,battle-assets/炮弹/item__paodan_yanshi,item/paodan_yanshi
炮弹,深海冲击炮弹,paodan_yaojingzhangyu,1,0,battle-assets/炮弹/item__paodan_yaojingzhangyu,item/paodan_yaojingzhangyu
炮弹,药箱炮弹,paodan_yaoxiang,1,0,battle-assets/炮弹/item__paodan_yaoxiang,item/paodan_yaoxiang
炮弹,意面炮弹,paodan_yidalimian,1,0,battle-assets/炮弹/item__paodan_yidalimian,item/paodan_yidalimian
炮弹,音符炮弹,paodan_yinfu,1,0,battle-assets/炮弹/item__paodan_yinfu,item/paodan_yinfu
炮弹,硬币炮弹,paodan_yingbi,1,9,battle-assets/炮弹/item__paodan_yingbi,item/paodan_yingbi
炮弹,爱之甜心炮弹,paodan_yingtaopangci,1,0,battle-assets/炮弹/item__paodan_yingtaopangci,item/paodan_yingtaopangci
炮弹,音响炮弹,paodan_yinxiang,1,0,battle-assets/炮弹/item__paodan_yinxiang,item/paodan_yinxiang
炮弹,泳圈炮弹,paodan_yongquan,1,0,battle-assets/炮弹/item__paodan_yongquan,item/paodan_yongquan
炮弹,油灯炮弹,paodan_youdeng,1,0,battle-assets/炮弹/item__paodan_youdeng,item/paodan_youdeng
炮弹,幽灵机械炮弹,paodan_youling,1,0,battle-assets/炮弹/item__paodan_youling,item/paodan_youling
炮弹,paodan_youtiao,paodan_youtiao,1,0,battle-assets/炮弹/item__paodan_youtiao,item/paodan_youtiao
炮弹,古立特骑士光轮炮弹,paodan_yuanhuanguangren,0,0,battle-assets/炮弹/item__paodan_yuanhuanguangren,item/paodan_yuanhuanguangren
炮弹,圆月轮炮弹,paodan_yuanyuelun,0,3,battle-assets/炮弹/item__paodan_yuanyuelun,item/paodan_yuanyuelun
炮弹,paodan_yuanyuelun_e,paodan_yuanyuelun_e,0,3,battle-assets/炮弹/item__paodan_yuanyuelun_e,item/paodan_yuanyuelun_e
炮弹,paodan_yuanyuelun_oni,paodan_yuanyuelun_oni,1,3,battle-assets/炮弹/item__paodan_yuanyuelun_oni,item/paodan_yuanyuelun_oni
炮弹,永久机关炮弹,paodan_yumia_jiguan,1,0,battle-assets/炮弹/item__paodan_yumia_jiguan,item/paodan_yumia_jiguan
炮弹,流星的碎片炮弹,paodan_yumia_liuxing,1,1,battle-assets/炮弹/item__paodan_yumia_liuxing,item/paodan_yumia_liuxing
炮弹,陨石矿炮弹,paodan_yumia_yunshi,1,1,battle-assets/炮弹/item__paodan_yumia_yunshi,item/paodan_yumia_yunshi
炮弹,白云炮弹,paodan_yun,1,1,battle-assets/炮弹/item__paodan_yun,item/paodan_yun
炮弹,陨石术炮弹,paodan_yunshi,1,4,battle-assets/炮弹/item__paodan_yunshi,item/paodan_yunshi
炮弹,海滨早餐炮弹,paodan_zaocantuopan,1,0,battle-assets/炮弹/item__paodan_zaocantuopan,item/paodan_zaocantuopan
炮弹,炸鸡炮弹,paodan_zhaji,1,0,battle-assets/炮弹/item__paodan_zhaji,item/paodan_zhaji
炮弹,章鱼气球炮弹,paodan_zhangyu,1,0,battle-assets/炮弹/item__paodan_zhangyu,item/paodan_zhangyu
炮弹,炸薯球炮弹,paodan_zhashuqiu,1,0,battle-assets/炮弹/item__paodan_zhashuqiu,item/paodan_zhashuqiu
炮弹,炸虾狮炮弹,paodan_zhaxiashi,1,0,battle-assets/炮弹/item__paodan_zhaxiashi,item/paodan_zhaxiashi
炮弹,paodan_zhaxiashi1,paodan_zhaxiashi1,1,0,battle-assets/炮弹/item__paodan_zhaxiashi1,item/paodan_zhaxiashi1
炮弹,月凝珠链炮弹,paodan_zhenzhuxianglian,1,0,battle-assets/炮弹/item__paodan_zhenzhuxianglian,item/paodan_zhenzhuxianglian
炮弹,制服包炮弹,paodan_zhifubao,1,0,battle-assets/炮弹/item__paodan_zhifubao,item/paodan_zhifubao
炮弹,指南针炮弹,paodan_zhinanzhenhd,1,0,battle-assets/炮弹/item__paodan_zhinanzhenhd,item/paodan_zhinanzhenhd
炮弹,单反相机炮弹,paodan_zhuanyexiangji,1,0,battle-assets/炮弹/item__paodan_zhuanyexiangji,item/paodan_zhuanyexiangji
炮弹,主机炮弹,paodan_zhuji,1,2,battle-assets/炮弹/item__paodan_zhuji,item/paodan_zhuji
炮弹,烛台炮弹,paodan_zhutai,1,0,battle-assets/炮弹/item__paodan_zhutai,item/paodan_zhutai
炮弹,猪蹄炮弹,paodan_zhuti,1,0,battle-assets/炮弹/item__paodan_zhuti,item/paodan_zhuti
炮弹,怨念之网炮弹,paodan_zhuwang,1,0,battle-assets/炮弹/item__paodan_zhuwang,item/paodan_zhuwang
炮弹,左轮枪炮弹,paodan_zuolunqiang,1,0,battle-assets/炮弹/item__paodan_zuolunqiang,item/paodan_zuolunqiang
炮弹,足球炮弹,paodan_zuqiu,1,0,battle-assets/炮弹/item__paodan_zuqiu,item/paodan_zuqiu
炮弹,pingzhao_gouyu,pingzhao_gouyu,1,0,battle-assets/炮弹/item__pingzhao_gouyu,item/pingzhao_gouyu
炮弹,pingzhao_gouyu_mini,pingzhao_gouyu_mini,1,0,battle-assets/炮弹/item__pingzhao_gouyu_mini,item/pingzhao_gouyu_mini
炮弹,pisiman01,pisiman01,1,2,battle-assets/炮弹/item__pisiman01,item/pisiman01
炮弹,pisiman01_low,pisiman01_low,1,0,battle-assets/炮弹/item__pisiman01_low,item/pisiman01_low
炮弹,pisiman02,pisiman02,1,2,battle-assets/炮弹/item__pisiman02,item/pisiman02
炮弹,pisiman03,pisiman03,1,4,battle-assets/炮弹/item__pisiman03,item/pisiman03
炮弹,pixel_bomb,pixel_bomb,1,0,battle-assets/炮弹/item__pixel_bomb,item/pixel_bomb
炮弹,像素炮弹(大),pixel_bullet_large,0,0,battle-assets/炮弹/item__pixel_bullet_large,item/pixel_bullet_large
炮弹,像素炮弹(小),pixel_bullet_small,1,0,battle-assets/炮弹/item__pixel_bullet_small,item/pixel_bullet_small
飞机,plane_daodan01,plane_daodan01,1,3,battle-assets/飞机/item__plane_daodan01,item/plane_daodan01
飞机,plane_daodan_tuowei,plane_daodan_tuowei,1,3,battle-assets/飞机/item__plane_daodan_tuowei,item/plane_daodan_tuowei
炮弹,pulimaosizidan,pulimaosizidan,2,0,battle-assets/炮弹/item__pulimaosizidan,item/pulimaosizidan
其他战斗特效,qinli_2_slash,qinli_2_slash,1,0,battle-assets/其他战斗特效/item__qinli_2_slash,item/qinli_2_slash
炮弹,qinli_slash,qinli_slash,1,0,battle-assets/炮弹/item__qinli_slash,item/qinli_slash
炮弹,robot_bulisituoer,robot_bulisituoer,0,0,battle-assets/炮弹/item__robot_bulisituoer,item/robot_bulisituoer
其他战斗特效,robot_bulisituoer_m,robot_bulisituoer_m,0,0,battle-assets/其他战斗特效/item__robot_bulisituoer_m,item/robot_bulisituoer_m
炮弹,ruoyue_zhanji,ruoyue_zhanji,0,1,battle-assets/炮弹/item__ruoyue_zhanji,item/ruoyue_zhanji
其他战斗特效,sairen01,sairen01,0,0,battle-assets/其他战斗特效/item__sairen01,item/sairen01
其他战斗特效,sairen02,sairen02,0,0,battle-assets/其他战斗特效/item__sairen02,item/sairen02
其他战斗特效,sairen03,sairen03,0,0,battle-assets/其他战斗特效/item__sairen03,item/sairen03
鱼雷,sairen_daodan,sairen_daodan,1,2,battle-assets/鱼雷/item__sairen_daodan,item/sairen_daodan
飞机,【2025荷兰SP活动T3】BOSS 「福尔尼德」 舰载机,sairenfeiji_unknown3,1,0,battle-assets/飞机/item__sairenfeiji_unknown3,item/sairenfeiji_unknown3
鱼雷,sairenyulei,sairenyulei,0,2,battle-assets/鱼雷/item__sairenyulei,item/sairenyulei
鱼雷,sairenyulei_shadow,sairenyulei_shadow,1,2,battle-assets/鱼雷/item__sairenyulei_shadow,item/sairenyulei_shadow
鱼雷,sairenyulei_shadow_big,sairenyulei_shadow_big,1,0,battle-assets/鱼雷/item__sairenyulei_shadow_big,item/sairenyulei_shadow_big
鱼雷,sairenyulei_shadow_huge,sairenyulei_shadow_huge,1,0,battle-assets/鱼雷/item__sairenyulei_shadow_huge,item/sairenyulei_shadow_huge
炮弹,salatuojia_zidan,salatuojia_zidan,1,1,battle-assets/炮弹/item__salatuojia_zidan,item/salatuojia_zidan
其他战斗特效,sali_makalong,sali_makalong,1,1,battle-assets/其他战斗特效/item__sali_makalong,item/sali_makalong
其他战斗特效,sanjiaoyingguang,sanjiaoyingguang,1,0,battle-assets/其他战斗特效/item__sanjiaoyingguang,item/sanjiaoyingguang
炮弹,saoshejiguang,saoshejiguang,1,2,battle-assets/炮弹/item__saoshejiguang,item/saoshejiguang
炮弹,便当炮弹,school_biandangpaodan,1,0,battle-assets/炮弹/item__school_biandangpaodan,item/school_biandangpaodan
炮弹,粉笔子弹,school_bullet_fenbi,0,0,battle-assets/炮弹/item__school_bullet_fenbi,item/school_bullet_fenbi
炮弹,花瓣子弹,school_bullet_huaban,0,0,battle-assets/炮弹/item__school_bullet_huaban,item/school_bullet_huaban
炮弹,板擦炮弹,school_heibancapaodan,1,0,battle-assets/炮弹/item__school_heibancapaodan,item/school_heibancapaodan
炮弹,量角器炮弹,school_liangjiaoqipaodan,1,0,battle-assets/炮弹/item__school_liangjiaoqipaodan,item/school_liangjiaoqipaodan
炮弹,shachenbao_zidan,shachenbao_zidan,0,11,battle-assets/炮弹/item__shachenbao_zidan,item/shachenbao_zidan
炮弹,shaen_miaozhun,shaen_miaozhun,0,5,battle-assets/炮弹/item__shaen_miaozhun,item/shaen_miaozhun
炮弹,shandianzidan,shandianzidan,0,3,battle-assets/炮弹/item__shandianzidan,item/shandianzidan
炮弹,shandianzidanbig,shandianzidanbig,0,5,battle-assets/炮弹/item__shandianzidanbig,item/shandianzidanbig
炮弹,shandianzidanbig_mirror,shandianzidanbig_mirror,0,5,battle-assets/炮弹/item__shandianzidanbig_mirror,item/shandianzidanbig_mirror
炮弹,shandianzidansmall_mirror,shandianzidansmall_mirror,0,5,battle-assets/炮弹/item__shandianzidansmall_mirror,item/shandianzidansmall_mirror
炮弹,shangyou1,shangyou1,1,3,battle-assets/炮弹/item__shangyou1,item/shangyou1
鱼雷,shangyou1a,shangyou1a,1,3,battle-assets/鱼雷/item__shangyou1a,item/shangyou1a
炮弹,shanluan_banjiu,shanluan_banjiu,0,81,battle-assets/炮弹/item__shanluan_banjiu,item/shanluan_banjiu
炮弹,shanluan_feiniao_xiapi,shanluan_feiniao_xiapi,0,44,battle-assets/炮弹/item__shanluan_feiniao_xiapi,item/shanluan_feiniao_xiapi
炮弹,shanluan_feiniao_xuanzhuan,shanluan_feiniao_xuanzhuan,0,75,battle-assets/炮弹/item__shanluan_feiniao_xuanzhuan,item/shanluan_feiniao_xuanzhuan
炮弹,shanluan_feiniao_youzhan,shanluan_feiniao_youzhan,0,6,battle-assets/炮弹/item__shanluan_feiniao_youzhan,item/shanluan_feiniao_youzhan
炮弹,shanluan_feiniao_zuozhan,shanluan_feiniao_zuozhan,0,6,battle-assets/炮弹/item__shanluan_feiniao_zuozhan,item/shanluan_feiniao_zuozhan
炮弹,shanluan_xuebugui_bingqiang,shanluan_xuebugui_bingqiang,2,64,battle-assets/炮弹/item__shanluan_xuebugui_bingqiang,item/shanluan_xuebugui_bingqiang
炮弹,shanluan_xuebugui_bingqiang_enemy,shanluan_xuebugui_bingqiang_enemy,2,64,battle-assets/炮弹/item__shanluan_xuebugui_bingqiang_enemy,item/shanluan_xuebugui_bingqiang_enemy
炮弹,shanluan_xuebugui_bingzhui,shanluan_xuebugui_bingzhui,0,3,battle-assets/炮弹/item__shanluan_xuebugui_bingzhui,item/shanluan_xuebugui_bingzhui
其他战斗特效,shanluan_xuequan_laser01,shanluan_xuequan_laser01,0,31,battle-assets/其他战斗特效/item__shanluan_xuequan_laser01,item/shanluan_xuequan_laser01
炮弹,shanluan_xuequan_laser02,shanluan_xuequan_laser02,0,21,battle-assets/炮弹/item__shanluan_xuequan_laser02,item/shanluan_xuequan_laser02
炮弹,shanluan_xuequan_longjuanfeng,shanluan_xuequan_longjuanfeng,0,71,battle-assets/炮弹/item__shanluan_xuequan_longjuanfeng,item/shanluan_xuequan_longjuanfeng
炮弹,shanluan_xuequan_longjuanfeng_big,shanluan_xuequan_longjuanfeng_big,0,71,battle-assets/炮弹/item__shanluan_xuequan_longjuanfeng_big,item/shanluan_xuequan_longjuanfeng_big
炮弹,shanluan_yan_lianxuzhuaji,shanluan_yan_lianxuzhuaji,4,61,battle-assets/炮弹/item__shanluan_yan_lianxuzhuaji,item/shanluan_yan_lianxuzhuaji
炮弹,shanluan_zi_feidao,shanluan_zi_feidao,0,1,battle-assets/炮弹/item__shanluan_zi_feidao,item/shanluan_zi_feidao
炮弹,shengdiyage_big,shengdiyage_big,0,1,battle-assets/炮弹/item__shengdiyage_big,item/shengdiyage_big
炮弹,shengdiyage_xiao,shengdiyage_xiao,0,2,battle-assets/炮弹/item__shengdiyage_xiao,item/shengdiyage_xiao
炮弹,shengmading_yumao,shengmading_yumao,1,0,battle-assets/炮弹/item__shengmading_yumao,item/shengmading_yumao
炮弹,shengtafei_xingxing,shengtafei_xingxing,1,1,battle-assets/炮弹/item__shengtafei_xingxing,item/shengtafei_xingxing
炮弹,shengwang_zhuanwu,shengwang_zhuanwu,3,84,battle-assets/炮弹/item__shengwang_zhuanwu,item/shengwang_zhuanwu
炮弹,shenyuan1_yingguang,shenyuan1_yingguang,1,1,battle-assets/炮弹/item__shenyuan1_yingguang,item/shenyuan1_yingguang
炮弹,shenyuan1_yingguang_trail,shenyuan1_yingguang_trail,1,1,battle-assets/炮弹/item__shenyuan1_yingguang_trail,item/shenyuan1_yingguang_trail
炮弹,shenyuanbullet1,shenyuanbullet1,1,0,battle-assets/炮弹/item__shenyuanbullet1,item/shenyuanbullet1
炮弹,shenyuanbullet10,shenyuanbullet10,1,1,battle-assets/炮弹/item__shenyuanbullet10,item/shenyuanbullet10
炮弹,shenyuanbullet11,shenyuanbullet11,1,2,battle-assets/炮弹/item__shenyuanbullet11,item/shenyuanbullet11
炮弹,shenyuanbullet12,shenyuanbullet12,1,0,battle-assets/炮弹/item__shenyuanbullet12,item/shenyuanbullet12
鱼雷,shenyuanbullet13,shenyuanbullet13,1,2,battle-assets/鱼雷/item__shenyuanbullet13,item/shenyuanbullet13
鱼雷,shenyuanbullet14,shenyuanbullet14,1,2,battle-assets/鱼雷/item__shenyuanbullet14,item/shenyuanbullet14
鱼雷,shenyuanbullet15,shenyuanbullet15,1,2,battle-assets/鱼雷/item__shenyuanbullet15,item/shenyuanbullet15
炮弹,shenyuanbullet16,shenyuanbullet16,1,1,battle-assets/炮弹/item__shenyuanbullet16,item/shenyuanbullet16
炮弹,shenyuanbullet17,shenyuanbullet17,1,2,battle-assets/炮弹/item__shenyuanbullet17,item/shenyuanbullet17
炮弹,shenyuanbullet18,shenyuanbullet18,1,0,battle-assets/炮弹/item__shenyuanbullet18,item/shenyuanbullet18
炮弹,shenyuanbullet19,shenyuanbullet19,1,2,battle-assets/炮弹/item__shenyuanbullet19,item/shenyuanbullet19
炮弹,shenyuanbullet2,shenyuanbullet2,1,1,battle-assets/炮弹/item__shenyuanbullet2,item/shenyuanbullet2
炮弹,shenyuanbullet3,shenyuanbullet3,1,2,battle-assets/炮弹/item__shenyuanbullet3,item/shenyuanbullet3
鱼雷,shenyuanbullet4,shenyuanbullet4,1,2,battle-assets/鱼雷/item__shenyuanbullet4,item/shenyuanbullet4
炮弹,shenyuanbullet5,shenyuanbullet5,0,1,battle-assets/炮弹/item__shenyuanbullet5,item/shenyuanbullet5
炮弹,shenyuanbullet6,shenyuanbullet6,1,2,battle-assets/炮弹/item__shenyuanbullet6,item/shenyuanbullet6
炮弹,shenyuanbullet7,shenyuanbullet7,1,0,battle-assets/炮弹/item__shenyuanbullet7,item/shenyuanbullet7
炮弹,shenyuanbullet8,shenyuanbullet8,1,1,battle-assets/炮弹/item__shenyuanbullet8,item/shenyuanbullet8
炮弹,shi_bullet,shi_bullet,1,0,battle-assets/炮弹/item__shi_bullet,item/shi_bullet
炮弹,shi_bullet_m,shi_bullet_m,1,0,battle-assets/炮弹/item__shi_bullet_m,item/shi_bullet_m
炮弹,shi_huoqiu,shi_huoqiu,0,2,battle-assets/炮弹/item__shi_huoqiu,item/shi_huoqiu
炮弹,shiex_shadow,shiex_shadow,1,2,battle-assets/炮弹/item__shiex_shadow,item/shiex_shadow
炮弹,shikongxuanwo,shikongxuanwo,0,5,battle-assets/炮弹/item__shikongxuanwo,item/shikongxuanwo
炮弹,shikongxuanwo_blue,shikongxuanwo_blue,0,5,battle-assets/炮弹/item__shikongxuanwo_blue,item/shikongxuanwo_blue
鱼雷,shikongxuanwo_danmu,shikongxuanwo_danmu,0,5,battle-assets/鱼雷/item__shikongxuanwo_danmu,item/shikongxuanwo_danmu
炮弹,shiqikuangsan_fenzhenzidan,shiqikuangsan_fenzhenzidan,1,3,battle-assets/炮弹/item__shiqikuangsan_fenzhenzidan,item/shiqikuangsan_fenzhenzidan
炮弹,shiqikuangsan_shizhenzidan,shiqikuangsan_shizhenzidan,2,3,battle-assets/炮弹/item__shiqikuangsan_shizhenzidan,item/shiqikuangsan_shizhenzidan
炮弹,shixiang_dazhao_pikan,shixiang_dazhao_pikan,5,133,battle-assets/炮弹/item__shixiang_dazhao_pikan,item/shixiang_dazhao_pikan
炮弹,shixiang_zisedaoguang,shixiang_zisedaoguang,2,2,battle-assets/炮弹/item__shixiang_zisedaoguang,item/shixiang_zisedaoguang
炮弹,shizijia_faxi,shizijia_faxi,0,0,battle-assets/炮弹/item__shizijia_faxi,item/shizijia_faxi
炮弹,shizijia_faxi_2,shizijia_faxi_2,0,0,battle-assets/炮弹/item__shizijia_faxi_2,item/shizijia_faxi_2
炮弹,shouzhangzidan,shouzhangzidan,1,2,battle-assets/炮弹/item__shouzhangzidan,item/shouzhangzidan
炮弹,shuidizidan01,shuidizidan01,1,0,battle-assets/炮弹/item__shuidizidan01,item/shuidizidan01
炮弹,shuidizidan02,shuidizidan02,1,0,battle-assets/炮弹/item__shuidizidan02,item/shuidizidan02
炮弹,shuidizidan03,shuidizidan03,1,0,battle-assets/炮弹/item__shuidizidan03,item/shuidizidan03
炮弹,shuidizidan04,shuidizidan04,1,0,battle-assets/炮弹/item__shuidizidan04,item/shuidizidan04
炮弹,shuidizidan05,shuidizidan05,1,0,battle-assets/炮弹/item__shuidizidan05,item/shuidizidan05
炮弹,shuidizidan06,shuidizidan06,1,0,battle-assets/炮弹/item__shuidizidan06,item/shuidizidan06
鱼雷,shuilei01,shuilei01,1,2,battle-assets/鱼雷/item__shuilei01,item/shuilei01
其他战斗特效,shuilei02,shuilei02,1,0,battle-assets/其他战斗特效/item__shuilei02,item/shuilei02
炮弹,shuimuzidan,shuimuzidan,0,7,battle-assets/炮弹/item__shuimuzidan,item/shuimuzidan
炮弹,shuimuzidan02,shuimuzidan02,0,11,battle-assets/炮弹/item__shuimuzidan02,item/shuimuzidan02
其他战斗特效,slg_hunluan,slg_hunluan,0,13,battle-assets/其他战斗特效/item__slg_hunluan,item/slg_hunluan
炮弹,元宝炮弹,sprfes_bullet_jinyuanbao,0,0,battle-assets/炮弹/item__sprfes_bullet_jinyuanbao,item/sprfes_bullet_jinyuanbao
炮弹,柑橘子弹,sprfes_bullet_juzi,0,0,battle-assets/炮弹/item__sprfes_bullet_juzi,item/sprfes_bullet_juzi
炮弹,鞭炮炮弹,sprfes_bullet_paozhang,0,0,battle-assets/炮弹/item__sprfes_bullet_paozhang,item/sprfes_bullet_paozhang
炮弹,铜板子弹,sprfes_bullet_tongban,0,0,battle-assets/炮弹/item__sprfes_bullet_tongban,item/sprfes_bullet_tongban
鱼雷,红包鱼雷,sprfes_torpedo_hongbao,1,2,battle-assets/鱼雷/item__sprfes_torpedo_hongbao,item/sprfes_torpedo_hongbao
鱼雷,中国结鱼雷,sprfes_torpedo_zhongguojie,0,2,battle-assets/鱼雷/item__sprfes_torpedo_zhongguojie,item/sprfes_torpedo_zhongguojie
炮弹,suolian,suolian,2,1,battle-assets/炮弹/item__suolian,item/suolian
炮弹,suolian_green,suolian_green,2,5,battle-assets/炮弹/item__suolian_green,item/suolian_green
炮弹,suolian_green_short,suolian_green_short,2,1,battle-assets/炮弹/item__suolian_green_short,item/suolian_green_short
炮弹,suolian_long,suolian_long,2,5,battle-assets/炮弹/item__suolian_long,item/suolian_long
炮弹,suweiai_bingkuai01,suweiai_bingkuai01,1,13,battle-assets/炮弹/item__suweiai_bingkuai01,item/suweiai_bingkuai01
炮弹,suweiai_bingkuai02,suweiai_bingkuai02,1,12,battle-assets/炮弹/item__suweiai_bingkuai02,item/suweiai_bingkuai02
炮弹,tashigan_elf,tashigan_elf,0,0,battle-assets/炮弹/item__tashigan_elf,item/tashigan_elf
炮弹,tianxiezuo_bullet,tianxiezuo_bullet,1,3,battle-assets/炮弹/item__tianxiezuo_bullet,item/tianxiezuo_bullet
炮弹,tolove_zhanlangjian,tolove_zhanlangjian,5,98,battle-assets/炮弹/item__tolove_zhanlangjian,item/tolove_zhanlangjian
其他战斗特效,tolove_zhizhuwang,tolove_zhizhuwang,0,2,battle-assets/其他战斗特效/item__tolove_zhizhuwang,item/tolove_zhizhuwang
鱼雷,torpedo01,torpedo01,1,1,battle-assets/鱼雷/item__torpedo01,item/torpedo01
鱼雷,torpedo02,torpedo02,1,2,battle-assets/鱼雷/item__torpedo02,item/torpedo02
鱼雷,拐杖糖鱼雷,torpedo_guaizhangtang,1,2,battle-assets/鱼雷/item__torpedo_guaizhangtang,item/torpedo_guaizhangtang
鱼雷,海豹鱼雷,torpedo_haibao,0,2,battle-assets/鱼雷/item__torpedo_haibao,item/torpedo_haibao
鱼雷,小海豹鱼雷,torpedo_mantou,0,2,battle-assets/鱼雷/item__torpedo_mantou,item/torpedo_mantou
鱼雷,铅笔鱼雷,torpedo_pencil,1,2,battle-assets/鱼雷/item__torpedo_pencil,item/torpedo_pencil
鱼雷,像素鱼雷,torpedo_pixel,1,2,battle-assets/鱼雷/item__torpedo_pixel,item/torpedo_pixel
鱼雷,圣诞树鱼雷,torpedo_shengdanshu,0,2,battle-assets/鱼雷/item__torpedo_shengdanshu,item/torpedo_shengdanshu
鱼雷,竖笛鱼雷,torpedo_shudi,1,2,battle-assets/鱼雷/item__torpedo_shudi,item/torpedo_shudi
鱼雷,torpedo_vampire,torpedo_vampire,1,2,battle-assets/鱼雷/item__torpedo_vampire,item/torpedo_vampire
鱼雷,橡皮擦鱼雷,torpedo_xiangpi,1,2,battle-assets/鱼雷/item__torpedo_xiangpi,item/torpedo_xiangpi
鱼雷,咸鱼鱼雷,torpedo_xianyu,0,2,battle-assets/鱼雷/item__torpedo_xianyu,item/torpedo_xianyu
鱼雷,竹片鱼雷,torpedo_xinnian,1,2,battle-assets/鱼雷/item__torpedo_xinnian,item/torpedo_xinnian
鱼雷,torpedoairjp,torpedoairjp,1,2,battle-assets/鱼雷/item__torpedoairjp,item/torpedoairjp
鱼雷,torpedoairjp_tantiao,torpedoairjp_tantiao,1,2,battle-assets/鱼雷/item__torpedoairjp_tantiao,item/torpedoairjp_tantiao
鱼雷,torpedoairus,torpedoairus,1,2,battle-assets/鱼雷/item__torpedoairus,item/torpedoairus
鱼雷,tuowei_daodan,tuowei_daodan,1,4,battle-assets/鱼雷/item__tuowei_daodan,item/tuowei_daodan
其他战斗特效,u2501-shuimu,u2501-shuimu,3,3,battle-assets/其他战斗特效/item__u2501-shuimu,item/u2501-shuimu
炮弹,unknownv_mal_bullet,unknownv_mal_bullet,1,0,battle-assets/炮弹/item__unknownv_mal_bullet,item/unknownv_mal_bullet
炮弹,unknownv_mal_bulletn,unknownv_mal_bulletn,1,0,battle-assets/炮弹/item__unknownv_mal_bulletn,item/unknownv_mal_bulletn
鱼雷,unknownv_mal_yulei,unknownv_mal_yulei,1,1,battle-assets/鱼雷/item__unknownv_mal_yulei,item/unknownv_mal_yulei
鱼雷,unknownv_mal_yulein,unknownv_mal_yulein,1,1,battle-assets/鱼雷/item__unknownv_mal_yulein,item/unknownv_mal_yulein
鱼雷,unknownv_sairenyulei,unknownv_sairenyulei,2,2,battle-assets/鱼雷/item__unknownv_sairenyulei,item/unknownv_sairenyulei
炮弹,val_bullet1,val_bullet1,1,2,battle-assets/炮弹/item__val_bullet1,item/val_bullet1
炮弹,val_bullet2,val_bullet2,1,2,battle-assets/炮弹/item__val_bullet2,item/val_bullet2
炮弹,weixu_baojian_dajian_huixuan,weixu_baojian_dajian_huixuan,1,0,battle-assets/炮弹/item__weixu_baojian_dajian_huixuan,item/weixu_baojian_dajian_huixuan
鱼雷,weixu_baojian_daodan,weixu_baojian_daodan,1,3,battle-assets/鱼雷/item__weixu_baojian_daodan,item/weixu_baojian_daodan
炮弹,weixu_baojian_jianqi,weixu_baojian_jianqi,2,0,battle-assets/炮弹/item__weixu_baojian_jianqi,item/weixu_baojian_jianqi
炮弹,weixu_baojian_jianqi_ban,weixu_baojian_jianqi_ban,1,2,battle-assets/炮弹/item__weixu_baojian_jianqi_ban,item/weixu_baojian_jianqi_ban
炮弹,wg21,wg21,1,4,battle-assets/炮弹/item__wg21,item/wg21
炮弹,wuheqinli_huoyanzidan,wuheqinli_huoyanzidan,3,2,battle-assets/炮弹/item__wuheqinli_huoyanzidan,item/wuheqinli_huoyanzidan
炮弹,wuzang_laser,wuzang_laser,1,5,battle-assets/炮弹/item__wuzang_laser,item/wuzang_laser
其他战斗特效,wuzang_luolei,wuzang_luolei,0,5,battle-assets/其他战斗特效/item__wuzang_luolei,item/wuzang_luolei
其他战斗特效,wuzang_luolei_2,wuzang_luolei_2,0,5,battle-assets/其他战斗特效/item__wuzang_luolei_2,item/wuzang_luolei_2
炮弹,wuzang_luolei_3,wuzang_luolei_3,1,3,battle-assets/炮弹/item__wuzang_luolei_3,item/wuzang_luolei_3
其他战斗特效,wuzang_luolei_beiji,wuzang_luolei_beiji,0,6,battle-assets/其他战斗特效/item__wuzang_luolei_beiji,item/wuzang_luolei_beiji
炮弹,wuzang_zhanji,wuzang_zhanji,2,0,battle-assets/炮弹/item__wuzang_zhanji,item/wuzang_zhanji
炮弹,wuzang_zhanlangjian,wuzang_zhanlangjian,4,98,battle-assets/炮弹/item__wuzang_zhanlangjian,item/wuzang_zhanlangjian
炮弹,xia_bullet,xia_bullet,1,1,battle-assets/炮弹/item__xia_bullet,item/xia_bullet
炮弹,xiafei_baiseyumao,xiafei_baiseyumao,0,1,battle-assets/炮弹/item__xiafei_baiseyumao,item/xiafei_baiseyumao
炮弹,xiafei_heiseyumao,xiafei_heiseyumao,1,1,battle-assets/炮弹/item__xiafei_heiseyumao,item/xiafei_heiseyumao
炮弹,xiafei_hunheyumao,xiafei_hunheyumao,1,1,battle-assets/炮弹/item__xiafei_hunheyumao,item/xiafei_hunheyumao
炮弹,xiangdi_zidan,xiangdi_zidan,1,0,battle-assets/炮弹/item__xiangdi_zidan,item/xiangdi_zidan
炮弹,xiaochaijun_aixing,xiaochaijun_aixing,0,1,battle-assets/炮弹/item__xiaochaijun_aixing,item/xiaochaijun_aixing
炮弹,xiaochaijun_maozhua,xiaochaijun_maozhua,0,2,battle-assets/炮弹/item__xiaochaijun_maozhua,item/xiaochaijun_maozhua
炮弹,xiaochaijun_xingxing,xiaochaijun_xingxing,1,1,battle-assets/炮弹/item__xiaochaijun_xingxing,item/xiaochaijun_xingxing
其他战斗特效,xiaowuzang_zhanlangjian,xiaowuzang_zhanlangjian,4,98,battle-assets/其他战斗特效/item__xiaowuzang_zhanlangjian,item/xiaowuzang_zhanlangjian
炮弹,xiefeierdezhuanwuzidan,xiefeierdezhuanwuzidan,1,1,battle-assets/炮弹/item__xiefeierdezhuanwuzidan,item/xiefeierdezhuanwuzidan
炮弹,xiliansi_bullet,xiliansi_bullet,2,0,battle-assets/炮弹/item__xiliansi_bullet,item/xiliansi_bullet
炮弹,xiliansi_miehuoqi,xiliansi_miehuoqi,1,0,battle-assets/炮弹/item__xiliansi_miehuoqi,item/xiliansi_miehuoqi
炮弹,xingxingzidan01,xingxingzidan01,0,1,battle-assets/炮弹/item__xingxingzidan01,item/xingxingzidan01
炮弹,xingxingzidan02,xingxingzidan02,0,1,battle-assets/炮弹/item__xingxingzidan02,item/xingxingzidan02
炮弹,xingxingzidan03,xingxingzidan03,0,1,battle-assets/炮弹/item__xingxingzidan03,item/xingxingzidan03
炮弹,xingxingzidan04,xingxingzidan04,0,1,battle-assets/炮弹/item__xingxingzidan04,item/xingxingzidan04
炮弹,xingxingzidan05,xingxingzidan05,1,1,battle-assets/炮弹/item__xingxingzidan05,item/xingxingzidan05
炮弹,星云子弹(黄),xingyunzidan01,1,2,battle-assets/炮弹/item__xingyunzidan01,item/xingyunzidan01
炮弹,星云子弹(蓝),xingyunzidan02,1,2,battle-assets/炮弹/item__xingyunzidan02,item/xingyunzidan02
炮弹,xingyunzidan03,xingyunzidan03,0,1,battle-assets/炮弹/item__xingyunzidan03,item/xingyunzidan03
炮弹,xinnong_katana,xinnong_katana,1,1,battle-assets/炮弹/item__xinnong_katana,item/xinnong_katana
炮弹,xinzexi01,xinzexi01,1,0,battle-assets/炮弹/item__xinzexi01,item/xinzexi01
炮弹,xinzexi02,xinzexi02,2,0,battle-assets/炮弹/item__xinzexi02,item/xinzexi02
炮弹,xinzexi03,xinzexi03,1,4,battle-assets/炮弹/item__xinzexi03,item/xinzexi03
炮弹,xinzimudan,xinzimudan,10,4,battle-assets/炮弹/item__xinzimudan,item/xinzimudan
炮弹,xiusidunjiguang,xiusidunjiguang,0,13,battle-assets/炮弹/item__xiusidunjiguang,item/xiusidunjiguang
炮弹,yaerweite_huixuanbiao,yaerweite_huixuanbiao,1,2,battle-assets/炮弹/item__yaerweite_huixuanbiao,item/yaerweite_huixuanbiao
炮弹,yaerweite_touqiang,yaerweite_touqiang,1,1,battle-assets/炮弹/item__yaerweite_touqiang,item/yaerweite_touqiang
炮弹,yalisangna_kuashe,yalisangna_kuashe,1,0,battle-assets/炮弹/item__yalisangna_kuashe,item/yalisangna_kuashe
炮弹,yanzhan_dajian,yanzhan_dajian,3,20,battle-assets/炮弹/item__yanzhan_dajian,item/yanzhan_dajian
鱼雷,yi14_huayulei,yi14_huayulei,1,3,battle-assets/鱼雷/item__yi14_huayulei,item/yi14_huayulei
鱼雷,yichui_zhanji,yichui_zhanji,0,0,battle-assets/鱼雷/item__yichui_zhanji,item/yichui_zhanji
炮弹,yilishabai_meta,yilishabai_meta,0,18,battle-assets/炮弹/item__yilishabai_meta,item/yilishabai_meta
其他战斗特效,yilisi_jiguang,yilisi_jiguang,4,14,battle-assets/其他战斗特效/item__yilisi_jiguang,item/yilisi_jiguang
炮弹,yinggelahan_xingxing01,yinggelahan_xingxing01,1,0,battle-assets/炮弹/item__yinggelahan_xingxing01,item/yinggelahan_xingxing01
炮弹,yinggelahan_xingxing02,yinggelahan_xingxing02,1,0,battle-assets/炮弹/item__yinggelahan_xingxing02,item/yinggelahan_xingxing02
炮弹,yingguangzidan01,yingguangzidan01,1,1,battle-assets/炮弹/item__yingguangzidan01,item/yingguangzidan01
炮弹,yingguangzidan02,yingguangzidan02,1,1,battle-assets/炮弹/item__yingguangzidan02,item/yingguangzidan02
炮弹,yingguangzidan03,yingguangzidan03,1,1,battle-assets/炮弹/item__yingguangzidan03,item/yingguangzidan03
炮弹,yingguangzidan04,yingguangzidan04,1,1,battle-assets/炮弹/item__yingguangzidan04,item/yingguangzidan04
鱼雷,yinxingyulei,yinxingyulei,1,4,battle-assets/鱼雷/item__yinxingyulei,item/yinxingyulei
其他战斗特效,youmiya_dazhaojiguang,youmiya_dazhaojiguang,4,18,battle-assets/其他战斗特效/item__youmiya_dazhaojiguang,item/youmiya_dazhaojiguang
炮弹,youmiya_hongzidan,youmiya_hongzidan,1,2,battle-assets/炮弹/item__youmiya_hongzidan,item/youmiya_hongzidan
炮弹,youmiya_modaoshu01,youmiya_modaoshu01,0,31,battle-assets/炮弹/item__youmiya_modaoshu01,item/youmiya_modaoshu01
炮弹,yuanyizhezhi_juemieguangjian,yuanyizhezhi_juemieguangjian,1,0,battle-assets/炮弹/item__yuanyizhezhi_juemieguangjian,item/yuanyizhezhi_juemieguangjian
其他战斗特效,yucha,yucha,1,3,battle-assets/其他战斗特效/item__yucha,item/yucha
炮弹,yuekecheng_hua,yuekecheng_hua,1,2,battle-assets/炮弹/item__yuekecheng_hua,item/yuekecheng_hua
炮弹,yuekecheng_huaban,yuekecheng_huaban,0,1,battle-assets/炮弹/item__yuekecheng_huaban,item/yuekecheng_huaban
炮弹,yuerenjie_xingxingzidan01,yuerenjie_xingxingzidan01,2,0,battle-assets/炮弹/item__yuerenjie_xingxingzidan01,item/yuerenjie_xingxingzidan01
炮弹,yuhei01,yuhei01,1,0,battle-assets/炮弹/item__yuhei01,item/yuhei01
鱼雷,晃悠悠鱼雷,yulei_ai_faku,1,1,battle-assets/鱼雷/item__yulei_ai_faku,item/yulei_ai_faku
鱼雷,yulei_ai_faku2,yulei_ai_faku2,1,1,battle-assets/鱼雷/item__yulei_ai_faku2,item/yulei_ai_faku2
鱼雷,领带鱼雷,yulei_ai_lingdai,1,1,battle-assets/鱼雷/item__yulei_ai_lingdai,item/yulei_ai_lingdai
鱼雷,荧光棒鱼雷,yulei_ai_yingyuan,1,1,battle-assets/鱼雷/item__yulei_ai_yingyuan,item/yulei_ai_yingyuan
鱼雷,法老权杖鱼雷,yulei_aijifazhang,1,1,battle-assets/鱼雷/item__yulei_aijifazhang,item/yulei_aijifazhang
鱼雷,甜心鱼雷,yulei_aixin,1,10,battle-assets/鱼雷/item__yulei_aixin,item/yulei_aixin
鱼雷,yulei_aixin_low,yulei_aixin_low,1,5,battle-assets/鱼雷/item__yulei_aixin_low,item/yulei_aixin_low
鱼雷,yulei_aoliege,yulei_aoliege,1,4,battle-assets/鱼雷/item__yulei_aoliege,item/yulei_aoliege
鱼雷,鱼雷:奥陌陌,yulei_aomomo,1,1,battle-assets/鱼雷/item__yulei_aomomo,item/yulei_aomomo
鱼雷,小金人鱼雷,yulei_aosika,1,1,battle-assets/鱼雷/item__yulei_aosika,item/yulei_aosika
鱼雷,嘭嘭爆米花鱼雷,yulei_baomihua,2,0,battle-assets/鱼雷/item__yulei_baomihua,item/yulei_baomihua
鱼雷,贝壳风铃鱼雷,yulei_beikefengling,1,1,battle-assets/鱼雷/item__yulei_beikefengling,item/yulei_beikefengling
鱼雷,贝斯鱼雷,yulei_beisi,1,1,battle-assets/鱼雷/item__yulei_beisi,item/yulei_beisi
鱼雷,笔记本鱼雷,yulei_bijiben,1,1,battle-assets/鱼雷/item__yulei_bijiben,item/yulei_bijiben
鱼雷,冰棍鱼雷,yulei_bingbang,1,2,battle-assets/鱼雷/item__yulei_bingbang,item/yulei_bingbang
鱼雷,冰霜魔爪鱼雷,yulei_bingmozhua,1,6,battle-assets/鱼雷/item__yulei_bingmozhua,item/yulei_bingmozhua
鱼雷,Gelato鱼雷,yulei_bingqilin,1,1,battle-assets/鱼雷/item__yulei_bingqilin,item/yulei_bingqilin
鱼雷,祭祀匕首鱼雷,yulei_bishou,1,1,battle-assets/鱼雷/item__yulei_bishou,item/yulei_bishou
鱼雷,彩画笔刷鱼雷,yulei_bishua,1,1,battle-assets/鱼雷/item__yulei_bishua,item/yulei_bishua
鱼雷,随波逐流鱼雷 ,yulei_bolang,1,0,battle-assets/鱼雷/item__yulei_bolang,item/yulei_bolang
鱼雷,热情菠萝鱼雷,yulei_boluo_doa,1,0,battle-assets/鱼雷/item__yulei_boluo_doa,item/yulei_boluo_doa
鱼雷,补光灯鱼雷,yulei_buguangbang,1,1,battle-assets/鱼雷/item__yulei_buguangbang,item/yulei_buguangbang
鱼雷,测试加速器鱼雷,yulei_ceshizhe,1,0,battle-assets/鱼雷/item__yulei_ceshizhe,item/yulei_ceshizhe
鱼雷,茶杯小妖鱼雷,yulei_chabei,1,1,battle-assets/鱼雷/item__yulei_chabei,item/yulei_chabei
鱼雷,柴火鱼雷,yulei_chaihuo,1,1,battle-assets/鱼雷/item__yulei_chaihuo,item/yulei_chaihuo
鱼雷,长焦镜头鱼雷,yulei_changjiaojingtou,1,1,battle-assets/鱼雷/item__yulei_changjiaojingtou,item/yulei_changjiaojingtou
鱼雷,太阳神之矛鱼雷,yulei_changmao,1,1,battle-assets/鱼雷/item__yulei_changmao,item/yulei_changmao
鱼雷,冲浪板鱼雷,yulei_chonglangban,1,1,battle-assets/鱼雷/item__yulei_chonglangban,item/yulei_chonglangban
鱼雷,戴拿巨刃鱼雷,yulei_chongnengyulei,0,3,battle-assets/鱼雷/item__yulei_chongnengyulei,item/yulei_chongnengyulei
鱼雷,充气鲨鱼鳍鱼雷,yulei_chongqishayuqi,1,1,battle-assets/鱼雷/item__yulei_chongqishayuqi,item/yulei_chongqishayuqi
鱼雷,充气小艇鱼雷,yulei_chongqixiaoting,1,1,battle-assets/鱼雷/item__yulei_chongqixiaoting,item/yulei_chongqixiaoting
鱼雷,充气鱼雷,yulei_chongqiyulei,1,1,battle-assets/鱼雷/item__yulei_chongqiyulei,item/yulei_chongqiyulei
鱼雷,船锚鱼雷,yulei_chuanmao,1,0,battle-assets/鱼雷/item__yulei_chuanmao,item/yulei_chuanmao
鱼雷,鱼雷·吹笛人,yulei_chuidiren,1,1,battle-assets/鱼雷/item__yulei_chuidiren,item/yulei_chuidiren
鱼雷,春卷鱼雷,yulei_chunjuan,1,1,battle-assets/鱼雷/item__yulei_chunjuan,item/yulei_chunjuan
鱼雷,触手鱼雷,yulei_chushou,1,1,battle-assets/鱼雷/item__yulei_chushou,item/yulei_chushou
鱼雷,鏖杀公之刃（鱼雷）,yulei_dal_aoshagong,1,2,battle-assets/鱼雷/item__yulei_dal_aoshagong,item/yulei_dal_aoshagong
鱼雷,贯穿者突击枪（鱼雷）,yulei_dal_guanchuanzhe,1,2,battle-assets/鱼雷/item__yulei_dal_guanchuanzhe,item/yulei_dal_guanchuanzhe
鱼雷,灼烂歼鬼·炮炎（鱼雷）,yulei_dal_xuanleijiangui,1,4,battle-assets/鱼雷/item__yulei_dal_xuanleijiangui,item/yulei_dal_xuanleijiangui
鱼雷,大蜡笔鱼雷,yulei_dalabi,1,2,battle-assets/鱼雷/item__yulei_dalabi,item/yulei_dalabi
鱼雷,达力摇饮料鱼雷,yulei_daliyaofengmishui,1,1,battle-assets/鱼雷/item__yulei_daliyaofengmishui,item/yulei_daliyaofengmishui
鱼雷,大奶瓶鱼雷,yulei_danaiping,1,2,battle-assets/鱼雷/item__yulei_danaiping,item/yulei_danaiping
鱼雷,单簧管鱼雷,yulei_danhuangguan,1,1,battle-assets/鱼雷/item__yulei_danhuangguan,item/yulei_danhuangguan
鱼雷,大糖果鱼雷,yulei_datangguo,1,2,battle-assets/鱼雷/item__yulei_datangguo,item/yulei_datangguo
鱼雷,注射器鱼雷,yulei_dazhentong,4,1,battle-assets/鱼雷/item__yulei_dazhentong,item/yulei_dazhentong
鱼雷,霓虹灯牌鱼雷,yulei_dengpai,0,0,battle-assets/鱼雷/item__yulei_dengpai,item/yulei_dengpai
鱼雷,登山手杖(？)鱼雷,yulei_dengshanshouzhang,1,1,battle-assets/鱼雷/item__yulei_dengshanshouzhang,item/yulei_dengshanshouzhang
鱼雷,幽巷路灯鱼雷,yulei_diaodeng,1,5,battle-assets/鱼雷/item__yulei_diaodeng,item/yulei_diaodeng
鱼雷,曙光雷霆鱼雷,yulei_diaoxiang,1,1,battle-assets/鱼雷/item__yulei_diaoxiang,item/yulei_diaoxiang
鱼雷,玉笛鱼雷,yulei_dizi,1,1,battle-assets/鱼雷/item__yulei_dizi,item/yulei_dizi
鱼雷,袪厄冬青鱼雷,yulei_dongqing,1,1,battle-assets/鱼雷/item__yulei_dongqing,item/yulei_dongqing
鱼雷,冻土豆鱼雷,yulei_dongtudou,1,1,battle-assets/鱼雷/item__yulei_dongtudou,item/yulei_dongtudou
鱼雷,冻玉米鱼雷,yulei_dongyumi,1,1,battle-assets/鱼雷/item__yulei_dongyumi,item/yulei_dongyumi
鱼雷,赠品购物袋鱼雷,yulei_dongzhi,1,1,battle-assets/鱼雷/item__yulei_dongzhi,item/yulei_dongzhi
鱼雷,购物指示牌鱼雷,yulei_dongzhidengpai,1,0,battle-assets/鱼雷/item__yulei_dongzhidengpai,item/yulei_dongzhidengpai
鱼雷,牛仔手套鱼雷,yulei_douniushoutao,1,0,battle-assets/鱼雷/item__yulei_douniushoutao,item/yulei_douniushoutao
鱼雷,对讲机鱼雷,yulei_duijiangji,1,1,battle-assets/鱼雷/item__yulei_duijiangji,item/yulei_duijiangji
鱼雷,恶魔之刺鱼雷,yulei_emocha,1,1,battle-assets/鱼雷/item__yulei_emocha,item/yulei_emocha
鱼雷,恶魔尾巴鱼雷,yulei_emoweiba,4,1,battle-assets/鱼雷/item__yulei_emoweiba,item/yulei_emoweiba
鱼雷,鱼雷「Baguette」,yulei_fagun,1,1,battle-assets/鱼雷/item__yulei_fagun,item/yulei_fagun
鱼雷,阀门鱼雷,yulei_famen,1,1,battle-assets/鱼雷/item__yulei_famen,item/yulei_famen
鱼雷,饭勺？鱼雷,yulei_fanshao,1,2,battle-assets/鱼雷/item__yulei_fanshao,item/yulei_fanshao
鱼雷,流星鱼雷,yulei_fanxing,1,5,battle-assets/鱼雷/item__yulei_fanxing,item/yulei_fanxing
鱼雷,发簪鱼雷,yulei_fazan,1,1,battle-assets/鱼雷/item__yulei_fazan,item/yulei_fazan
鱼雷,法杖鱼雷,yulei_fazhang,1,1,battle-assets/鱼雷/item__yulei_fazhang,item/yulei_fazhang
鱼雷,飞镖鱼雷,yulei_feibiao,1,1,battle-assets/鱼雷/item__yulei_feibiao,item/yulei_feibiao
鱼雷,风车鱼雷,yulei_fengche,1,1,battle-assets/鱼雷/item__yulei_fengche,item/yulei_fengche
鱼雷,风铃鱼雷,yulei_fengling,0,2,battle-assets/鱼雷/item__yulei_fengling,item/yulei_fengling
鱼雷,拂尘鱼雷,yulei_fuchen,1,1,battle-assets/鱼雷/item__yulei_fuchen,item/yulei_fuchen
鱼雷,拂尘净世鱼雷,yulei_fuchen1,1,1,battle-assets/鱼雷/item__yulei_fuchen1,item/yulei_fuchen1
鱼雷,鱼雷「Водка」,yulei_futejia,1,1,battle-assets/鱼雷/item__yulei_futejia,item/yulei_futejia
鱼雷,赠品购物袋鱼雷,yulei_gouwudairifu,1,1,battle-assets/鱼雷/item__yulei_gouwudairifu,item/yulei_gouwudairifu
鱼雷,暗夜飞索鱼雷,yulei_guaidaozhuagou,1,0,battle-assets/鱼雷/item__yulei_guaidaozhuagou,item/yulei_guaidaozhuagou
鱼雷,拐杖鱼雷,yulei_guaizhang,1,1,battle-assets/鱼雷/item__yulei_guaizhang,item/yulei_guaizhang
鱼雷,棺材鱼雷,yulei_guancai,1,1,battle-assets/鱼雷/item__yulei_guancai,item/yulei_guancai
鱼雷,古精灵之箭鱼雷,yulei_gujingling,1,2,battle-assets/鱼雷/item__yulei_gujingling,item/yulei_gujingling
鱼雷,逍遥琴鱼雷,yulei_guqin,1,1,battle-assets/鱼雷/item__yulei_guqin,item/yulei_guqin
鱼雷,浪花鱼雷,yulei_hailang,1,7,battle-assets/鱼雷/item__yulei_hailang,item/yulei_hailang
鱼雷,yulei_hailang_low,yulei_hailang_low,1,0,battle-assets/鱼雷/item__yulei_hailang_low,item/yulei_hailang_low
鱼雷,海螺鱼雷,yulei_hailuo,1,1,battle-assets/鱼雷/item__yulei_hailuo,item/yulei_hailuo
鱼雷,航天鱼雷(赤),yulei_hangtian,0,2,battle-assets/鱼雷/item__yulei_hangtian,item/yulei_hangtian
鱼雷,黑白旗鱼雷,yulei_heibaiqi,4,3,battle-assets/鱼雷/item__yulei_heibaiqi,item/yulei_heibaiqi
鱼雷,yulei_heiwu,yulei_heiwu,1,1,battle-assets/鱼雷/item__yulei_heiwu,item/yulei_heiwu
鱼雷,yulei_heiwudengpai,yulei_heiwudengpai,1,0,battle-assets/鱼雷/item__yulei_heiwudengpai,item/yulei_heiwudengpai
鱼雷,赫斯缇雅之刃,yulei_hesitiya,1,2,battle-assets/鱼雷/item__yulei_hesitiya,item/yulei_hesitiya
鱼雷,空的麦克风鱼雷,yulei_holomaikefeng,1,1,battle-assets/鱼雷/item__yulei_holomaikefeng,item/yulei_holomaikefeng
鱼雷,深海鱼雷,yulei_holoyulei,1,1,battle-assets/鱼雷/item__yulei_holoyulei,item/yulei_holoyulei
鱼雷,葡萄酒鱼雷,yulei_hongjiu,1,1,battle-assets/鱼雷/item__yulei_hongjiu,item/yulei_hongjiu
鱼雷,猩红脉冲鱼雷,yulei_hongsemaichong,1,1,battle-assets/鱼雷/item__yulei_hongsemaichong,item/yulei_hongsemaichong
鱼雷,一枝红樱鱼雷,yulei_hongying,1,0,battle-assets/鱼雷/item__yulei_hongying,item/yulei_hongying
鱼雷,猩红夜烛鱼雷,yulei_hongzhu,3,2,battle-assets/鱼雷/item__yulei_hongzhu,item/yulei_hongzhu
鱼雷,花束鱼雷,yulei_huaduo,1,1,battle-assets/鱼雷/item__yulei_huaduo,item/yulei_huaduo
鱼雷,插花玉瓶鱼雷,yulei_huapin,3,2,battle-assets/鱼雷/item__yulei_huapin,item/yulei_huapin
鱼雷,惠方卷鱼雷,yulei_huifangjuan,1,1,battle-assets/鱼雷/item__yulei_huifangjuan,item/yulei_huifangjuan
鱼雷,葫芦鱼雷,yulei_hulu,1,1,battle-assets/鱼雷/item__yulei_hulu,item/yulei_hulu
鱼雷,鱼雷·胡萝卜,yulei_huluobo,1,1,battle-assets/鱼雷/item__yulei_huluobo,item/yulei_huluobo
鱼雷,令牌鱼雷,yulei_hunianlingpai,1,1,battle-assets/鱼雷/item__yulei_hunianlingpai,item/yulei_hunianlingpai
鱼雷,毛笔鱼雷,yulei_hunianmaobi,1,1,battle-assets/鱼雷/item__yulei_hunianmaobi,item/yulei_hunianmaobi
鱼雷,书卷鱼雷,yulei_hunianshujuan,1,1,battle-assets/鱼雷/item__yulei_hunianshujuan,item/yulei_hunianshujuan
鱼雷,沉寂烟塔鱼雷,yulei_huocheyancong,1,0,battle-assets/鱼雷/item__yulei_huocheyancong,item/yulei_huocheyancong
鱼雷,火箭鱼雷,yulei_huojian,0,2,battle-assets/鱼雷/item__yulei_huojian,item/yulei_huojian
鱼雷,烟花鱼雷,yulei_huojianyanhua,1,1,battle-assets/鱼雷/item__yulei_huojianyanhua,item/yulei_huojianyanhua
鱼雷,火炬鱼雷,yulei_huoju,1,1,battle-assets/鱼雷/item__yulei_huoju,item/yulei_huoju
鱼雷,Piadina鱼雷,yulei_jianbing,1,1,battle-assets/鱼雷/item__yulei_jianbing,item/yulei_jianbing
鱼雷,冠军奖杯鱼雷,yulei_jiangbei,2,0,battle-assets/鱼雷/item__yulei_jiangbei,item/yulei_jiangbei
鱼雷,尖木桩鱼雷,yulei_jianmuzhuang,1,1,battle-assets/鱼雷/item__yulei_jianmuzhuang,item/yulei_jianmuzhuang
鱼雷,键盘鱼雷,yulei_jianpan,1,2,battle-assets/鱼雷/item__yulei_jianpan,item/yulei_jianpan
鱼雷,胶囊鱼雷,yulei_jiaonang,1,1,battle-assets/鱼雷/item__yulei_jiaonang,item/yulei_jiaonang
鱼雷,木腿鱼雷,yulei_jiatui,1,1,battle-assets/鱼雷/item__yulei_jiatui,item/yulei_jiatui
鱼雷,激流勇进鱼雷,yulei_jiliuyongjin,1,1,battle-assets/鱼雷/item__yulei_jiliuyongjin,item/yulei_jiliuyongjin
鱼雷,荆棘蔷薇鱼雷,yulei_jingjimeigui,1,0,battle-assets/鱼雷/item__yulei_jingjimeigui,item/yulei_jingjimeigui
鱼雷,精灵之杖鱼雷,yulei_jinglingzhang,1,2,battle-assets/鱼雷/item__yulei_jinglingzhang,item/yulei_jinglingzhang
鱼雷,一枝金桂鱼雷,yulei_jingui,1,2,battle-assets/鱼雷/item__yulei_jingui,item/yulei_jingui
鱼雷,虚影华镜鱼雷,yulei_jingzi,1,2,battle-assets/鱼雷/item__yulei_jingzi,item/yulei_jingzi
鱼雷,墨鳞鱼雷,yulei_jinli,2,1,battle-assets/鱼雷/item__yulei_jinli,item/yulei_jinli
鱼雷,吉他鱼雷,yulei_jita,1,1,battle-assets/鱼雷/item__yulei_jita,item/yulei_jita
鱼雷,酒桶鱼雷,yulei_jiutong,1,1,battle-assets/鱼雷/item__yulei_jiutong,item/yulei_jiutong
鱼雷,卷轴鱼雷,yulei_juanzhou,1,2,battle-assets/鱼雷/item__yulei_juanzhou,item/yulei_juanzhou
鱼雷,yulei_juanzhou_big,yulei_juanzhou_big,1,2,battle-assets/鱼雷/item__yulei_juanzhou_big,item/yulei_juanzhou_big
鱼雷,巨剑鱼雷,yulei_jujian,1,1,battle-assets/鱼雷/item__yulei_jujian,item/yulei_jujian
鱼雷,yulei_jujian_big,yulei_jujian_big,1,1,battle-assets/鱼雷/item__yulei_jujian_big,item/yulei_jujian_big
鱼雷,巨臂鱼雷,yulei_jupaobrs,0,2,battle-assets/鱼雷/item__yulei_jupaobrs,item/yulei_jupaobrs
鱼雷,纸杯咖啡鱼雷,yulei_kafeibei,1,1,battle-assets/鱼雷/item__yulei_kafeibei,item/yulei_kafeibei
鱼雷,魔术扑克鱼雷,yulei_kapai,3,6,battle-assets/鱼雷/item__yulei_kapai,item/yulei_kapai
鱼雷,黑牌鱼雷,yulei_kapaishan,1,0,battle-assets/鱼雷/item__yulei_kapaishan,item/yulei_kapaishan
鱼雷,口红鱼雷,yulei_kouhong,1,1,battle-assets/鱼雷/item__yulei_kouhong,item/yulei_kouhong
鱼雷,苦无鱼雷,yulei_kuwu,1,2,battle-assets/鱼雷/item__yulei_kuwu,item/yulei_kuwu
鱼雷,yulei_kuwu1,yulei_kuwu1,1,0,battle-assets/鱼雷/item__yulei_kuwu1,item/yulei_kuwu1
鱼雷,蜡烛鱼雷,yulei_lazhu,0,2,battle-assets/鱼雷/item__yulei_lazhu,item/yulei_lazhu
鱼雷,悖论量尺鱼雷,yulei_liangchi,1,5,battle-assets/鱼雷/item__yulei_liangchi,item/yulei_liangchi
鱼雷,yulei_liekexingdunii,yulei_liekexingdunii,1,3,battle-assets/鱼雷/item__yulei_liekexingdunii,item/yulei_liekexingdunii
鱼雷,湛蓝流苏鱼雷,yulei_liusu,1,0,battle-assets/鱼雷/item__yulei_liusu,item/yulei_liusu
鱼雷,火焰龙卷风鱼雷,yulei_longjuanfeng,3,11,battle-assets/鱼雷/item__yulei_longjuanfeng,item/yulei_longjuanfeng
鱼雷,yulei_lumangidol,yulei_lumangidol,1,1,battle-assets/鱼雷/item__yulei_lumangidol,item/yulei_lumangidol
鱼雷,残垣立柱鱼雷,yulei_luomazhu,1,0,battle-assets/鱼雷/item__yulei_luomazhu,item/yulei_luomazhu
鱼雷,鲁特琴鱼雷,yulei_luteqin,1,1,battle-assets/鱼雷/item__yulei_luteqin,item/yulei_luteqin
鱼雷,露营灯鱼雷,yulei_luyingdeng,1,1,battle-assets/鱼雷/item__yulei_luyingdeng,item/yulei_luyingdeng
鱼雷,旅行瓶鱼雷,yulei_lvxingping,1,2,battle-assets/鱼雷/item__yulei_lvxingping,item/yulei_lvxingping
鱼雷,麻花鱼雷,yulei_mahua,1,1,battle-assets/鱼雷/item__yulei_mahua,item/yulei_mahua
鱼雷,鱼雷麦克风,yulei_maikefeng,1,1,battle-assets/鱼雷/item__yulei_maikefeng,item/yulei_maikefeng
鱼雷,玫瑰鱼雷,yulei_meigui,1,1,battle-assets/鱼雷/item__yulei_meigui,item/yulei_meigui
鱼雷,Live入场券(鱼雷),yulei_menpiao,1,1,battle-assets/鱼雷/item__yulei_menpiao,item/yulei_menpiao
鱼雷,名酒鱼雷,yulei_mingjiu,1,1,battle-assets/鱼雷/item__yulei_mingjiu,item/yulei_mingjiu
鱼雷,电子琴鱼雷,yulei_mjianpan,1,1,battle-assets/鱼雷/item__yulei_mjianpan,item/yulei_mjianpan
鱼雷,鱼雷·魔豆藤蔓,yulei_modoutengwan,1,1,battle-assets/鱼雷/item__yulei_modoutengwan,item/yulei_modoutengwan
鱼雷,魔术棒鱼雷,yulei_moshubang,0,2,battle-assets/鱼雷/item__yulei_moshubang,item/yulei_moshubang
鱼雷,木雕鱼雷,yulei_mudiao,1,1,battle-assets/鱼雷/item__yulei_mudiao,item/yulei_mudiao
鱼雷,牧杖鱼雷,yulei_muzhang,1,1,battle-assets/鱼雷/item__yulei_muzhang,item/yulei_muzhang
鱼雷,yulei_nana,yulei_nana,1,1,battle-assets/鱼雷/item__yulei_nana,item/yulei_nana
鱼雷,甜蜜陷阱鱼雷,yulei_nangua,1,1,battle-assets/鱼雷/item__yulei_nangua,item/yulei_nangua
鱼雷,紫电能量鱼雷,yulei_nengliangdao2,0,0,battle-assets/鱼雷/item__yulei_nengliangdao2,item/yulei_nengliangdao2
鱼雷,龙骑枪鱼雷,yulei_nier_dragonspear,1,4,battle-assets/鱼雷/item__yulei_nier_dragonspear,item/yulei_nier_dragonspear
鱼雷,铁管鱼雷,yulei_nier_irontube,1,2,battle-assets/鱼雷/item__yulei_nier_irontube,item/yulei_nier_irontube
鱼雷,电子吉他鱼雷,yulei_nihongjita,1,1,battle-assets/鱼雷/item__yulei_nihongjita,item/yulei_nihongjita
鱼雷,电子胡萝卜鱼雷,yulei_nihongluobo,1,1,battle-assets/鱼雷/item__yulei_nihongluobo,item/yulei_nihongluobo
鱼雷,电子音响鱼雷,yulei_nihongyinxiang,1,1,battle-assets/鱼雷/item__yulei_nihongyinxiang,item/yulei_nihongyinxiang
鱼雷,农叉鱼雷,yulei_nongcha,1,1,battle-assets/鱼雷/item__yulei_nongcha,item/yulei_nongcha
鱼雷,裱花袋鱼雷,yulei_nvpubiaohuadai,1,2,battle-assets/鱼雷/item__yulei_nvpubiaohuadai,item/yulei_nvpubiaohuadai
鱼雷,拖把鱼雷,yulei_nvputuoba,1,1,battle-assets/鱼雷/item__yulei_nvputuoba,item/yulei_nvputuoba
鱼雷,女仆鞋鱼雷,yulei_nvpuxiezi,1,1,battle-assets/鱼雷/item__yulei_nvpuxiezi,item/yulei_nvpuxiezi
鱼雷,轰鸣鱼雷,yulei_paiqiguan,1,1,battle-assets/鱼雷/item__yulei_paiqiguan,item/yulei_paiqiguan
鱼雷,湮灭能量鱼雷,yulei_penqijijia,0,0,battle-assets/鱼雷/item__yulei_penqijijia,item/yulei_penqijijia
鱼雷,漂流瓶鱼雷,yulei_piaoliuping,1,1,battle-assets/鱼雷/item__yulei_piaoliuping,item/yulei_piaoliuping
鱼雷,啤酒鱼雷,yulei_pijiu,1,1,battle-assets/鱼雷/item__yulei_pijiu,item/yulei_pijiu
鱼雷,苹果糖鱼雷,yulei_pingguotang,1,1,battle-assets/鱼雷/item__yulei_pingguotang,item/yulei_pingguotang
鱼雷,清凉葡萄鱼雷,yulei_putao_doa,1,0,battle-assets/鱼雷/item__yulei_putao_doa,item/yulei_putao_doa
鱼雷,巧克力香蕉鱼雷,yulei_qiaokelixiangjiao,1,1,battle-assets/鱼雷/item__yulei_qiaokelixiangjiao,item/yulei_qiaokelixiangjiao
鱼雷,企鹅鱼雷,yulei_qieqiqiu,1,1,battle-assets/鱼雷/item__yulei_qieqiqiu,item/yulei_qieqiqiu
鱼雷,清酒鱼雷,yulei_qingjiu,1,1,battle-assets/鱼雷/item__yulei_qingjiu,item/yulei_qingjiu
鱼雷,一枝青松鱼雷,yulei_qingsong,1,1,battle-assets/鱼雷/item__yulei_qingsong,item/yulei_qingsong
鱼雷,粉香槟鱼雷,yulei_qipaoguojiuping,1,0,battle-assets/鱼雷/item__yulei_qipaoguojiuping,item/yulei_qipaoguojiuping
鱼雷,条幅气球鱼雷,yulei_qiqiu,1,0,battle-assets/鱼雷/item__yulei_qiqiu,item/yulei_qiqiu
鱼雷,汽水鱼雷,yulei_qishui,1,2,battle-assets/鱼雷/item__yulei_qishui,item/yulei_qishui
鱼雷,怪盗球棒鱼雷,yulei_qiubang,1,1,battle-assets/鱼雷/item__yulei_qiubang,item/yulei_qiubang
鱼雷,忍兔咖喱鱼雷,yulei_rentugali,1,1,battle-assets/鱼雷/item__yulei_rentugali,item/yulei_rentugali
鱼雷,日光灯鱼雷,yulei_riguangdeng,1,1,battle-assets/鱼雷/item__yulei_riguangdeng,item/yulei_riguangdeng
鱼雷,肉肉鱼雷,yulei_rou,1,1,battle-assets/鱼雷/item__yulei_rou,item/yulei_rou
鱼雷,三叉戟鱼雷,yulei_sanchaji,1,0,battle-assets/鱼雷/item__yulei_sanchaji,item/yulei_sanchaji
鱼雷,三角架鱼雷,yulei_sanjiaojia,1,1,battle-assets/鱼雷/item__yulei_sanjiaojia,item/yulei_sanjiaojia
鱼雷,魔法扫帚鱼雷,yulei_saozhao,1,1,battle-assets/鱼雷/item__yulei_saozhao,item/yulei_saozhao
鱼雷,魔法扫帚鱼雷,yulei_saozhou,3,4,battle-assets/鱼雷/item__yulei_saozhou,item/yulei_saozhou
鱼雷,沙锤鱼雷,yulei_shachui,1,2,battle-assets/鱼雷/item__yulei_shachui,item/yulei_shachui
鱼雷,脉冲电击枪鱼雷,yulei_shandianshouqiang,1,2,battle-assets/鱼雷/item__yulei_shandianshouqiang,item/yulei_shandianshouqiang
鱼雷,团扇鱼雷,yulei_shanzi,1,1,battle-assets/鱼雷/item__yulei_shanzi,item/yulei_shanzi
鱼雷,圣剑鱼雷,yulei_shengjian,1,1,battle-assets/鱼雷/item__yulei_shengjian,item/yulei_shengjian
鱼雷,试管鱼雷,yulei_shiguan,1,1,battle-assets/鱼雷/item__yulei_shiguan,item/yulei_shiguan
鱼雷,手电筒鱼雷,yulei_shoudiantong,1,2,battle-assets/鱼雷/item__yulei_shoudiantong,item/yulei_shoudiantong
鱼雷,单发土枪鱼雷,yulei_shouqiang,1,1,battle-assets/鱼雷/item__yulei_shouqiang,item/yulei_shouqiang
鱼雷,生锈剪刀鱼雷,yulei_shoushuqian,1,2,battle-assets/鱼雷/item__yulei_shoushuqian,item/yulei_shoushuqian
鱼雷,寿司拼盘鱼雷,yulei_shousipinpan,1,1,battle-assets/鱼雷/item__yulei_shousipinpan,item/yulei_shousipinpan
鱼雷,雾之都巴士鱼雷,yulei_shuangcengbus,1,2,battle-assets/鱼雷/item__yulei_shuangcengbus,item/yulei_shuangcengbus
鱼雷,冰蓝手链鱼雷,yulei_shuangcengshoulian,1,1,battle-assets/鱼雷/item__yulei_shuangcengshoulian,item/yulei_shuangcengshoulian
鱼雷,水晶耳坠鱼雷,yulei_shuijingerzhui,1,0,battle-assets/鱼雷/item__yulei_shuijingerzhui,item/yulei_shuijingerzhui
鱼雷,水勺鱼雷,yulei_shuishao,1,1,battle-assets/鱼雷/item__yulei_shuishao,item/yulei_shuishao
鱼雷,古藤手杖鱼雷,yulei_shujingfazhang,1,0,battle-assets/鱼雷/item__yulei_shujingfazhang,item/yulei_shujingfazhang
鱼雷,竖琴,yulei_shuqing,1,1,battle-assets/鱼雷/item__yulei_shuqing,item/yulei_shuqing
鱼雷,松果鱼雷,yulei_songzhen,1,1,battle-assets/鱼雷/item__yulei_songzhen,item/yulei_songzhen
鱼雷,燧发手枪鱼雷,yulei_suifashouqiang,1,1,battle-assets/鱼雷/item__yulei_suifashouqiang,item/yulei_suifashouqiang
鱼雷,锁链鱼雷,yulei_suolianbrs,0,2,battle-assets/鱼雷/item__yulei_suolianbrs,item/yulei_suolianbrs
鱼雷,唢呐鱼雷,yulei_suona,1,1,battle-assets/鱼雷/item__yulei_suona,item/yulei_suona
鱼雷,太卷鱼雷,yulei_taijuan,1,1,battle-assets/鱼雷/item__yulei_taijuan,item/yulei_taijuan
鱼雷,糖葫芦鱼雷,yulei_tanghulu,1,1,battle-assets/鱼雷/item__yulei_tanghulu,item/yulei_tanghulu
鱼雷,天线鱼雷,yulei_tianxianyulei,1,1,battle-assets/鱼雷/item__yulei_tianxianyulei,item/yulei_tianxianyulei
鱼雷,提灯鱼雷,yulei_tideng,1,1,battle-assets/鱼雷/item__yulei_tideng,item/yulei_tideng
鱼雷,yulei_tideng_2,yulei_tideng_2,0,1,battle-assets/鱼雷/item__yulei_tideng_2,item/yulei_tideng_2
鱼雷,铁轨鱼雷,yulei_tiegui,1,1,battle-assets/鱼雷/item__yulei_tiegui,item/yulei_tiegui
鱼雷,矿镐鱼雷,yulei_tieqiao,1,0,battle-assets/鱼雷/item__yulei_tieqiao,item/yulei_tieqiao
鱼雷,听诊器鱼雷,yulei_tingzhenqi,1,1,battle-assets/鱼雷/item__yulei_tingzhenqi,item/yulei_tingzhenqi
鱼雷,体温计鱼雷,yulei_tiwenji,1,1,battle-assets/鱼雷/item__yulei_tiwenji,item/yulei_tiwenji
鱼雷,上学飞弹鱼雷,yulei_tolove_daodan,1,2,battle-assets/鱼雷/item__yulei_tolove_daodan,item/yulei_tolove_daodan
鱼雷,速射海豚君鱼雷,yulei_tolove_haitun,2,2,battle-assets/鱼雷/item__yulei_tolove_haitun,item/yulei_tolove_haitun
鱼雷,宇宙帝王之枪鱼雷,yulei_tolove_qiang,1,4,battle-assets/鱼雷/item__yulei_tolove_qiang,item/yulei_tolove_qiang
鱼雷,yulei_u-556meta,yulei_u-556meta,1,1,battle-assets/鱼雷/item__yulei_u-556meta,item/yulei_u-556meta
鱼雷,yulei_u2501,yulei_u2501,1,1,battle-assets/鱼雷/item__yulei_u2501,item/yulei_u2501
鱼雷,桅杆鱼雷,yulei_weigan,1,0,battle-assets/鱼雷/item__yulei_weigan,item/yulei_weigan
鱼雷,卫星鱼雷,yulei_weixing,1,1,battle-assets/鱼雷/item__yulei_weixing,item/yulei_weixing
鱼雷,万能身份证鱼雷,yulei_weizaozhengjian,1,0,battle-assets/鱼雷/item__yulei_weizaozhengjian,item/yulei_weizaozhengjian
鱼雷,武士刀鱼雷,yulei_wushidao,1,1,battle-assets/鱼雷/item__yulei_wushidao,item/yulei_wushidao
鱼雷,饮品鱼雷,yulei_xiangbin,1,1,battle-assets/鱼雷/item__yulei_xiangbin,item/yulei_xiangbin
鱼雷,香肠鱼雷,yulei_xiangchang,1,1,battle-assets/鱼雷/item__yulei_xiangchang,item/yulei_xiangchang
鱼雷,香菇鱼雷,yulei_xianggu,1,1,battle-assets/鱼雷/item__yulei_xianggu,item/yulei_xianggu
鱼雷,黄金香蕉鱼雷,yulei_xiangjiao_doa,1,0,battle-assets/鱼雷/item__yulei_xiangjiao_doa,item/yulei_xiangjiao_doa
鱼雷,香精鱼雷,yulei_xiangjing,1,2,battle-assets/鱼雷/item__yulei_xiangjing,item/yulei_xiangjing
鱼雷,鱼雷「Parfum」,yulei_xiangshui,1,1,battle-assets/鱼雷/item__yulei_xiangshui,item/yulei_xiangshui
鱼雷,像素爱心鱼雷,yulei_xiangsuaixin,1,4,battle-assets/鱼雷/item__yulei_xiangsuaixin,item/yulei_xiangsuaixin
鱼雷,飞弹鱼雷,yulei_xiangsufeidan,0,0,battle-assets/鱼雷/item__yulei_xiangsufeidan,item/yulei_xiangsufeidan
鱼雷,凌云折扇鱼雷,yulei_xiangyunshanzi,1,0,battle-assets/鱼雷/item__yulei_xiangyunshanzi,item/yulei_xiangyunshanzi
鱼雷,线列枪鱼雷,yulei_xianlieqiang,1,1,battle-assets/鱼雷/item__yulei_xianlieqiang,item/yulei_xianlieqiang
鱼雷,仙人掌鱼雷,yulei_xianrenzhang,1,1,battle-assets/鱼雷/item__yulei_xianrenzhang,item/yulei_xianrenzhang
鱼雷,小号,yulei_xiaohao,1,1,battle-assets/鱼雷/item__yulei_xiaohao,item/yulei_xiaohao
鱼雷,小提琴,yulei_xiaotiqing,1,1,battle-assets/鱼雷/item__yulei_xiaotiqing,item/yulei_xiaotiqing
鱼雷,信号灯鱼雷,yulei_xinhaodeng,1,1,battle-assets/鱼雷/item__yulei_xinhaodeng,item/yulei_xinhaodeng
鱼雷,心跳检测仪鱼雷,yulei_xintiao,1,2,battle-assets/鱼雷/item__yulei_xintiao,item/yulei_xintiao
鱼雷,绣花鞋鱼雷,yulei_xiuhuaxie,1,0,battle-assets/鱼雷/item__yulei_xiuhuaxie,item/yulei_xiuhuaxie
鱼雷,雪茄鱼雷,yulei_xueqia,0,2,battle-assets/鱼雷/item__yulei_xueqia,item/yulei_xueqia
鱼雷,鱼雷「Lavande」,yulei_xunyicao,1,1,battle-assets/鱼雷/item__yulei_xunyicao,item/yulei_xunyicao
鱼雷,烟斗鱼雷,yulei_yandou,1,1,battle-assets/鱼雷/item__yulei_yandou,item/yulei_yandou
鱼雷,羊肉串鱼雷,yulei_yangrouchuan,1,1,battle-assets/鱼雷/item__yulei_yangrouchuan,item/yulei_yangrouchuan
鱼雷,烟花鱼雷,yulei_yanhua,2,2,battle-assets/鱼雷/item__yulei_yanhua,item/yulei_yanhua
鱼雷,恶灵缠绕鱼雷,yulei_yaoguaiyoulin,1,1,battle-assets/鱼雷/item__yulei_yaoguaiyoulin,item/yulei_yaoguaiyoulin
鱼雷,古典钥匙鱼雷,yulei_yaoshi,1,1,battle-assets/鱼雷/item__yulei_yaoshi,item/yulei_yaoshi
鱼雷,耀星鱼雷,yulei_yaoxing,2,7,battle-assets/鱼雷/item__yulei_yaoxing,item/yulei_yaoxing
鱼雷,yulei_yaoxing_low,yulei_yaoxing_low,2,7,battle-assets/鱼雷/item__yulei_yaoxing_low,item/yulei_yaoxing_low
鱼雷,椰子树鱼雷,yulei_yezishu,1,2,battle-assets/鱼雷/item__yulei_yezishu,item/yulei_yezishu
鱼雷,应援棒鱼雷,yulei_yingyuanbang,1,1,battle-assets/鱼雷/item__yulei_yingyuanbang,item/yulei_yingyuanbang
鱼雷,维纳斯群岛饮料鱼雷,yulei_yinliao,1,2,battle-assets/鱼雷/item__yulei_yinliao,item/yulei_yinliao
鱼雷,勇者之剑鱼雷,yulei_yongzhezhijian,1,1,battle-assets/鱼雷/item__yulei_yongzhezhijian,item/yulei_yongzhezhijian
鱼雷,幽灵鱼雷,yulei_youling,0,2,battle-assets/鱼雷/item__yulei_youling,item/yulei_youling
鱼雷,（快乐）幽灵鱼雷,yulei_youling02,1,3,battle-assets/鱼雷/item__yulei_youling02,item/yulei_youling02
鱼雷,幽灵机械鱼雷,yulei_youlinghuanrao,1,1,battle-assets/鱼雷/item__yulei_youlinghuanrao,item/yulei_youlinghuanrao
鱼雷,油条鱼雷,yulei_youtiao,1,1,battle-assets/鱼雷/item__yulei_youtiao,item/yulei_youtiao
鱼雷,沙滩巾鱼雷,yulei_yujin,1,1,battle-assets/鱼雷/item__yulei_yujin,item/yulei_yujin
鱼雷,玉米鱼雷,yulei_yumi,1,1,battle-assets/鱼雷/item__yulei_yumi,item/yulei_yumi
鱼雷,究极电池鱼雷,yulei_yumia_dianchi,1,2,battle-assets/鱼雷/item__yulei_yumia_dianchi,item/yulei_yumia_dianchi
鱼雷,万能矿石鱼雷,yulei_yumia_kuangshi,1,1,battle-assets/鱼雷/item__yulei_yumia_kuangshi,item/yulei_yumia_kuangshi
鱼雷,黯淡阳光石鱼雷,yulei_yumia_yangguangshi,1,1,battle-assets/鱼雷/item__yulei_yumia_yangguangshi,item/yulei_yumia_yangguangshi
鱼雷,像素陨石鱼雷,yulei_yunshi,0,0,battle-assets/鱼雷/item__yulei_yunshi,item/yulei_yunshi
鱼雷,雨伞鱼雷,yulei_yusan,1,1,battle-assets/鱼雷/item__yulei_yusan,item/yulei_yusan
鱼雷,浊影鱼雷,yulei_yutu,1,0,battle-assets/鱼雷/item__yulei_yutu,item/yulei_yutu
鱼雷,珍珠金簪鱼雷,yulei_yuzan,1,0,battle-assets/鱼雷/item__yulei_yuzan,item/yulei_yuzan
鱼雷,灶糖鱼雷,yulei_zaotang,1,1,battle-assets/鱼雷/item__yulei_zaotang,item/yulei_zaotang
鱼雷,定时炸弹鱼雷,yulei_zhadan,1,1,battle-assets/鱼雷/item__yulei_zhadan,item/yulei_zhadan
鱼雷,三角筒鱼雷,yulei_zhangai,1,2,battle-assets/鱼雷/item__yulei_zhangai,item/yulei_zhangai
鱼雷,章鱼鱼雷,yulei_zhangyu,1,1,battle-assets/鱼雷/item__yulei_zhangyu,item/yulei_zhangyu
鱼雷,章鱼烧鱼雷,yulei_zhangyushao,1,1,battle-assets/鱼雷/item__yulei_zhangyushao,item/yulei_zhangyushao
鱼雷,车站牌鱼雷,yulei_zhanpai,1,1,battle-assets/鱼雷/item__yulei_zhanpai,item/yulei_zhanpai
鱼雷,鱼雷:战士之斧,yulei_zhanshizhifu,1,4,battle-assets/鱼雷/item__yulei_zhanshizhifu,item/yulei_zhanshizhifu
鱼雷,炸药鱼雷,yulei_zhayao,1,0,battle-assets/鱼雷/item__yulei_zhayao,item/yulei_zhayao
鱼雷,针筒鱼雷,yulei_zhentong,1,1,battle-assets/鱼雷/item__yulei_zhentong,item/yulei_zhentong
鱼雷,假日遮阳伞鱼雷,yulei_zheyangsan,1,1,battle-assets/鱼雷/item__yulei_zheyangsan,item/yulei_zheyangsan
鱼雷,星星纸船鱼雷,yulei_zhichuan,1,2,battle-assets/鱼雷/item__yulei_zhichuan,item/yulei_zhichuan
鱼雷,千机伞影鱼雷,yulei_zhisan,1,1,battle-assets/鱼雷/item__yulei_zhisan,item/yulei_zhisan
鱼雷,折纸小鱼鱼雷,yulei_zhiyu,1,3,battle-assets/鱼雷/item__yulei_zhiyu,item/yulei_zhiyu
鱼雷,蜘蛛鱼雷,yulei_zhizhu,1,1,battle-assets/鱼雷/item__yulei_zhizhu,item/yulei_zhizhu
鱼雷,吉祥如意鱼雷,yulei_zhongguojie,1,1,battle-assets/鱼雷/item__yulei_zhongguojie,item/yulei_zhongguojie
鱼雷,中和剂鱼雷,yulei_zhongheji,1,2,battle-assets/鱼雷/item__yulei_zhongheji,item/yulei_zhongheji
鱼雷,红花繁缕鱼雷,yulei_zhuditiya,1,1,battle-assets/鱼雷/item__yulei_zhuditiya,item/yulei_zhuditiya
鱼雷,拐杖鱼雷,yulei_zhuguai,1,1,battle-assets/鱼雷/item__yulei_zhuguai,item/yulei_zhuguai
鱼雷,粉菜单鱼雷,yulei_zhuopai,1,0,battle-assets/鱼雷/item__yulei_zhuopai,item/yulei_zhuopai
鱼雷,猪手鱼雷,yulei_zhushou,1,1,battle-assets/鱼雷/item__yulei_zhushou,item/yulei_zhushou
鱼雷,水墨竹简鱼雷,yulei_zhutong,1,0,battle-assets/鱼雷/item__yulei_zhutong,item/yulei_zhutong
鱼雷,竹影破浪鱼雷,yulei_zhuzi,1,2,battle-assets/鱼雷/item__yulei_zhuzi,item/yulei_zhuzi
鱼雷,水枪鱼雷,yulei_zishuipao,1,1,battle-assets/鱼雷/item__yulei_zishuipao,item/yulei_zishuipao
鱼雷,疾速单车鱼雷,yulei_zixingche,1,1,battle-assets/鱼雷/item__yulei_zixingche,item/yulei_zixingche
鱼雷,金钻腕表鱼雷,yulei_zuanshishoubiao,1,1,battle-assets/鱼雷/item__yulei_zuanshishoubiao,item/yulei_zuanshishoubiao
鱼雷,钻头鱼雷,yulei_zuantou,1,2,battle-assets/鱼雷/item__yulei_zuantou,item/yulei_zuantou
炮弹,yumia_chuantoudan,yumia_chuantoudan,0,2,battle-assets/炮弹/item__yumia_chuantoudan,item/yumia_chuantoudan
炮弹,yurenjie_laser01,yurenjie_laser01,0,24,battle-assets/炮弹/item__yurenjie_laser01,item/yurenjie_laser01
其他战斗特效,yurenjie_laser02,yurenjie_laser02,0,24,battle-assets/其他战斗特效/item__yurenjie_laser02,item/yurenjie_laser02
炮弹,z23_zhanfu,z23_zhanfu,3,98,battle-assets/炮弹/item__z23_zhanfu,item/z23_zhanfu
鱼雷,z35shuilei,z35shuilei,1,2,battle-assets/鱼雷/item__z35shuilei,item/z35shuilei
炮弹,z47_tail,z47_tail,1,0,battle-assets/炮弹/item__z47_tail,item/z47_tail
炮弹,zhangwu_yuhuanzidan,zhangwu_yuhuanzidan,1,1,battle-assets/炮弹/item__zhangwu_yuhuanzidan,item/zhangwu_yuhuanzidan
炮弹,zhanji_line01,zhanji_line01,0,1,battle-assets/炮弹/item__zhanji_line01,item/zhanji_line01
炮弹,zhanji_line02,zhanji_line02,1,1,battle-assets/炮弹/item__zhanji_line02,item/zhanji_line02
炮弹,zhanji_line03,zhanji_line03,1,1,battle-assets/炮弹/item__zhanji_line03,item/zhanji_line03
炮弹,zhanji_line04,zhanji_line04,1,1,battle-assets/炮弹/item__zhanji_line04,item/zhanji_line04
炮弹,zhaomingdan_1,zhaomingdan_1,0,5,battle-assets/炮弹/item__zhaomingdan_1,item/zhaomingdan_1
炮弹,zhaomingdan_2,zhaomingdan_2,0,7,battle-assets/炮弹/item__zhaomingdan_2,item/zhaomingdan_2
炮弹,zhaomingdan_3,zhaomingdan_3,0,7,battle-assets/炮弹/item__zhaomingdan_3,item/zhaomingdan_3
炮弹,zhaomingdan_4,zhaomingdan_4,0,7,battle-assets/炮弹/item__zhaomingdan_4,item/zhaomingdan_4
鱼雷,zhongcaizheyulei,zhongcaizheyulei,0,2,battle-assets/鱼雷/item__zhongcaizheyulei,item/zhongcaizheyulei
炮弹,zhuanwu_biaoqiang,zhuanwu_biaoqiang,1,0,battle-assets/炮弹/item__zhuanwu_biaoqiang,item/zhuanwu_biaoqiang
炮弹,zhuanwu_biaoqiangbig,zhuanwu_biaoqiangbig,1,4,battle-assets/炮弹/item__zhuanwu_biaoqiangbig,item/zhuanwu_biaoqiangbig
其他战斗特效,zhuanwu_biaoqiangbig_mirror,zhuanwu_biaoqiangbig_mirror,1,4,battle-assets/其他战斗特效/item__zhuanwu_biaoqiangbig_mirror,item/zhuanwu_biaoqiangbig_mirror
炮弹,zhuiluoshandian,zhuiluoshandian,0,2,battle-assets/炮弹/item__zhuiluoshandian,item/zhuiluoshandian
炮弹,zhuixinghuojian,zhuixinghuojian,0,2,battle-assets/炮弹/item__zhuixinghuojian,item/zhuixinghuojian
炮弹,zhuoshaozidan,zhuoshaozidan,1,3,battle-assets/炮弹/item__zhuoshaozidan,item/zhuoshaozidan
鱼雷,zhuzi_yulei,zhuzi_yulei,1,3,battle-assets/鱼雷/item__zhuzi_yulei,item/zhuzi_yulei
其他战斗特效,ziadan_paopao,ziadan_paopao,0,1,battle-assets/其他战斗特效/item__ziadan_paopao,item/ziadan_paopao
炮弹,数据子弹,zidan_10daima,0,0,battle-assets/炮弹/item__zidan_10daima,item/zidan_10daima
炮弹,100T铁锤子弹,zidan_ai_dachui,1,0,battle-assets/炮弹/item__zidan_ai_dachui,item/zidan_ai_dachui
炮弹,领结子弹,zidan_ai_duandai,1,0,battle-assets/炮弹/item__zidan_ai_duandai,item/zidan_ai_duandai
炮弹,拳套子弹,zidan_ai_quantao,1,0,battle-assets/炮弹/item__zidan_ai_quantao,item/zidan_ai_quantao
炮弹,太阳之眼宝石子弹,zidan_aijibaoshi,1,0,battle-assets/炮弹/item__zidan_aijibaoshi,item/zidan_aijibaoshi
炮弹,zidan_aixin,zidan_aixin,1,0,battle-assets/炮弹/item__zidan_aixin,item/zidan_aixin
炮弹,zidan_aixinzidan,zidan_aixinzidan,1,2,battle-assets/炮弹/item__zidan_aixinzidan,item/zidan_aixinzidan
炮弹,zidan_baisehuzhua,zidan_baisehuzhua,1,1,battle-assets/炮弹/item__zidan_baisehuzhua,item/zidan_baisehuzhua
炮弹,白羊糖果子弹,zidan_baiyangtangguo,1,3,battle-assets/炮弹/item__zidan_baiyangtangguo,item/zidan_baiyangtangguo
炮弹,棒棒糖子弹,zidan_bangbangtang,1,0,battle-assets/炮弹/item__zidan_bangbangtang,item/zidan_bangbangtang
炮弹,棒球子弹,zidan_bangqiu,1,0,battle-assets/炮弹/item__zidan_bangqiu,item/zidan_bangqiu
炮弹,zidan_banshou,zidan_banshou,1,0,battle-assets/炮弹/item__zidan_banshou,item/zidan_banshou
炮弹,惊喜礼花瓶子弹,zidan_baolingqiu,1,3,battle-assets/炮弹/item__zidan_baolingqiu,item/zidan_baolingqiu
炮弹,强化石子弹,zidan_baoshi,1,1,battle-assets/炮弹/item__zidan_baoshi,item/zidan_baoshi
炮弹,贝壳子弹,zidan_beike,1,1,battle-assets/炮弹/item__zidan_beike,item/zidan_beike
炮弹,绷带子弹,zidan_bengdai,1,0,battle-assets/炮弹/item__zidan_bengdai,item/zidan_bengdai
炮弹,子弹：蝙蝠使魔,zidan_bianfushimo,1,0,battle-assets/炮弹/item__zidan_bianfushimo,item/zidan_bianfushimo
炮弹,zidan_bianfushimo_big,zidan_bianfushimo_big,1,0,battle-assets/炮弹/item__zidan_bianfushimo_big,item/zidan_bianfushimo_big
炮弹,彼岸花影子弹,zidan_bianhua,1,3,battle-assets/炮弹/item__zidan_bianhua,item/zidan_bianhua
炮弹,永动齿轮子弹,zidan_bianhuanchilun,1,1,battle-assets/炮弹/item__zidan_bianhuanchilun,item/zidan_bianhuanchilun
炮弹,折扣标签子弹,zidan_biaoqianrifu,1,0,battle-assets/炮弹/item__zidan_biaoqianrifu,item/zidan_biaoqianrifu
炮弹,木签子弹,zidan_bingbang,1,0,battle-assets/炮弹/item__zidan_bingbang,item/zidan_bingbang
炮弹,冰雹子弹,zidan_bingbao,1,3,battle-assets/炮弹/item__zidan_bingbao,item/zidan_bingbao
炮弹,冰激凌子弹,zidan_bingjiling,1,0,battle-assets/炮弹/item__zidan_bingjiling,item/zidan_bingjiling
炮弹,冰可乐子弹,zidan_bingkele,1,3,battle-assets/炮弹/item__zidan_bingkele,item/zidan_bingkele
炮弹,冰块子弹,zidan_bingkuai,1,0,battle-assets/炮弹/item__zidan_bingkuai,item/zidan_bingkuai
炮弹,冰枪子弹,zidan_bingqiang,1,0,battle-assets/炮弹/item__zidan_bingqiang,item/zidan_bingqiang
炮弹,冰使魔子弹,zidan_bingshimo,1,3,battle-assets/炮弹/item__zidan_bingshimo,item/zidan_bingshimo
炮弹,求生匕首（？)子弹,zidan_bishou,1,1,battle-assets/炮弹/item__zidan_bishou,item/zidan_bishou
炮弹,钵仔糕子弹,zidan_bozaigao,1,1,battle-assets/炮弹/item__zidan_bozaigao,item/zidan_bozaigao
炮弹,布丁子弹,zidan_buding,1,0,battle-assets/炮弹/item__zidan_buding,item/zidan_buding
炮弹,zidan_bulizidan,zidan_bulizidan,0,0,battle-assets/炮弹/item__zidan_bulizidan,item/zidan_bulizidan
炮弹,zidan_bulizidan1,zidan_bulizidan1,0,0,battle-assets/炮弹/item__zidan_bulizidan1,item/zidan_bulizidan1
炮弹,彩虹子弹,zidan_caihong,1,1,battle-assets/炮弹/item__zidan_caihong,item/zidan_caihong
炮弹,啪啪彩球子弹,zidan_caiqiu,1,2,battle-assets/炮弹/item__zidan_caiqiu,item/zidan_caiqiu
炮弹,zidan_caisefenbi,zidan_caisefenbi,1,1,battle-assets/炮弹/item__zidan_caisefenbi,item/zidan_caisefenbi
炮弹,zidan_changmao,zidan_changmao,1,1,battle-assets/炮弹/item__zidan_changmao,item/zidan_changmao
炮弹,福寿平安子弹,zidan_changmingsuo,1,0,battle-assets/炮弹/item__zidan_changmingsuo,item/zidan_changmingsuo
炮弹,超级猫爪子弹,zidan_chaojimaozhua,1,2,battle-assets/炮弹/item__zidan_chaojimaozhua,item/zidan_chaojimaozhua
炮弹,创可贴子弹,zidan_chaungketie,1,0,battle-assets/炮弹/item__zidan_chaungketie,item/zidan_chaungketie
炮弹,跑车钥匙子弹,zidan_cheyaoshi,2,0,battle-assets/炮弹/item__zidan_cheyaoshi,item/zidan_cheyaoshi
炮弹,zidan_chizi,zidan_chizi,1,0,battle-assets/炮弹/item__zidan_chizi,item/zidan_chizi
炮弹,臭豆腐子弹,zidan_choudoufu,1,1,battle-assets/炮弹/item__zidan_choudoufu,item/zidan_choudoufu
炮弹,窗花子弹,zidan_chuanghua,1,0,battle-assets/炮弹/item__zidan_chuanghua,item/zidan_chuanghua
炮弹,平安创口贴子弹,zidan_chuangketie,1,2,battle-assets/炮弹/item__zidan_chuangketie,item/zidan_chuangketie
炮弹,福运子弹,zidan_chunlian,1,0,battle-assets/炮弹/item__zidan_chunlian,item/zidan_chunlian
炮弹,曲奇子弹,zidan_cookie,1,0,battle-assets/炮弹/item__zidan_cookie,item/zidan_cookie
炮弹,红茶子弹,zidan_cup,0,0,battle-assets/炮弹/item__zidan_cup,item/zidan_cup
炮弹,大冰棒子弹,zidan_dabingbang,1,0,battle-assets/炮弹/item__zidan_dabingbang,item/zidan_dabingbang
炮弹,大福子弹,zidan_dafu,1,1,battle-assets/炮弹/item__zidan_dafu,item/zidan_dafu
炮弹,刻刻帝之弹（子弹）,zidan_dal_kekedi,1,1,battle-assets/炮弹/item__zidan_dal_kekedi,item/zidan_dal_kekedi
炮弹,灭绝天使之弹（子弹）,zidan_dal_miejuetianshi,1,2,battle-assets/炮弹/item__zidan_dal_miejuetianshi,item/zidan_dal_miejuetianshi
炮弹,束缚者之链弹（子弹）,zidan_dal_shufuzhe,1,1,battle-assets/炮弹/item__zidan_dal_shufuzhe,item/zidan_dal_shufuzhe
炮弹,青红蝶影子弹,zidan_dieying,2,2,battle-assets/炮弹/item__zidan_dieying,item/zidan_dieying
炮弹,折扣标签子弹,zidan_dongzhi,1,0,battle-assets/炮弹/item__zidan_dongzhi,item/zidan_dongzhi
炮弹,折扣气球子弹,zidan_dongzhiqiqiu,2,1,battle-assets/炮弹/item__zidan_dongzhiqiqiu,item/zidan_dongzhiqiqiu
炮弹,短剑子弹,zidan_duanjian,1,0,battle-assets/炮弹/item__zidan_duanjian,item/zidan_duanjian
炮弹,螺旋尖角子弹,zidan_emojianjiao,1,1,battle-assets/炮弹/item__zidan_emojianjiao,item/zidan_emojianjiao
炮弹,黄金圣环子弹,zidan_erhuan,1,0,battle-assets/炮弹/item__zidan_erhuan,item/zidan_erhuan
炮弹,童心相机子弹,zidan_ertongxiangji,1,1,battle-assets/炮弹/item__zidan_ertongxiangji,item/zidan_ertongxiangji
炮弹,发带炮弹,zidan_fadai,1,0,battle-assets/炮弹/item__zidan_fadai,item/zidan_fadai
炮弹,防晒帽子弹,zidan_fangshaimao,1,1,battle-assets/炮弹/item__zidan_fangshaimao,item/zidan_fangshaimao
炮弹,防晒霜子弹,zidan_fangshaishuang,1,0,battle-assets/炮弹/item__zidan_fangshaishuang,item/zidan_fangshaishuang
炮弹,糖果宝石子弹,zidan_fangxingbaoshi,2,1,battle-assets/炮弹/item__zidan_fangxingbaoshi,item/zidan_fangxingbaoshi
炮弹,番天印子弹,zidan_fantianying,1,0,battle-assets/炮弹/item__zidan_fantianying,item/zidan_fantianying
炮弹,玲珑翠环子弹,zidan_feicuiyuhuan,1,0,battle-assets/炮弹/item__zidan_feicuiyuhuan,item/zidan_feicuiyuhuan
飞机,飞剑子弹,zidan_feijian,1,0,battle-assets/飞机/item__zidan_feijian,item/zidan_feijian
炮弹,锈蚀钳夹子弹,zidan_feitubanshou,1,0,battle-assets/炮弹/item__zidan_feitubanshou,item/zidan_feitubanshou
炮弹,风车子弹,zidan_fengche,1,0,battle-assets/炮弹/item__zidan_fengche,item/zidan_fengche
炮弹,凤羽子弹,zidan_fengyu,1,0,battle-assets/炮弹/item__zidan_fengyu,item/zidan_fengyu
炮弹,幻梦灵蝶子弹,zidan_fenhudie,1,1,battle-assets/炮弹/item__zidan_fenhudie,item/zidan_fenhudie
炮弹,zidan_fensexingxing,zidan_fensexingxing,1,3,battle-assets/炮弹/item__zidan_fensexingxing,item/zidan_fensexingxing
炮弹,复古怀表子弹,zidan_fuguhuaibiao,3,0,battle-assets/炮弹/item__zidan_fuguhuaibiao,item/zidan_fuguhuaibiao
炮弹,符咒子弹,zidan_fuzhou,1,0,battle-assets/炮弹/item__zidan_fuzhou,item/zidan_fuzhou
炮弹,钢铁子弹,zidan_gangtie,1,0,battle-assets/炮弹/item__zidan_gangtie,item/zidan_gangtie
炮弹,橄榄球子弹,zidan_ganlanqiu,1,0,battle-assets/炮弹/item__zidan_ganlanqiu,item/zidan_ganlanqiu
炮弹,高脚杯子弹,zidan_gaojiaobei,1,0,battle-assets/炮弹/item__zidan_gaojiaobei,item/zidan_gaojiaobei
炮弹,指令芯片子弹,zidan_gaokejixinpian,1,0,battle-assets/炮弹/item__zidan_gaokejixinpian,item/zidan_gaokejixinpian
炮弹,秘术法球子弹,zidan_gaoliangfaqiu,2,6,battle-assets/炮弹/item__zidan_gaoliangfaqiu,item/zidan_gaoliangfaqiu
炮弹,弓箭子弹,zidan_gongjian,1,0,battle-assets/炮弹/item__zidan_gongjian,item/zidan_gongjian
炮弹,zidan_gongjian_big,zidan_gongjian_big,1,0,battle-assets/炮弹/item__zidan_gongjian_big,item/zidan_gongjian_big
炮弹,工牌子弹,zidan_gongpai,1,0,battle-assets/炮弹/item__zidan_gongpai,item/zidan_gongpai
炮弹,勾玉子弹,zidan_gouyu,1,1,battle-assets/炮弹/item__zidan_gouyu,item/zidan_gouyu
炮弹,船钩子弹,zidan_gouzi,1,0,battle-assets/炮弹/item__zidan_gouzi,item/zidan_gouzi
炮弹,怪盗假面子弹,zidan_guaidaojiamian,1,0,battle-assets/炮弹/item__zidan_guaidaojiamian,item/zidan_guaidaojiamian
炮弹,怪盗棋子子弹,zidan_guaidaoqizi,1,1,battle-assets/炮弹/item__zidan_guaidaoqizi,item/zidan_guaidaoqizi
炮弹,怪盗眼镜子弹,zidan_guaidaoyanjin,1,0,battle-assets/炮弹/item__zidan_guaidaoyanjin,item/zidan_guaidaoyanjin
炮弹,子弹:怪物饼干,zidan_guaiwubinggan,1,1,battle-assets/炮弹/item__zidan_guaiwubinggan,item/zidan_guaiwubinggan
炮弹,光明之风子弹,zidan_guangmingzhifeng,1,2,battle-assets/炮弹/item__zidan_guangmingzhifeng,item/zidan_guangmingzhifeng
炮弹,唱片子弹,zidan_guangpan,1,0,battle-assets/炮弹/item__zidan_guangpan,item/zidan_guangpan
炮弹,光影交缠子弹,zidan_guangying,1,0,battle-assets/炮弹/item__zidan_guangying,item/zidan_guangying
炮弹,光影闪电子弹,zidan_guangyingshandian,1,1,battle-assets/炮弹/item__zidan_guangyingshandian,item/zidan_guangyingshandian
炮弹,罐头子弹,zidan_guantou,1,0,battle-assets/炮弹/item__zidan_guantou,item/zidan_guantou
炮弹,钥匙扣子弹,zidan_guashi,1,0,battle-assets/炮弹/item__zidan_guashi,item/zidan_guashi
炮弹,古代匕首子弹,zidan_gudianbishou,1,0,battle-assets/炮弹/item__zidan_gudianbishou,item/zidan_gudianbishou
炮弹,古精灵之箭子弹,zidan_gujingling,1,2,battle-assets/炮弹/item__zidan_gujingling,item/zidan_gujingling
炮弹,古利特激光子弹,zidan_gulitejiguang,1,1,battle-assets/炮弹/item__zidan_gulitejiguang,item/zidan_gulitejiguang
炮弹,滚球子弹,zidan_gunqiu,1,0,battle-assets/炮弹/item__zidan_gunqiu,item/zidan_gunqiu
炮弹,海报子弹,zidan_haibao,1,0,battle-assets/炮弹/item__zidan_haibao,item/zidan_haibao
炮弹,海星子弹,zidan_haixing,1,0,battle-assets/炮弹/item__zidan_haixing,item/zidan_haixing
炮弹,汉堡子弹,zidan_hanbao,1,0,battle-assets/炮弹/item__zidan_hanbao,item/zidan_hanbao
炮弹,zidan_heiwu,zidan_heiwu,1,0,battle-assets/炮弹/item__zidan_heiwu,item/zidan_heiwu
炮弹,zidan_heiwuqiqiu,zidan_heiwuqiqiu,2,1,battle-assets/炮弹/item__zidan_heiwuqiqiu,item/zidan_heiwuqiqiu
炮弹,红蓝球子弹,zidan_honglanqiu,0,0,battle-assets/炮弹/item__zidan_honglanqiu,item/zidan_honglanqiu
鱼雷,zidan_hongmeigui,zidan_hongmeigui,1,2,battle-assets/鱼雷/item__zidan_hongmeigui,item/zidan_hongmeigui
炮弹,红色激光子弹,zidan_hongsejiguang,1,0,battle-assets/炮弹/item__zidan_hongsejiguang,item/zidan_hongsejiguang
炮弹,红围巾子弹,zidan_hongweijin,1,0,battle-assets/炮弹/item__zidan_hongweijin,item/zidan_hongweijin
炮弹,荧光应援棒子弹（红）,zidan_hongyingguangbang,1,0,battle-assets/炮弹/item__zidan_hongyingguangbang,item/zidan_hongyingguangbang
炮弹,花卷子弹,zidan_huajuan,1,1,battle-assets/炮弹/item__zidan_huajuan,item/zidan_huajuan
炮弹,zidan_huanchang01,zidan_huanchang01,1,0,battle-assets/炮弹/item__zidan_huanchang01,item/zidan_huanchang01
炮弹,zidan_huanchang02,zidan_huanchang02,1,0,battle-assets/炮弹/item__zidan_huanchang02,item/zidan_huanchang02
炮弹,荧光应援棒子弹（黄）,zidan_huangyingguangbang,1,0,battle-assets/炮弹/item__zidan_huangyingguangbang,item/zidan_huangyingguangbang
炮弹,蝴蝶结子弹,zidan_hudiejie,1,0,battle-assets/炮弹/item__zidan_hudiejie,item/zidan_hudiejie
炮弹,蔷薇流星子弹,zidan_huhua,1,2,battle-assets/炮弹/item__zidan_huhua,item/zidan_huhua
炮弹,狐火子弹,zidan_huhuo,1,0,battle-assets/炮弹/item__zidan_huhuo,item/zidan_huhuo
炮弹,zidan_huixing,zidan_huixing,1,2,battle-assets/炮弹/item__zidan_huixing,item/zidan_huixing
炮弹,彗星术子弹,zidan_huixing01,4,8,battle-assets/炮弹/item__zidan_huixing01,item/zidan_huixing01
炮弹,纪念徽章子弹,zidan_huizhang,1,0,battle-assets/炮弹/item__zidan_huizhang,item/zidan_huizhang
炮弹,病房呼叫铃子弹,zidan_hujiaoling,1,2,battle-assets/炮弹/item__zidan_hujiaoling,item/zidan_hujiaoling
炮弹,狐笋子弹,zidan_hulizidan,1,0,battle-assets/炮弹/item__zidan_hulizidan,item/zidan_hulizidan
炮弹,兰花子弹,zidan_hunianlanhua,1,0,battle-assets/炮弹/item__zidan_hunianlanhua,item/zidan_hunianlanhua
炮弹,梅花子弹,zidan_hunianmeihua,1,0,battle-assets/炮弹/item__zidan_hunianmeihua,item/zidan_hunianmeihua
炮弹,翠竹子弹,zidan_hunianzhuzi,1,0,battle-assets/炮弹/item__zidan_hunianzhuzi,item/zidan_hunianzhuzi
炮弹,列车票根子弹,zidan_huochepiao,1,0,battle-assets/炮弹/item__zidan_huochepiao,item/zidan_huochepiao
炮弹,火焰球子弹,zidan_huoguang,1,1,battle-assets/炮弹/item__zidan_huoguang,item/zidan_huoguang
炮弹,火使魔子弹,zidan_huoshimo,1,2,battle-assets/炮弹/item__zidan_huoshimo,item/zidan_huoshimo
炮弹,琥珀子弹,zidan_hupo,1,0,battle-assets/炮弹/item__zidan_hupo,item/zidan_hupo
炮弹,嘉宾点数子弹,zidan_jiabindianshu_doa,1,1,battle-assets/炮弹/item__zidan_jiabindianshu_doa,item/zidan_jiabindianshu_doa
炮弹,假面面具,zidan_jiamianmianju,1,0,battle-assets/炮弹/item__zidan_jiamianmianju,item/zidan_jiamianmianju
炮弹,翠色流萤子弹,zidan_jiancifeiye,1,1,battle-assets/炮弹/item__zidan_jiancifeiye,item/zidan_jiancifeiye
炮弹,姜饼子弹,zidan_jiangbing,1,1,battle-assets/炮弹/item__zidan_jiangbing,item/zidan_jiangbing
炮弹,将棋子弹,zidan_jiangqi,1,0,battle-assets/炮弹/item__zidan_jiangqi,item/zidan_jiangqi
炮弹,zidan_jianqi_hong,zidan_jianqi_hong,1,2,battle-assets/炮弹/item__zidan_jianqi_hong,item/zidan_jianqi_hong
炮弹,zidan_jianqi_lan,zidan_jianqi_lan,1,2,battle-assets/炮弹/item__zidan_jianqi_lan,item/zidan_jianqi_lan
炮弹,电影胶卷子弹,zidan_jiaojuanhe,1,0,battle-assets/炮弹/item__zidan_jiaojuanhe,item/zidan_jiaojuanhe
炮弹,安定胶囊子弹,zidan_jiaonang,1,2,battle-assets/炮弹/item__zidan_jiaonang,item/zidan_jiaonang
炮弹,激流能量子弹,zidan_jiguangqiliu,0,0,battle-assets/炮弹/item__zidan_jiguangqiliu,item/zidan_jiguangqiliu
炮弹,童心积木子弹,zidan_jimu,1,1,battle-assets/炮弹/item__zidan_jimu,item/zidan_jimu
炮弹,zidan_jinbi,zidan_jinbi,1,1,battle-assets/炮弹/item__zidan_jinbi,item/zidan_jinbi
炮弹,zidan_jinbi_low,zidan_jinbi_low,1,1,battle-assets/炮弹/item__zidan_jinbi_low,item/zidan_jinbi_low
炮弹,禁忌万灵药剂子弹,zidan_jinjiwanlingyaoji,1,2,battle-assets/炮弹/item__zidan_jinjiwanlingyaoji,item/zidan_jinjiwanlingyaoji
炮弹,金矿石子弹,zidan_jinkuangshi,1,0,battle-assets/炮弹/item__zidan_jinkuangshi,item/zidan_jinkuangshi
炮弹,zidan_jinkuangshi_low,zidan_jinkuangshi_low,1,0,battle-assets/炮弹/item__zidan_jinkuangshi_low,item/zidan_jinkuangshi_low
炮弹,zidan_jinseyezi,zidan_jinseyezi,1,1,battle-assets/炮弹/item__zidan_jinseyezi,item/zidan_jinseyezi
炮弹,浑圆金珠子弹,zidan_jinzhu,1,0,battle-assets/炮弹/item__zidan_jinzhu,item/zidan_jinzhu
炮弹,zidan_jishang,zidan_jishang,1,0,battle-assets/炮弹/item__zidan_jishang,item/zidan_jishang
炮弹,zidan_jujian_big,zidan_jujian_big,1,0,battle-assets/炮弹/item__zidan_jujian_big,item/zidan_jujian_big
炮弹,特调Espreso,zidan_kafeibei,1,0,battle-assets/炮弹/item__zidan_kafeibei,item/zidan_kafeibei
炮弹,口罩子弹,zidan_kouzhao,1,0,battle-assets/炮弹/item__zidan_kouzhao,item/zidan_kouzhao
炮弹,苦无子弹,zidan_kuwu,1,0,battle-assets/炮弹/item__zidan_kuwu,item/zidan_kuwu
炮弹,辣椒子弹,zidan_lajiao,1,0,battle-assets/炮弹/item__zidan_lajiao,item/zidan_lajiao
炮弹,幽蓝鬼火子弹,zidan_languihuo,1,2,battle-assets/炮弹/item__zidan_languihuo,item/zidan_languihuo
炮弹,篮球子弹,zidan_lanqiu,1,0,battle-assets/炮弹/item__zidan_lanqiu,item/zidan_lanqiu
炮弹,雷使魔子弹,zidan_leishimo,1,5,battle-assets/炮弹/item__zidan_leishimo,item/zidan_leishimo
炮弹,车厢挂钩子弹,zidan_lianjieqi,1,0,battle-assets/炮弹/item__zidan_lianjieqi,item/zidan_lianjieqi
炮弹,祈愿铃音子弹,zidan_lindang,1,3,battle-assets/炮弹/item__zidan_lindang,item/zidan_lindang
炮弹,粉领结子弹,zidan_lingjie,1,0,battle-assets/炮弹/item__zidan_lingjie,item/zidan_lingjie
炮弹,玲珑球子弹,zidan_linglongqiu,1,0,battle-assets/炮弹/item__zidan_linglongqiu,item/zidan_linglongqiu
炮弹,zidan_lingxingsuipian,zidan_lingxingsuipian,1,2,battle-assets/炮弹/item__zidan_lingxingsuipian,item/zidan_lingxingsuipian
炮弹,螺母子弹,zidan_luomu,1,0,battle-assets/炮弹/item__zidan_luomu,item/zidan_luomu
炮弹,落叶子弹,zidan_luoye,1,0,battle-assets/炮弹/item__zidan_luoye,item/zidan_luoye
炮弹,绿色激光子弹,zidan_lvsejiguang,1,0,battle-assets/炮弹/item__zidan_lvsejiguang,item/zidan_lvsejiguang
炮弹,zidan_lvsesuanzhuan,zidan_lvsesuanzhuan,2,5,battle-assets/炮弹/item__zidan_lvsesuanzhuan,item/zidan_lvsesuanzhuan
炮弹,荧光应援棒子弹（绿）,zidan_lvyingguangbang,1,0,battle-assets/炮弹/item__zidan_lvyingguangbang,item/zidan_lvyingguangbang
炮弹,幽冥子弹,zidan_lvzhu,1,1,battle-assets/炮弹/item__zidan_lvzhu,item/zidan_lvzhu
炮弹,金话筒子弹,zidan_maikefeng,1,0,battle-assets/炮弹/item__zidan_maikefeng,item/zidan_maikefeng
炮弹,麻将牌子弹,zidan_majiangpai,1,0,battle-assets/炮弹/item__zidan_majiangpai,item/zidan_majiangpai
炮弹,马卡龙子弹,zidan_makalong,1,1,battle-assets/炮弹/item__zidan_makalong,item/zidan_makalong
炮弹,纪念马克杯子弹,zidan_makebei,1,0,battle-assets/炮弹/item__zidan_makebei,item/zidan_makebei
炮弹,马克笔子弹,zidan_makebi,1,1,battle-assets/炮弹/item__zidan_makebi,item/zidan_makebi
炮弹,马蹄铁子弹,zidan_matitie,1,0,battle-assets/炮弹/item__zidan_matitie,item/zidan_matitie
炮弹,棉花糖子弹,zidan_mianhuatang,1,0,battle-assets/炮弹/item__zidan_mianhuatang,item/zidan_mianhuatang
炮弹,宝石魔弹,zidan_mofafeidan,1,4,battle-assets/炮弹/item__zidan_mofafeidan,item/zidan_mofafeidan
炮弹,蘑菇子弹,zidan_mogu,1,1,battle-assets/炮弹/item__zidan_mogu,item/zidan_mogu
炮弹,墨韵流光子弹,zidan_moshui,1,1,battle-assets/炮弹/item__zidan_moshui,item/zidan_moshui
炮弹,惊鸿子弹,zidan_moshuifeiniao,1,0,battle-assets/炮弹/item__zidan_moshuifeiniao,item/zidan_moshuifeiniao
炮弹,子弹：魔术牌(红),zidan_moshukapai1,0,0,battle-assets/炮弹/item__zidan_moshukapai1,item/zidan_moshukapai1
炮弹,子弹：魔术牌(黄),zidan_moshukapai2,0,0,battle-assets/炮弹/item__zidan_moshukapai2,item/zidan_moshukapai2
炮弹,气球子弹,zidan_moshuqiqiu,1,1,battle-assets/炮弹/item__zidan_moshuqiqiu,item/zidan_moshuqiqiu
炮弹,奶茶子弹,zidan_naicha,1,0,battle-assets/炮弹/item__zidan_naicha,item/zidan_naicha
炮弹,zidan_naicha_big,zidan_naicha_big,1,0,battle-assets/炮弹/item__zidan_naicha_big,item/zidan_naicha_big
炮弹,奶酪弹,zidan_nailao,1,0,battle-assets/炮弹/item__zidan_nailao,item/zidan_nailao
炮弹,zidan_nailao_big,zidan_nailao_big,1,0,battle-assets/炮弹/item__zidan_nailao_big,item/zidan_nailao_big
炮弹,Double Burst,zidan_nier_circlebullet,1,2,battle-assets/炮弹/item__zidan_nier_circlebullet,item/zidan_nier_circlebullet
炮弹,Hack Burst,zidan_nier_squarebullet,1,0,battle-assets/炮弹/item__zidan_nier_squarebullet,item/zidan_nier_squarebullet
炮弹,牛奶瓶子弹,zidan_niunaiping,1,0,battle-assets/炮弹/item__zidan_niunaiping,item/zidan_niunaiping
炮弹,餐具子弹,zidan_nvpudaocha,1,1,battle-assets/炮弹/item__zidan_nvpudaocha,item/zidan_nvpudaocha
鱼雷,喵爪子弹,zidan_nvpumaozhua,1,1,battle-assets/鱼雷/item__zidan_nvpumaozhua,item/zidan_nvpumaozhua
炮弹,发箍子弹(黑&白),zidan_nvputoushi,1,1,battle-assets/炮弹/item__zidan_nvputoushi,item/zidan_nvputoushi
炮弹,迷你相纸子弹,zidan_pailidexiangzhi,1,0,battle-assets/炮弹/item__zidan_pailidexiangzhi,item/zidan_pailidexiangzhi
炮弹,泡泡子弹,zidan_paopao,0,1,battle-assets/炮弹/item__zidan_paopao,item/zidan_paopao
炮弹,苹果子弹,zidan_pingguo,1,0,battle-assets/炮弹/item__zidan_pingguo,item/zidan_pingguo
炮弹,扑克牌子弹,zidan_puke,0,1,battle-assets/炮弹/item__zidan_puke,item/zidan_puke
炮弹,zidan_puke01,zidan_puke01,0,1,battle-assets/炮弹/item__zidan_puke01,item/zidan_puke01
炮弹,zidan_puke_big,zidan_puke_big,0,1,battle-assets/炮弹/item__zidan_puke_big,item/zidan_puke_big
炮弹,zidan_puke_big01,zidan_puke_big01,0,1,battle-assets/炮弹/item__zidan_puke_big01,item/zidan_puke_big01
炮弹,老旧脱漆子弹,zidan_qiandan,1,0,battle-assets/炮弹/item__zidan_qiandan,item/zidan_qiandan
炮弹,特大强化石子弹,zidan_qianghuashi_doa,1,2,battle-assets/炮弹/item__zidan_qianghuashi_doa,item/zidan_qianghuashi_doa
炮弹,千里眼子弹,zidan_qianliyan,1,0,battle-assets/炮弹/item__zidan_qianliyan,item/zidan_qianliyan
炮弹,zidan_qianliyan1,zidan_qianliyan1,1,0,battle-assets/炮弹/item__zidan_qianliyan1,item/zidan_qianliyan1
炮弹,zidan_qiannai,zidan_qiannai,1,3,battle-assets/炮弹/item__zidan_qiannai,item/zidan_qiannai
炮弹,铜质汽笛子弹,zidan_qidi,1,0,battle-assets/炮弹/item__zidan_qidi,item/zidan_qidi
炮弹,zidan_qigongbo,zidan_qigongbo,0,0,battle-assets/炮弹/item__zidan_qigongbo,item/zidan_qigongbo
炮弹,七光宝石子弹,zidan_qiguangbaoshi,1,1,battle-assets/炮弹/item__zidan_qiguangbaoshi,item/zidan_qiguangbaoshi
炮弹,花翎子弹,zidan_queyu,1,1,battle-assets/炮弹/item__zidan_queyu,item/zidan_queyu
炮弹,烈焰酒瓶子弹,zidan_ranshaoping,1,0,battle-assets/炮弹/item__zidan_ranshaoping,item/zidan_ranshaoping
炮弹,忍魂子弹,zidan_renhun,1,0,battle-assets/炮弹/item__zidan_renhun,item/zidan_renhun
炮弹,zidan_reno,zidan_reno,1,0,battle-assets/炮弹/item__zidan_reno,item/zidan_reno
炮弹,熔岩弹,zidan_rongyan,1,0,battle-assets/炮弹/item__zidan_rongyan,item/zidan_rongyan
炮弹,zidan_rongyan_big,zidan_rongyan_big,1,0,battle-assets/炮弹/item__zidan_rongyan_big,item/zidan_rongyan_big
炮弹,肉肉子弹,zidan_rou,1,0,battle-assets/炮弹/item__zidan_rou,item/zidan_rou
炮弹,三色彩带子弹,zidan_saichecaidai,2,4,battle-assets/炮弹/item__zidan_saichecaidai,item/zidan_saichecaidai
炮弹,梦幻泡泡子弹,zidan_sansepaopao,1,0,battle-assets/炮弹/item__zidan_sansepaopao,item/zidan_sansepaopao
炮弹,存储卡子弹,zidan_sdcard,1,0,battle-assets/炮弹/item__zidan_sdcard,item/zidan_sdcard
炮弹,沙铲子弹,zidan_shachan,1,0,battle-assets/炮弹/item__zidan_shachan,item/zidan_shachan
炮弹,假日珊瑚子弹,zidan_shanhu,1,0,battle-assets/炮弹/item__zidan_shanhu,item/zidan_shanhu
炮弹,浮球子弹,zidan_shatanqiu,1,0,battle-assets/炮弹/item__zidan_shatanqiu,item/zidan_shatanqiu
炮弹,光羽晨曦子弹,zidan_shengguangyumao,1,1,battle-assets/炮弹/item__zidan_shengguangyumao,item/zidan_shengguangyumao
炮弹,金色圣甲虫子弹,zidan_shengjiachong,1,0,battle-assets/炮弹/item__zidan_shengjiachong,item/zidan_shengjiachong
炮弹,绳结子弹,zidan_shengjie,1,1,battle-assets/炮弹/item__zidan_shengjie,item/zidan_shengjie
炮弹,式神子弹,zidan_shishen,1,0,battle-assets/炮弹/item__zidan_shishen,item/zidan_shishen
炮弹,zidan_shishen1,zidan_shishen1,1,0,battle-assets/炮弹/item__zidan_shishen1,item/zidan_shishen1
炮弹,zidan_shizi,zidan_shizi,1,3,battle-assets/炮弹/item__zidan_shizi,item/zidan_shizi
炮弹,zidan_shizi_mirror,zidan_shizi_mirror,1,3,battle-assets/炮弹/item__zidan_shizi_mirror,item/zidan_shizi_mirror
炮弹,像素星光子弹,zidan_shizixing,0,0,battle-assets/炮弹/item__zidan_shizixing,item/zidan_shizixing
炮弹,手铐子弹,zidan_shoukao,1,0,battle-assets/炮弹/item__zidan_shoukao,item/zidan_shoukao
炮弹,zidan_shoukaotolove,zidan_shoukaotolove,1,0,battle-assets/炮弹/item__zidan_shoukaotolove,item/zidan_shoukaotolove
炮弹,寿司子弹,zidan_shousi,1,0,battle-assets/炮弹/item__zidan_shousi,item/zidan_shousi
炮弹,鼠标子弹,zidan_shubiao,1,2,battle-assets/炮弹/item__zidan_shubiao,item/zidan_shubiao
炮弹,子弹:水晶蝙蝠,zidan_shuijingbainfu,1,0,battle-assets/炮弹/item__zidan_shuijingbainfu,item/zidan_shuijingbainfu
炮弹,zidan_siwangliandao,zidan_siwangliandao,1,0,battle-assets/炮弹/item__zidan_siwangliandao,item/zidan_siwangliandao
炮弹,情报注入装置,zidan_suipian,1,3,battle-assets/炮弹/item__zidan_suipian,item/zidan_suipian
炮弹,根刀子弹,zidan_suolingendao,1,0,battle-assets/炮弹/item__zidan_suolingendao,item/zidan_suolingendao
炮弹,zidan_suolingendao_big,zidan_suolingendao_big,1,0,battle-assets/炮弹/item__zidan_suolingendao_big,item/zidan_suolingendao_big
炮弹,织梦穿梭子弹,zidan_suozi,1,3,battle-assets/炮弹/item__zidan_suozi,item/zidan_suozi
炮弹,速射魔法子弹,zidan_sushe,1,1,battle-assets/炮弹/item__zidan_sushe,item/zidan_sushe
炮弹,糖果子弹,zidan_tangguo,1,1,battle-assets/炮弹/item__zidan_tangguo,item/zidan_tangguo
炮弹,桃花子弹,zidan_taohua,1,0,battle-assets/炮弹/item__zidan_taohua,item/zidan_taohua
炮弹,zidan_teluntuo,zidan_teluntuo,1,0,battle-assets/炮弹/item__zidan_teluntuo,item/zidan_teluntuo
炮弹,zidan_tiancheng,zidan_tiancheng,1,0,battle-assets/炮弹/item__zidan_tiancheng,item/zidan_tiancheng
炮弹,甜甜圈子弹,zidan_tiantianquan,1,1,battle-assets/炮弹/item__zidan_tiantianquan,item/zidan_tiantianquan
炮弹,跳舞机箭头,zidan_tiaowujijiantou,1,1,battle-assets/炮弹/item__zidan_tiaowujijiantou,item/zidan_tiaowujijiantou
炮弹,铁球子弹,zidan_tieqiu,1,0,battle-assets/炮弹/item__zidan_tieqiu,item/zidan_tieqiu
炮弹,念力子弹 ,zidan_tolove_nianli,1,1,battle-assets/炮弹/item__zidan_tolove_nianli,item/zidan_tolove_nianli
炮弹,转转绳索君子弹,zidan_tolove_xin,1,0,battle-assets/炮弹/item__zidan_tolove_xin,item/zidan_tolove_xin
炮弹,金色星星子弹,zidan_tolove_xingxing,1,1,battle-assets/炮弹/item__zidan_tolove_xingxing,item/zidan_tolove_xingxing
炮弹,透明水滴子弹,zidan_toumingshuidi,1,0,battle-assets/炮弹/item__zidan_toumingshuidi,item/zidan_toumingshuidi
炮弹,兔耳子弹,zidan_tuer,1,0,battle-assets/炮弹/item__zidan_tuer,item/zidan_tuer
炮弹,V宝石子弹,zidan_vbaoshi_doa,1,1,battle-assets/炮弹/item__zidan_vbaoshi_doa,item/zidan_vbaoshi_doa
炮弹,弯刀子弹,zidan_wandao,1,0,battle-assets/炮弹/item__zidan_wandao,item/zidan_wandao
炮弹,zidan_wandao_roll,zidan_wandao_roll,1,0,battle-assets/炮弹/item__zidan_wandao_roll,item/zidan_wandao_roll
炮弹,子弹:万圣糖果,zidan_wanshengtangguo,1,0,battle-assets/炮弹/item__zidan_wanshengtangguo,item/zidan_wanshengtangguo
炮弹,寒月之辉子弹,zidan_wanyueyushi,2,0,battle-assets/炮弹/item__zidan_wanyueyushi,item/zidan_wanyueyushi
炮弹,小猪尾巴,zidan_weiba,1,0,battle-assets/炮弹/item__zidan_weiba,item/zidan_weiba
炮弹,维C子弹,zidan_weic,1,0,battle-assets/炮弹/item__zidan_weic,item/zidan_weic
炮弹,围棋子弹,zidan_weiqi,1,1,battle-assets/炮弹/item__zidan_weiqi,item/zidan_weiqi
炮弹,zidan_weiqi01,zidan_weiqi01,1,0,battle-assets/炮弹/item__zidan_weiqi01,item/zidan_weiqi01
炮弹,zidan_weiqi02,zidan_weiqi02,1,0,battle-assets/炮弹/item__zidan_weiqi02,item/zidan_weiqi02
炮弹,黑白围棋子弹,zidan_weiqiqizi,1,1,battle-assets/炮弹/item__zidan_weiqiqizi,item/zidan_weiqiqizi
炮弹,威士忌子弹,zidan_weishiji,1,0,battle-assets/炮弹/item__zidan_weishiji,item/zidan_weishiji
炮弹,舞鞋,zidan_wuxie,1,0,battle-assets/炮弹/item__zidan_wuxie,item/zidan_wuxie
炮弹,新春香囊子弹,zidan_xiangnang,1,0,battle-assets/炮弹/item__zidan_xiangnang,item/zidan_xiangnang
炮弹,象棋子弹,zidan_xiangqi,1,1,battle-assets/炮弹/item__zidan_xiangqi,item/zidan_xiangqi
炮弹,炸弹(?)香水,zidan_xiangshui,1,0,battle-assets/炮弹/item__zidan_xiangshui,item/zidan_xiangshui
炮弹,能量球子弹,zidan_xiangsunengliangqiu,3,5,battle-assets/炮弹/item__zidan_xiangsunengliangqiu,item/zidan_xiangsunengliangqiu
炮弹,小点心子弹,zidan_xiaodianxin,1,1,battle-assets/炮弹/item__zidan_xiaodianxin,item/zidan_xiaodianxin
炮弹,小酒杯子弹,zidan_xiaojiubei,1,0,battle-assets/炮弹/item__zidan_xiaojiubei,item/zidan_xiaojiubei
炮弹,zidan_xiaopeisi,zidan_xiaopeisi,1,0,battle-assets/炮弹/item__zidan_xiaopeisi,item/zidan_xiaopeisi
炮弹,西瓜子弹,zidan_xigua,1,0,battle-assets/炮弹/item__zidan_xigua,item/zidan_xigua
炮弹,星子弹(白),zidan_xingbai,1,0,battle-assets/炮弹/item__zidan_xingbai,item/zidan_xingbai
炮弹,星子弹(蓝),zidan_xinglan,1,0,battle-assets/炮弹/item__zidan_xinglan,item/zidan_xinglan
炮弹,进击啾啾之星,zidan_xingqiu,2,3,battle-assets/炮弹/item__zidan_xingqiu,item/zidan_xingqiu
炮弹,zidan_xingxing,zidan_xingxing,1,3,battle-assets/炮弹/item__zidan_xingxing,item/zidan_xingxing
炮弹,星子弹(紫),zidan_xingzi,1,0,battle-assets/炮弹/item__zidan_xingzi,item/zidan_xingzi
炮弹,海蓝心钻子弹,zidan_xinxingzuanshi,1,1,battle-assets/炮弹/item__zidan_xinxingzuanshi,item/zidan_xinxingzuanshi
炮弹,彩话筒子弹,zidan_xuancaihuatong,1,1,battle-assets/炮弹/item__zidan_xuancaihuatong,item/zidan_xuancaihuatong
炮弹,勋章子弹,zidan_xunzhang,1,0,battle-assets/炮弹/item__zidan_xunzhang,item/zidan_xunzhang
炮弹,獠牙子弹,zidan_ya,1,0,battle-assets/炮弹/item__zidan_ya,item/zidan_ya
炮弹,眼镜子弹,zidan_yanjing,1,0,battle-assets/炮弹/item__zidan_yanjing,item/zidan_yanjing
炮弹,颜料刷子弹,zidan_yanliaoshua,1,0,battle-assets/炮弹/item__zidan_yanliaoshua,item/zidan_yanliaoshua
炮弹,眼罩子弹,zidan_yanzhao,1,0,battle-assets/炮弹/item__zidan_yanzhao,item/zidan_yanzhao
炮弹,药瓶子弹,zidan_yaoping,1,0,battle-assets/炮弹/item__zidan_yaoping,item/zidan_yaoping
炮弹,邀请函子弹,zidan_yaoqinghan,1,1,battle-assets/炮弹/item__zidan_yaoqinghan,item/zidan_yaoqinghan
炮弹,怪奇药水子弹,zidan_yaoshui,1,0,battle-assets/炮弹/item__zidan_yaoshui,item/zidan_yaoshui
炮弹,椰子子弹,zidan_yezi,1,0,battle-assets/炮弹/item__zidan_yezi,item/zidan_yezi
炮弹,zidan_yinbo,zidan_yinbo,1,1,battle-assets/炮弹/item__zidan_yinbo,item/zidan_yinbo
炮弹,zidan_yinbo_purple,zidan_yinbo_purple,1,1,battle-assets/炮弹/item__zidan_yinbo_purple,item/zidan_yinbo_purple
炮弹,魔术硬币子弹,zidan_yingbi02,1,8,battle-assets/炮弹/item__zidan_yingbi02,item/zidan_yingbi02
炮弹,zidan_yingxiong,zidan_yingxiong,1,0,battle-assets/炮弹/item__zidan_yingxiong,item/zidan_yingxiong
炮弹,特调子弹,zidan_yinliao,1,1,battle-assets/炮弹/item__zidan_yinliao,item/zidan_yinliao
炮弹,假日饮料子弹,zidan_yinliaolan,1,1,battle-assets/炮弹/item__zidan_yinliaolan,item/zidan_yinliaolan
炮弹,子弹：银十字,zidan_yinshizi,1,0,battle-assets/炮弹/item__zidan_yinshizi,item/zidan_yinshizi
炮弹,音响子弹,zidan_yinxiang,1,0,battle-assets/炮弹/item__zidan_yinxiang,item/zidan_yinxiang
炮弹,阴阳符子弹,zidan_yinyangfu,1,0,battle-assets/炮弹/item__zidan_yinyangfu,item/zidan_yinyangfu
炮弹,zidan_yongzhezhijian,zidan_yongzhezhijian,1,0,battle-assets/炮弹/item__zidan_yongzhezhijian,item/zidan_yongzhezhijian
炮弹,幽魂子弹,zidan_youhun,1,0,battle-assets/炮弹/item__zidan_youhun,item/zidan_youhun
炮弹,子弹：幽火,zidan_youhuo,0,0,battle-assets/炮弹/item__zidan_youhuo,item/zidan_youhuo
炮弹,鬼火子弹,zidan_youlin,1,0,battle-assets/炮弹/item__zidan_youlin,item/zidan_youlin
炮弹,童心圆帽子弹,zidan_yuanmao,1,1,battle-assets/炮弹/item__zidan_yuanmao,item/zidan_yuanmao
炮弹,子弹:跃动飞踢,zidan_yuedongfeiti,1,2,battle-assets/炮弹/item__zidan_yuedongfeiti,item/zidan_yuedongfeiti
炮弹,zidan_yuekecheng_huaduo,zidan_yuekecheng_huaduo,1,0,battle-assets/炮弹/item__zidan_yuekecheng_huaduo,item/zidan_yuekecheng_huaduo
炮弹,白郁金香子弹,zidan_yujinxiang_bai,1,0,battle-assets/炮弹/item__zidan_yujinxiang_bai,item/zidan_yujinxiang_bai
炮弹,红郁金香子弹,zidan_yujinxiang_hong,1,0,battle-assets/炮弹/item__zidan_yujinxiang_hong,item/zidan_yujinxiang_hong
炮弹,黄郁金香子弹,zidan_yujinxiang_huang,1,0,battle-assets/炮弹/item__zidan_yujinxiang_huang,item/zidan_yujinxiang_huang
炮弹,羽毛子弹,zidan_yumao,1,1,battle-assets/炮弹/item__zidan_yumao,item/zidan_yumao
炮弹,zidan_yumao_black,zidan_yumao_black,1,0,battle-assets/炮弹/item__zidan_yumao_black,item/zidan_yumao_black
炮弹,羽毛笔子弹,zidan_yumaobi,1,0,battle-assets/炮弹/item__zidan_yumaobi,item/zidan_yumaobi
炮弹,贤者之石子弹,zidan_yumia_xianzhe,1,1,battle-assets/炮弹/item__zidan_yumia_xianzhe,item/zidan_yumia_xianzhe
炮弹,元素核心子弹,zidan_yumia_yuansu,1,0,battle-assets/炮弹/item__zidan_yumia_yuansu,item/zidan_yumia_yuansu
炮弹,尊长宝石子弹,zidan_yumia_zunzhang,1,0,battle-assets/炮弹/item__zidan_yumia_zunzhang,item/zidan_yumia_zunzhang
炮弹,装饰棉花糖子弹,zidan_yunduomianhua,1,3,battle-assets/炮弹/item__zidan_yunduomianhua,item/zidan_yunduomianhua
炮弹,深海之触子弹,zidan_zhangyu,1,0,battle-assets/炮弹/item__zidan_zhangyu,item/zidan_zhangyu
炮弹,蛸目子弹,zidan_zhangyuyan,1,0,battle-assets/炮弹/item__zidan_zhangyuyan,item/zidan_zhangyuyan
炮弹,黑色斩击弹,zidan_zhanjibrs,0,0,battle-assets/炮弹/item__zidan_zhanjibrs,item/zidan_zhanjibrs
炮弹,指向性箭头子弹,zidan_zhenliejiantou,0,2,battle-assets/炮弹/item__zidan_zhenliejiantou,item/zidan_zhenliejiantou
炮弹,海浪抱枕子弹,zidan_zhentou,1,0,battle-assets/炮弹/item__zidan_zhentou,item/zidan_zhentou
炮弹,珍珠子弹,zidan_zhenzhu,1,0,battle-assets/炮弹/item__zidan_zhenzhu,item/zidan_zhenzhu
炮弹,指南针子弹,zidan_zhinanzhen,1,0,battle-assets/炮弹/item__zidan_zhinanzhen,item/zidan_zhinanzhen
炮弹,废纸团子弹,zidan_zhituan,1,1,battle-assets/炮弹/item__zidan_zhituan,item/zidan_zhituan
炮弹,纸星星子弹,zidan_zhixingxing,1,1,battle-assets/炮弹/item__zidan_zhixingxing,item/zidan_zhixingxing
炮弹,方孔金币子弹,zidan_zhongshiqianbi,1,0,battle-assets/炮弹/item__zidan_zhongshiqianbi,item/zidan_zhongshiqianbi
炮弹,紫色激光子弹,zidan_zisejiguang,1,0,battle-assets/炮弹/item__zidan_zisejiguang,item/zidan_zisejiguang
炮弹,zimudan,zimudan,1,0,battle-assets/炮弹/item__zimudan,item/zimudan
炮弹,zimudan_blue,zimudan_blue,1,2,battle-assets/炮弹/item__zimudan_blue,item/zimudan_blue
炮弹,zuozhiya_bingzhuang,zuozhiya_bingzhuang,4,19,battle-assets/炮弹/item__zuozhiya_bingzhuang,item/zuozhiya_bingzhuang
飞机,AD1天袭者,ad1,1,0,battle-assets/飞机/plane__ad1,plane/ad1
飞机,帆船啾（鱼雷）,feiji_fanchuan,1,0,battle-assets/飞机/plane__feiji_fanchuan,plane/feiji_fanchuan
飞机,沙滩花环啾（鱼雷）,feiji_huahuanjiu_doa,1,0,battle-assets/飞机/plane__feiji_huahuanjiu_doa,plane/feiji_huahuanjiu_doa
飞机,虎鲸骑士啾（鱼雷）,feiji_hujingjiu_doa,1,0,battle-assets/飞机/plane__feiji_hujingjiu_doa,plane/feiji_hujingjiu_doa
飞机,【2026DOA三期活动】假日花船 航母战斗机 Lv1,feiji_jiushengquan,1,0,battle-assets/飞机/plane__feiji_jiushengquan,plane/feiji_jiushengquan
飞机,星愿热气球飞机（鱼雷）,feiji_maxituanreqiqiu,1,0,battle-assets/飞机/plane__feiji_maxituanreqiqiu,plane/feiji_maxituanreqiqiu
飞机,皮划艇啾（鱼雷）,feiji_pihuating,1,0,battle-assets/飞机/plane__feiji_pihuating,plane/feiji_pihuating
飞机,沙滩气垫啾（鱼雷）,feiji_qidianjiu_doa,1,0,battle-assets/飞机/plane__feiji_qidianjiu_doa,plane/feiji_qidianjiu_doa
飞机,汪汪气球飞机（鱼雷）,feiji_qiqiugou,1,0,battle-assets/飞机/plane__feiji_qiqiugou,plane/feiji_qiqiugou
飞机,蛋糕女仆啾飞机（鱼雷）,feiji_shizhejiu,1,0,battle-assets/飞机/plane__feiji_shizhejiu,plane/feiji_shizhejiu
飞机,粉粉兔耳啾飞机（鱼雷）,feiji_tuerjiu,1,0,battle-assets/飞机/plane__feiji_tuerjiu,plane/feiji_tuerjiu
飞机,阿尔比恩天袭者预警机,tianxizhe,1,0,battle-assets/飞机/plane__tianxizhe,plane/tianxizhe
飞机,萤火虫(1771中队),yinghuochong1771,1,0,battle-assets/飞机/plane__yinghuochong1771,plane/yinghuochong1771
