阵营,角色,皮肤或特殊素材,内部名称,归类方式,独立素材路径
白鹰,丹佛,丹佛,danfo,exact,assets/白鹰/10215_丹佛/skins/danfo
白鹰,丹佛,假日悠悠,danfo_2,exact,assets/白鹰/10215_丹佛/skins/danfo_2
白鹰,亚利桑那,亚利桑那,yalisangna,exact,assets/白鹰/10504_亚利桑那/skins/yalisangna
白鹰,亚利桑那,异域的舞姬,yalisangna_2,exact,assets/白鹰/10504_亚利桑那/skins/yalisangna_2
白鹰,亚利桑那,特殊素材 · yalisangna_2_hx,yalisangna_2_hx,variant,assets/白鹰/10504_亚利桑那/skins/yalisangna_2_hx
白鹰,亚特兰大,亚特兰大,yatelanda,exact,assets/白鹰/10206_亚特兰大/skins/yatelanda
白鹰,企业,企业,qiye,exact,assets/白鹰/10706_企业/skins/qiye
白鹰,企业,驯鹿之主,qiye_2,exact,assets/白鹰/10706_企业/skins/qiye_2
白鹰,企业,傲春之牡丹,qiye_3,exact,assets/白鹰/10706_企业/skins/qiye_3
白鹰,企业,Anniversary Drive！,qiye_4,exact,assets/白鹰/10706_企业/skins/qiye_4
白鹰,企业,翱翔的自由之翼,qiye_5,exact,assets/白鹰/10706_企业/skins/qiye_5
白鹰,企业,英雄的礼服,qiye_6,exact,assets/白鹰/10706_企业/skins/qiye_6
白鹰,企业,Wind Catcher,qiye_7,exact,assets/白鹰/10706_企业/skins/qiye_7
白鹰,企业,旅行的启程,qiye_8,exact,assets/白鹰/10706_企业/skins/qiye_8
白鹰,企业,誓约的星光,qiye_h,exact,assets/白鹰/10706_企业/skins/qiye_h
白鹰,企业,天际的潜水者,qiye_9,exact,assets/白鹰/10706_企业/skins/qiye_9
白鹰,企业,雨霁于心晴之时,qiye_10,exact,assets/白鹰/10706_企业/skins/qiye_10
白鹰,企业,特殊素材 · chess_qiye,chess_qiye,variant,assets/白鹰/10706_企业/skins/chess_qiye
白鹰,企业,特殊素材 · gift_qiye,gift_qiye,variant,assets/白鹰/10706_企业/skins/gift_qiye
白鹰,企业,特殊素材 · qiye_xiaoyouxi,qiye_xiaoyouxi,variant,assets/白鹰/10706_企业/skins/qiye_xiaoyouxi
白鹰,企业,特殊素材 · takegift_qiye,takegift_qiye,variant,assets/白鹰/10706_企业/skins/takegift_qiye
白鹰,休斯敦,休斯敦,xiusidun,exact,assets/白鹰/10305_休斯敦/skins/xiusidun
白鹰,休斯敦II,休斯敦II,xiusidunii,exact,assets/白鹰/10231_休斯敦II/skins/xiusidunii
白鹰,休斯敦II,新晋女仆已就绪,xiusidunii_2,exact,assets/白鹰/10231_休斯敦II/skins/xiusidunii_2
白鹰,伯明翰,伯明翰,bominghan,exact,assets/白鹰/10223_伯明翰/skins/bominghan
白鹰,伯明翰,赤色的骑行者,bominghan_2,exact,assets/白鹰/10223_伯明翰/skins/bominghan_2
白鹰,伯明翰,瑞雪丰年,bominghan_4,exact,assets/白鹰/10223_伯明翰/skins/bominghan_4
白鹰,伯明翰,乘风破浪之时,bominghan_3,exact,assets/白鹰/10223_伯明翰/skins/bominghan_3
白鹰,伯明翰,Briar Maid,bominghan_5,exact,assets/白鹰/10223_伯明翰/skins/bominghan_5
白鹰,佐治亚,佐治亚,zuozhiya,exact,assets/白鹰/19902_佐治亚/skins/zuozhiya
白鹰,佐治亚,南方的黑珍珠,zuozhiya_2,exact,assets/白鹰/19902_佐治亚/skins/zuozhiya_2
白鹰,佐治亚,Lanier Swan,zuozhiya_4,exact,assets/白鹰/19902_佐治亚/skins/zuozhiya_4
白鹰,佐治亚,雅色彩华,zuozhiya_6,exact,assets/白鹰/19902_佐治亚/skins/zuozhiya_6
白鹰,俄克拉荷马,俄克拉荷马,ekelahema,exact,assets/白鹰/10502_俄克拉荷马/skins/ekelahema
白鹰,俄克拉荷马,炸裂变身大作战！,ekelahema_2,exact,assets/白鹰/10502_俄克拉荷马/skins/ekelahema_2
白鹰,俄克拉荷马,俄克拉荷马.改,ekelahema_g,exact,assets/白鹰/10502_俄克拉荷马/skins/ekelahema_g
白鹰,克利夫兰,克利夫兰,kelifulan,exact,assets/白鹰/10209_克利夫兰/skins/kelifulan
白鹰,克利夫兰,恶魔降临之夜,kelifulan_2,exact,assets/白鹰/10209_克利夫兰/skins/kelifulan_2
白鹰,克利夫兰,骑士之夜,kelifulan_3,exact,assets/白鹰/10209_克利夫兰/skins/kelifulan_3
白鹰,克利夫兰,Road·Traveler,kelifulan_4,exact,assets/白鹰/10209_克利夫兰/skins/kelifulan_4
白鹰,克利夫兰,新年对决！,kelifulan_5,exact,assets/白鹰/10209_克利夫兰/skins/kelifulan_5
白鹰,克利夫兰,南方之旅,kelifulan_6,exact,assets/白鹰/10209_克利夫兰/skins/kelifulan_6
白鹰,克利夫兰,金色的指挥家,kelifulan_7,exact,assets/白鹰/10209_克利夫兰/skins/kelifulan_7
白鹰,克利夫兰,休息室的意外邂逅？,kelifulan_8,exact,assets/白鹰/10209_克利夫兰/skins/kelifulan_8
白鹰,克利夫兰,心动一刻,kelifulan_h,exact,assets/白鹰/10209_克利夫兰/skins/kelifulan_h
白鹰,克利夫兰,特殊素材 · chess_kelifulan,chess_kelifulan,variant,assets/白鹰/10209_克利夫兰/skins/chess_kelifulan
白鹰,克利夫兰(μ兵装),克利夫兰(μ兵装),kelifulan_idol,exact,assets/白鹰/10224_克利夫兰(μ兵装)/skins/kelifulan_idol
白鹰,克拉伦斯·K·布朗森,克拉伦斯·K·布朗森,kelalunsi,exact,assets/白鹰/10155_克拉伦斯·K·布朗森/skins/kelalunsi
白鹰,克拉伦斯·K·布朗森,特殊连接测试,kelalunsi_2,exact,assets/白鹰/10155_克拉伦斯·K·布朗森/skins/kelalunsi_2
白鹰,克雷文,克雷文,keleiwen,exact,assets/白鹰/10106_克雷文/skins/keleiwen
白鹰,克雷文,操场边的拉拉队长,keleiwen_2,exact,assets/白鹰/10106_克雷文/skins/keleiwen_2
白鹰,兰利,兰利,lanli,exact,assets/白鹰/10701_兰利/skins/lanli
白鹰,兰利,兰利.改,lanli_g,exact,assets/白鹰/10701_兰利/skins/lanli_g
白鹰,兰利II,兰利II,lanliii,exact,assets/白鹰/10727_兰利II/skins/lanliii
白鹰,兰利II,明媚休假进行时,lanliii_2,exact,assets/白鹰/10727_兰利II/skins/lanliii_2
白鹰,关岛,关岛,guandao,exact,assets/白鹰/11802_关岛/skins/guandao
白鹰,关岛,魅力舞台,guandao_2,exact,assets/白鹰/11802_关岛/skins/guandao_2
白鹰,关岛,女忍者的危险综艺秀,guandao_3,exact,assets/白鹰/11802_关岛/skins/guandao_3
白鹰,内华达,内华达,neihuada,exact,assets/白鹰/10501_内华达/skins/neihuada
白鹰,内华达,华贵的盛宴,neihuada_2,exact,assets/白鹰/10501_内华达/skins/neihuada_2
白鹰,内华达,内华达.改,neihuada_g,exact,assets/白鹰/10501_内华达/skins/neihuada_g
白鹰,列克星敦,列克星敦,liekexingdun,exact,assets/白鹰/10702_列克星敦/skins/liekexingdun
白鹰,列克星敦,春华佳人,liekexingdun_2,exact,assets/白鹰/10702_列克星敦/skins/liekexingdun_2
白鹰,列克星敦II,列克星敦II,liekexingdunii,exact,assets/白鹰/10716_列克星敦II/skins/liekexingdunii
白鹰,列克星敦II,轻飘飘的拂拭时光,liekexingdunii_2,exact,assets/白鹰/10716_列克星敦II/skins/liekexingdunii_2
白鹰,加利福尼亚,加利福尼亚,jialifuniya,exact,assets/白鹰/10508_加利福尼亚/skins/jialifuniya
白鹰,北卡罗来纳,北卡罗来纳,beikaluolaina,exact,assets/白鹰/10512_北卡罗来纳/skins/beikaluolaina
白鹰,北卡罗来纳,秘密的换装练习？,beikaluolaina_2,exact,assets/白鹰/10512_北卡罗来纳/skins/beikaluolaina_2
白鹰,北卡罗来纳,与阳光一同闪耀,beikaluolaina_3,exact,assets/白鹰/10512_北卡罗来纳/skins/beikaluolaina_3
白鹰,北安普敦,北安普敦,beianpudun,exact,assets/白鹰/10303_北安普敦/skins/beianpudun
白鹰,北安普敦II,北安普敦II,beianpudunii,exact,assets/白鹰/10326_北安普敦II/skins/beianpudunii
白鹰,北安普敦II,竞泳之星,beianpudunii_2,exact,assets/白鹰/10326_北安普敦II/skins/beianpudunii_2
白鹰,北安普敦II,闲云野鹤,beianpudunii_3,exact,assets/白鹰/10326_北安普敦II/skins/beianpudunii_3
白鹰,匹兹堡,匹兹堡,pizibao,exact,assets/白鹰/10328_匹兹堡/skins/pizibao
白鹰,匹兹堡,斟酒女郎的赌局,pizibao_2,exact,assets/白鹰/10328_匹兹堡/skins/pizibao_2
白鹰,华盛顿,华盛顿,huashengdun,exact,assets/白鹰/10513_华盛顿/skins/huashengdun
白鹰,华盛顿,微笑嘉年华,huashengdun_2,exact,assets/白鹰/10513_华盛顿/skins/huashengdun_2
白鹰,华盛顿,夜间巡诊,huashengdun_3,exact,assets/白鹰/10513_华盛顿/skins/huashengdun_3
白鹰,南达科他,南达科他,nandaketa,exact,assets/白鹰/10514_南达科他/skins/nandaketa
白鹰,南达科他,剧场上的独奏,nandaketa_2,exact,assets/白鹰/10514_南达科他/skins/nandaketa_2
白鹰,博伊西,博伊西,boyixi,exact,assets/白鹰/10229_博伊西/skins/boyixi
白鹰,博伊西,羞怯的蓝宝石,boyixi_2,exact,assets/白鹰/10229_博伊西/skins/boyixi_2
白鹰,博伊西,古堡奇谈,boyixi_3,exact,assets/白鹰/10229_博伊西/skins/boyixi_3
白鹰,博伊西,翠玉的海人鱼,boyixi_4,exact,assets/白鹰/10229_博伊西/skins/boyixi_4
白鹰,博伊西,失误的美味魔法,boyixi_5,exact,assets/白鹰/10229_博伊西/skins/boyixi_5
白鹰,博伊西(μ兵装),博伊西(μ兵装),boyixi_idol,exact,assets/白鹰/10232_博伊西(μ兵装)/skins/boyixi_idol
白鹰,博格,博格,boge,exact,assets/白鹰/10602_博格/skins/boge
白鹰,博格,博格.改,boge_g,exact,assets/白鹰/10602_博格/skins/boge_g
白鹰,卡萨布兰卡,卡萨布兰卡,kasabulanka,exact,assets/白鹰/10655_卡萨布兰卡/skins/kasabulanka
白鹰,卡萨布兰卡,啦啦队的休息时间,kasabulanka_2,exact,assets/白鹰/10655_卡萨布兰卡/skins/kasabulanka_2
白鹰,卡辛,卡辛,kaxin,exact,assets/白鹰/10103_卡辛/skins/kaxin
白鹰,卡辛,购物车大小姐,kaxin_2,exact,assets/白鹰/10103_卡辛/skins/kaxin_2
白鹰,卡辛,卡辛.改,kaxin_g,exact,assets/白鹰/10103_卡辛/skins/kaxin_g
白鹰,印第安纳,印第安纳,yindianna,exact,assets/白鹰/10515_印第安纳/skins/yindianna
白鹰,印第安纳,酒馆大劫案,yindianna_2,exact,assets/白鹰/10515_印第安纳/skins/yindianna_2
白鹰,印第安纳波利斯,印第安纳波利斯,bolisi,exact,assets/白鹰/10307_印第安纳波利斯/skins/bolisi
白鹰,印第安纳波利斯,与姐姐一起的校园生活？,bolisi_2,exact,assets/白鹰/10307_印第安纳波利斯/skins/bolisi_2
白鹰,印第安纳波利斯,环城之夜,bolisi_3,exact,assets/白鹰/10307_印第安纳波利斯/skins/bolisi_3
白鹰,印第安纳波利斯,特殊素材 · bolisi_3_hx,bolisi_3_hx,variant,assets/白鹰/10307_印第安纳波利斯/skins/bolisi_3_hx
白鹰,史蒂芬·波特,史蒂芬·波特,shidifenbote,exact,assets/白鹰/10146_史蒂芬·波特/skins/shidifenbote
白鹰,史蒂芬·波特,粉红干物兔,shidifenbote_2,exact,assets/白鹰/10146_史蒂芬·波特/skins/shidifenbote_2
白鹰,哈尔福德,哈尔福德,haerfude,exact,assets/白鹰/19905_哈尔福德/skins/haerfude
白鹰,哈尔福德,血族亲王的限定陪伴日,haerfude_2,exact,assets/白鹰/19905_哈尔福德/skins/haerfude_2
白鹰,哈尔西鲍威尔,哈尔西鲍威尔,haerxibaoweier,exact,assets/白鹰/10143_哈尔西鲍威尔/skins/haerxibaoweier
白鹰,哈尔西鲍威尔,春节小福星！,haerxibaoweier_3,exact,assets/白鹰/10143_哈尔西鲍威尔/skins/haerxibaoweier_3
白鹰,哈曼,哈曼,haman,exact,assets/白鹰/10125_哈曼/skins/haman
白鹰,哈曼,小小的夏日战争,haman_2,exact,assets/白鹰/10125_哈曼/skins/haman_2
白鹰,哈曼,舞会的傲娇妖精,haman_3,exact,assets/白鹰/10125_哈曼/skins/haman_3
白鹰,哈曼,兽耳喵喵拳！,haman_4,exact,assets/白鹰/10125_哈曼/skins/haman_4
白鹰,哈曼,圣诞Surprise！,haman_5,exact,assets/白鹰/10125_哈曼/skins/haman_5
白鹰,哈曼,Blushing Fellow,haman_6,exact,assets/白鹰/10125_哈曼/skins/haman_6
白鹰,哈曼,哈曼.改,haman_g,exact,assets/白鹰/10125_哈曼/skins/haman_g
白鹰,哈曼II,哈曼II,hamanii,exact,assets/白鹰/10150_哈曼II/skins/hamanii
白鹰,哈曼II,再一次(?)的夏日战争,hamanii_2,exact,assets/白鹰/10150_哈曼II/skins/hamanii_2
白鹰,哈曼II,哈曼的美味魔法,hamanii_3,exact,assets/白鹰/10150_哈曼II/skins/hamanii_3
白鹰,哈里森,哈里森,halisen,exact,assets/白鹰/10157_哈里森/skins/halisen
白鹰,哈里森,提前开始的追逐赛？,halisen_2,exact,assets/白鹰/10157_哈里森/skins/halisen_2
白鹰,哥伦比亚,哥伦比亚,gelunbiya,exact,assets/白鹰/10210_哥伦比亚/skins/gelunbiya
白鹰,哥伦比亚,放学前的Odette,gelunbiya_2,exact,assets/白鹰/10210_哥伦比亚/skins/gelunbiya_2
白鹰,哥伦比亚,草原纵横之旅,gelunbiya_3,exact,assets/白鹰/10210_哥伦比亚/skins/gelunbiya_3
白鹰,哥伦比亚,特殊素材 · chess_gelunbiya,chess_gelunbiya,variant,assets/白鹰/10210_哥伦比亚/skins/chess_gelunbiya
白鹰,唐斯,唐斯,tangsi,exact,assets/白鹰/10104_唐斯/skins/tangsi
白鹰,唐斯,捣蛋的帮手？,tangsi_2,exact,assets/白鹰/10104_唐斯/skins/tangsi_2
白鹰,唐斯,唐斯.改,tangsi_g,exact,assets/白鹰/10104_唐斯/skins/tangsi_g
白鹰,圣哈辛托,圣哈辛托,shenghaxintuo,exact,assets/白鹰/10730_圣哈辛托/skins/shenghaxintuo
白鹰,圣哈辛托,今日特别推荐,shenghaxintuo_2,exact,assets/白鹰/10730_圣哈辛托/skins/shenghaxintuo_2
白鹰,圣地亚哥,圣地亚哥,shengdiyage,exact,assets/白鹰/10208_圣地亚哥/skins/shengdiyage
白鹰,圣地亚哥,圣诞亚哥！,shengdiyage_2,exact,assets/白鹰/10208_圣地亚哥/skins/shengdiyage_2
白鹰,圣地亚哥,June Bride No.1！,shengdiyage_h,exact,assets/白鹰/10208_圣地亚哥/skins/shengdiyage_h
白鹰,圣地亚哥,圣地亚哥.改,shengdiyage_g,exact,assets/白鹰/10208_圣地亚哥/skins/shengdiyage_g
白鹰,圣塔菲,圣塔菲,shengtafei,exact,assets/白鹰/10234_圣塔菲/skins/shengtafei
白鹰,圣塔菲,夜访八卦进行中！,shengtafei_2,exact,assets/白鹰/10234_圣塔菲/skins/shengtafei_2
白鹰,圣胡安,圣胡安,shenghuan,exact,assets/白鹰/10222_圣胡安/skins/shenghuan
白鹰,圣胡安,Loinging Princess,shenghuan_2,exact,assets/白鹰/10222_圣胡安/skins/shenghuan_2
白鹰,圣路易斯,圣路易斯,shengluyisi,exact,assets/白鹰/10213_圣路易斯/skins/shengluyisi
白鹰,圣路易斯,春之华,shengluyisi_2,exact,assets/白鹰/10213_圣路易斯/skins/shengluyisi_2
白鹰,圣路易斯,雪下之饮,shengluyisi_3,exact,assets/白鹰/10213_圣路易斯/skins/shengluyisi_3
白鹰,圣路易斯,Luxury Handle,shengluyisi_4,exact,assets/白鹰/10213_圣路易斯/skins/shengluyisi_4
白鹰,圣路易斯,邮轮上的诱人午后,shengluyisi_5,exact,assets/白鹰/10213_圣路易斯/skins/shengluyisi_5
白鹰,埃塞克斯,埃塞克斯,aisaikesi,exact,assets/白鹰/10709_埃塞克斯/skins/aisaikesi
白鹰,埃塞克斯,66号公路之旅,aisaikesi_3,exact,assets/白鹰/10709_埃塞克斯/skins/aisaikesi_3
白鹰,埃塞克斯,Craft Fairytail,aisaikesi_4,exact,assets/白鹰/10709_埃塞克斯/skins/aisaikesi_4
白鹰,埃塞克斯,笔墨乾坤,aisaikesi_5,exact,assets/白鹰/10709_埃塞克斯/skins/aisaikesi_5
白鹰,埃塞克斯,名侦探·埃塞克斯,aisaikesi_6,exact,assets/白鹰/10709_埃塞克斯/skins/aisaikesi_6
白鹰,埃塞克斯,碧海之梦,aisaikesi_7,exact,assets/白鹰/10709_埃塞克斯/skins/aisaikesi_7
白鹰,埃塞克斯,赛道88之风,aisaikesi_8,exact,assets/白鹰/10709_埃塞克斯/skins/aisaikesi_8
白鹰,埃塞克斯,水漾在疾驰之前,aisaikesi_9,exact,assets/白鹰/10709_埃塞克斯/skins/aisaikesi_9
白鹰,埃塞克斯,埃塞克斯.改,aisaikesi_g,exact,assets/白鹰/10709_埃塞克斯/skins/aisaikesi_g
白鹰,埃塞克斯,泳池里的默契训练,aisaikesi_10,exact,assets/白鹰/10709_埃塞克斯/skins/aisaikesi_10
白鹰,埃塞克斯,特殊素材 · aisaikesi_2,aisaikesi_2,variant,assets/白鹰/10709_埃塞克斯/skins/aisaikesi_2
白鹰,埃塞克斯,特殊素材 · aisaikesi_xiaoyouxi,aisaikesi_xiaoyouxi,variant,assets/白鹰/10709_埃塞克斯/skins/aisaikesi_xiaoyouxi
白鹰,埃尔德里奇,埃尔德里奇,aierdeliqi,exact,assets/白鹰/10126_埃尔德里奇/skins/aierdeliqi
白鹰,埃尔德里奇,圣夜的拥抱,aierdeliqi_2,exact,assets/白鹰/10126_埃尔德里奇/skins/aierdeliqi_2
白鹰,埃尔德里奇,空教室的不可思议,aierdeliqi_3,exact,assets/白鹰/10126_埃尔德里奇/skins/aierdeliqi_3
白鹰,埃尔德里奇,正月的牵手,aierdeliqi_4,exact,assets/白鹰/10126_埃尔德里奇/skins/aierdeliqi_4
白鹰,埃尔德里奇,喵喵偶像团？,aierdeliqi_5,exact,assets/白鹰/10126_埃尔德里奇/skins/aierdeliqi_5
白鹰,埃尔德里奇,太空中秋节,aierdeliqi_7,exact,assets/白鹰/10126_埃尔德里奇/skins/aierdeliqi_7
白鹰,埃尔德里奇,美好的放学时刻,aierdeliqi_8,exact,assets/白鹰/10126_埃尔德里奇/skins/aierdeliqi_8
白鹰,埃尔德里奇,金月桂香,aierdeliqi_9,exact,assets/白鹰/10126_埃尔德里奇/skins/aierdeliqi_9
白鹰,埃尔德里奇,相约于林荫暖阳,aierdeliqi_h,exact,assets/白鹰/10126_埃尔德里奇/skins/aierdeliqi_h
白鹰,埃尔德里奇,埃尔德里奇.改,aierdeliqi_g,exact,assets/白鹰/10126_埃尔德里奇/skins/aierdeliqi_g
白鹰,堪萨斯,堪萨斯,kansasi,exact,assets/白鹰/19906_堪萨斯/skins/kansasi
白鹰,堪萨斯,午夜休憩线,kansasi_2,exact,assets/白鹰/19906_堪萨斯/skins/kansasi_2
白鹰,大青花鱼,大青花鱼,daqinghuayu,exact,assets/白鹰/10802_大青花鱼/skins/daqinghuayu
白鹰,大青花鱼,黑裙下的「秘密」,daqinghuayu_4,exact,assets/白鹰/10802_大青花鱼/skins/daqinghuayu_4
白鹰,大青花鱼,箱子里的“惊喜”,daqinghuayu_3,exact,assets/白鹰/10802_大青花鱼/skins/daqinghuayu_3
白鹰,大青花鱼(μ兵装),大青花鱼(μ兵装),daqinghuayu_idol,exact,assets/白鹰/10805_大青花鱼(μ兵装)/skins/daqinghuayu_idol
白鹰,大黄蜂,大黄蜂,dahuangfeng,exact,assets/白鹰/10707_大黄蜂/skins/dahuangfeng
白鹰,大黄蜂,Bubbly Anniversary！,dahuangfeng_2,exact,assets/白鹰/10707_大黄蜂/skins/dahuangfeng_2
白鹰,大黄蜂,美味生活！,dahuangfeng_3,exact,assets/白鹰/10707_大黄蜂/skins/dahuangfeng_3
白鹰,大黄蜂,应援即是正义！,dahuangfeng_4,exact,assets/白鹰/10707_大黄蜂/skins/dahuangfeng_4
白鹰,大黄蜂II,大黄蜂II,dahuangfengii,exact,assets/白鹰/10712_大黄蜂II/skins/dahuangfengii
白鹰,大黄蜂II,驰骋于大海之上！,dahuangfengii_2,exact,assets/白鹰/10712_大黄蜂II/skins/dahuangfengii_2
白鹰,奇尔沙治,奇尔沙治,qiershazhi,exact,assets/白鹰/19904_奇尔沙治/skins/qiershazhi
白鹰,奇尔沙治,Allnight Charge,qiershazhi_2,exact,assets/白鹰/19904_奇尔沙治/skins/qiershazhi_2
白鹰,奇尔沙治,Springtime Data,qiershazhi_3,exact,assets/白鹰/19904_奇尔沙治/skins/qiershazhi_3
白鹰,奇尔沙治,Vow mode（誓言模式）,qiershazhi_h,exact,assets/白鹰/19904_奇尔沙治/skins/qiershazhi_h
白鹰,奥利克,奥利克,aolike,exact,assets/白鹰/10113_奥利克/skins/aolike
白鹰,奥马哈,奥马哈,aomaha,exact,assets/白鹰/10201_奥马哈/skins/aomaha
白鹰,女灶神,女灶神,zaoshen,exact,assets/白鹰/11201_女灶神/skins/zaoshen
白鹰,女灶神,清凉的赫斯提亚,zaoshen_2,exact,assets/白鹰/11201_女灶神/skins/zaoshen_2
白鹰,女灶神,特殊素材 · zaoshen_ghost,zaoshen_ghost,variant,assets/白鹰/11201_女灶神/skins/zaoshen_ghost
白鹰,威奇塔,威奇塔,weiqita,exact,assets/白鹰/10311_威奇塔/skins/weiqita
白鹰,威奇塔,“将军”的晚宴,weiqita_2,exact,assets/白鹰/10311_威奇塔/skins/weiqita_2
白鹰,威奇塔,万圣的支配者？,weiqita_3,exact,assets/白鹰/10311_威奇塔/skins/weiqita_3
白鹰,威廉·D·波特,威廉·D·波特,bote,exact,assets/白鹰/10110_威廉·D·波特/skins/bote
白鹰,威廉·D·波特,女仆服务？天翻地覆！,bote_2,exact,assets/白鹰/10110_威廉·D·波特/skins/bote_2
白鹰,孟菲斯,孟菲斯,mengfeisi,exact,assets/白鹰/10216_孟菲斯/skins/mengfeisi
白鹰,孟菲斯,海风之旅,mengfeisi_2,exact,assets/白鹰/10216_孟菲斯/skins/mengfeisi_2
白鹰,孟菲斯,Mystical Night,mengfeisi_3,exact,assets/白鹰/10216_孟菲斯/skins/mengfeisi_3
白鹰,孟菲斯,课间的微风,mengfeisi_4,exact,assets/白鹰/10216_孟菲斯/skins/mengfeisi_4
白鹰,孟菲斯,特殊素材 · mengfeisi_3_hx,mengfeisi_3_hx,variant,assets/白鹰/10216_孟菲斯/skins/mengfeisi_3_hx
白鹰,安克雷奇,安克雷奇,ankeleiqi,exact,assets/白鹰/19903_安克雷奇/skins/ankeleiqi
白鹰,安克雷奇,海豚、海洋、游泳课,ankeleiqi_2,exact,assets/白鹰/19903_安克雷奇/skins/ankeleiqi_2
白鹰,安克雷奇,舟畔共明月,ankeleiqi_3,exact,assets/白鹰/19903_安克雷奇/skins/ankeleiqi_3
白鹰,安克雷奇,香甜牛奶味之夜,ankeleiqi_4,exact,assets/白鹰/19903_安克雷奇/skins/ankeleiqi_4
白鹰,安克雷奇,落日与烟花的誓言,ankeleiqi_h,exact,assets/白鹰/19903_安克雷奇/skins/ankeleiqi_h
白鹰,宾夕法尼亚,宾夕法尼亚,binxifaniya,exact,assets/白鹰/10503_宾夕法尼亚/skins/binxifaniya
白鹰,宾夕法尼亚,石州飞将,binxifaniya_2,exact,assets/白鹰/10503_宾夕法尼亚/skins/binxifaniya_2
白鹰,富兰克林,富兰克林,fulankelin,exact,assets/白鹰/10713_富兰克林/skins/fulankelin
白鹰,富兰克林,“护士”小姐的留院日志,fulankelin_2,exact,assets/白鹰/10713_富兰克林/skins/fulankelin_2
白鹰,富特,富特,fute,exact,assets/白鹰/10114_富特/skins/fute
白鹰,射水鱼,射水鱼,sheshuiyu,exact,assets/白鹰/10806_射水鱼/skins/sheshuiyu
白鹰,射水鱼,兔兔特调,sheshuiyu_3,exact,assets/白鹰/10806_射水鱼/skins/sheshuiyu_3
白鹰,射水鱼,不安分的邻座同学？,sheshuiyu_2,exact,assets/白鹰/10806_射水鱼/skins/sheshuiyu_2
白鹰,小企业,小企业,qiye_younv,exact,assets/白鹰/10799_小企业/skins/qiye_younv
白鹰,小克利夫兰,小克利夫兰,kelifulan_younv,exact,assets/白鹰/10220_小克利夫兰/skins/kelifulan_younv
白鹰,小圣地亚哥,小圣地亚哥,shengdiyage_younv,exact,assets/白鹰/10221_小圣地亚哥/skins/shengdiyage_younv
白鹰,小安克雷奇,小安克雷奇,ankeleiqi_younv,exact,assets/白鹰/10329_小安克雷奇/skins/ankeleiqi_younv
白鹰,小海伦娜,小海伦娜,hailunna_younv,exact,assets/白鹰/10219_小海伦娜/skins/hailunna_younv
白鹰,尼古拉斯,尼古拉斯,nigulasi,exact,assets/白鹰/10131_尼古拉斯/skins/nigulasi
白鹰,尼古拉斯,尼古纳斯,nigulasi_2,exact,assets/白鹰/10131_尼古拉斯/skins/nigulasi_2
白鹰,尼古拉斯,装错的圣诞礼物,nigulasi_3,exact,assets/白鹰/10131_尼古拉斯/skins/nigulasi_3
白鹰,尼古拉斯,夏日清扫运动,nigulasi_4,exact,assets/白鹰/10131_尼古拉斯/skins/nigulasi_4
白鹰,尼古拉斯,放学后的“惊喜”？,nigulasi_5,exact,assets/白鹰/10131_尼古拉斯/skins/nigulasi_5
白鹰,尼古拉斯,尼古拉斯.改,nigulasi_g,exact,assets/白鹰/10131_尼古拉斯/skins/nigulasi_g
白鹰,巴丹,巴丹,badan,exact,assets/白鹰/10729_巴丹/skins/badan
白鹰,巴丹,软绵绵睡衣,badan_2,exact,assets/白鹰/10729_巴丹/skins/badan_2
白鹰,巴尔的摩,巴尔的摩,baerdimo,exact,assets/白鹰/10316_巴尔的摩/skins/baerdimo
白鹰,巴尔的摩,放学后的ACE,baerdimo_2,exact,assets/白鹰/10316_巴尔的摩/skins/baerdimo_2
白鹰,巴尔的摩,Black Ace,baerdimo_4,exact,assets/白鹰/10316_巴尔的摩/skins/baerdimo_4
白鹰,巴尔的摩,夜风Minuet,baerdimo_5,exact,assets/白鹰/10316_巴尔的摩/skins/baerdimo_5
白鹰,巴尔的摩,ACE的旅行记,baerdimo_3,exact,assets/白鹰/10316_巴尔的摩/skins/baerdimo_3
白鹰,巴尔的摩,迅疾的蓝星,baerdimo_6,exact,assets/白鹰/10316_巴尔的摩/skins/baerdimo_6
白鹰,巴尔的摩,微风拂过之时,baerdimo_h,exact,assets/白鹰/10316_巴尔的摩/skins/baerdimo_h
白鹰,巴尔的摩(μ兵装),巴尔的摩(μ兵装),baerdimo_idol,exact,assets/白鹰/10325_巴尔的摩(μ兵装)/skins/baerdimo_idol
白鹰,布什,布什,bushi,exact,assets/白鹰/10133_布什/skins/bushi
白鹰,布什,小小画家,bushi_2,exact,assets/白鹰/10133_布什/skins/bushi_2
白鹰,布莱默顿,布莱默顿,bulaimodun,exact,assets/白鹰/10324_布莱默顿/skins/bulaimodun
白鹰,布莱默顿,炙热的网球练习,bulaimodun_3,exact,assets/白鹰/10324_布莱默顿/skins/bulaimodun_3
白鹰,布莱默顿,功夫少女！,bulaimodun_4,exact,assets/白鹰/10324_布莱默顿/skins/bulaimodun_4
白鹰,布莱默顿,Happy Dating！,bulaimodun_2,exact,assets/白鹰/10324_布莱默顿/skins/bulaimodun_2
白鹰,布莱默顿,悠然放松时光,bulaimodun_5,exact,assets/白鹰/10324_布莱默顿/skins/bulaimodun_5
白鹰,布莱默顿,特别的治愈时间,bulaimodun_6,exact,assets/白鹰/10324_布莱默顿/skins/bulaimodun_6
白鹰,布莱默顿,幸福的轨迹,bulaimodun_h,exact,assets/白鹰/10324_布莱默顿/skins/bulaimodun_h
白鹰,布莱默顿,特殊素材 · bulaimodun_4_hx,bulaimodun_4_hx,variant,assets/白鹰/10324_布莱默顿/skins/bulaimodun_4_hx
白鹰,布里斯托尔,布里斯托尔,bulisituoer,exact,assets/白鹰/10149_布里斯托尔/skins/bulisituoer
白鹰,布里斯托尔,东煌志怪谈,bulisituoer_2,exact,assets/白鹰/10149_布里斯托尔/skins/bulisituoer_2
白鹰,布里斯托尔,“头”号调查员,bulisituoer_3,exact,assets/白鹰/10149_布里斯托尔/skins/bulisituoer_3
白鹰,布鲁克林,布鲁克林,bulukelin,exact,assets/白鹰/10203_布鲁克林/skins/bulukelin
白鹰,帕萨迪纳,帕萨迪纳,pasadina,exact,assets/白鹰/10235_帕萨迪纳/skins/pasadina
白鹰,帕萨迪纳,惊喜游戏间,pasadina_2,exact,assets/白鹰/10235_帕萨迪纳/skins/pasadina_2
白鹰,库珀,库珀,kubo,exact,assets/白鹰/10144_库珀/skins/kubo
白鹰,库珀,烈日的网球场,kubo_2,exact,assets/白鹰/10144_库珀/skins/kubo_2
白鹰,库珀,圣夜的温暖馈赠,kubo_3,exact,assets/白鹰/10144_库珀/skins/kubo_3
白鹰,康克德,康克德,kangkede,exact,assets/白鹰/10218_康克德/skins/kangkede
白鹰,康克德,红色苹果糖,kangkede_2,exact,assets/白鹰/10218_康克德/skins/kangkede_2
白鹰,康克德,圣诞☆糖分天国,kangkede_3,exact,assets/白鹰/10218_康克德/skins/kangkede_3
白鹰,弗莱彻,弗莱彻,fulaiche,exact,assets/白鹰/10109_弗莱彻/skins/fulaiche
白鹰,彭萨科拉,彭萨科拉,pengsakela,exact,assets/白鹰/10301_彭萨科拉/skins/pengsakela
白鹰,拉德福特,拉德福特,ladefute,exact,assets/白鹰/10129_拉德福特/skins/ladefute
白鹰,拉德福特,Candy Magic！,ladefute_3,exact,assets/白鹰/10129_拉德福特/skins/ladefute_3
白鹰,拉菲,拉菲,lafei,exact,assets/白鹰/10117_拉菲/skins/lafei
白鹰,拉菲,33娘,lafei_2,exact,assets/白鹰/10117_拉菲/skins/lafei_2
白鹰,拉菲,雪兔与苹果糖,lafei_3,exact,assets/白鹰/10117_拉菲/skins/lafei_3
白鹰,拉菲,白兔迎春,lafei_4,exact,assets/白鹰/10117_拉菲/skins/lafei_4
白鹰,拉菲,兔兔店员？,lafei_5,exact,assets/白鹰/10117_拉菲/skins/lafei_5
白鹰,拉菲,野餐奇遇？,lafei_8,exact,assets/白鹰/10117_拉菲/skins/lafei_8
白鹰,拉菲,兔兔偶像·提不起劲,lafei_6,exact,assets/白鹰/10117_拉菲/skins/lafei_6
白鹰,拉菲,大扫除的始末,lafei_9,exact,assets/白鹰/10117_拉菲/skins/lafei_9
白鹰,拉菲,白兔与誓约,lafei_h,exact,assets/白鹰/10117_拉菲/skins/lafei_h
白鹰,拉菲,拉菲.改,lafei_g,exact,assets/白鹰/10117_拉菲/skins/lafei_g
白鹰,拉菲,鸡肉卷，还有倦意…,lafei_11,exact,assets/白鹰/10117_拉菲/skins/lafei_11
白鹰,拉菲,末日沉眠…,lafei_10,exact,assets/白鹰/10117_拉菲/skins/lafei_10
白鹰,拉菲,白日慵懒,lafei_12,exact,assets/白鹰/10117_拉菲/skins/lafei_12
白鹰,拉菲,特殊素材 · gift_lafei,gift_lafei,variant,assets/白鹰/10117_拉菲/skins/gift_lafei
白鹰,拉菲,特殊素材 · takegift_lafei,takegift_lafei,variant,assets/白鹰/10117_拉菲/skins/takegift_lafei
白鹰,拉菲II,拉菲II,lafeiii,exact,assets/白鹰/10151_拉菲II/skins/lafeiii
白鹰,拉菲II,睡意满满忙碌DAY,lafeiii_3,exact,assets/白鹰/10151_拉菲II/skins/lafeiii_3
白鹰,拉菲II,兔兔城主的巡游间隙,lafeiii_4,exact,assets/白鹰/10151_拉菲II/skins/lafeiii_4
白鹰,拉菲II,特殊素材 · lafeiii_wurenji,lafeiii_wurenji,variant,assets/白鹰/10151_拉菲II/skins/lafeiii_wurenji
白鹰,提康德罗加,提康德罗加,tikangdeluojia,exact,assets/白鹰/10714_提康德罗加/skins/tikangdeluojia
白鹰,提康德罗加,黑兔的舞台秀,tikangdeluojia_2,exact,assets/白鹰/10714_提康德罗加/skins/tikangdeluojia_2
白鹰,提康德罗加,日光公主,tikangdeluojia_3,exact,assets/白鹰/10714_提康德罗加/skins/tikangdeluojia_3
白鹰,提康德罗加,特殊素材 · tikangdeluojia_2_hx,tikangdeluojia_2_hx,variant,assets/白鹰/10714_提康德罗加/skins/tikangdeluojia_2_hx
白鹰,撒切尔,撒切尔,saqieer,exact,assets/白鹰/10112_撒切尔/skins/saqieer
白鹰,文森斯,文森斯,wensensi,exact,assets/白鹰/10310_文森斯/skins/wensensi
白鹰,文森斯,喵喵的美梦,wensensi_3,exact,assets/白鹰/10310_文森斯/skins/wensensi_3
白鹰,文森斯,悠哉进行曲,wensensi_2,exact,assets/白鹰/10310_文森斯/skins/wensensi_2
白鹰,斯坦利,斯坦利,sitanli,exact,assets/白鹰/10141_斯坦利/skins/sitanli
白鹰,斯彭斯,斯彭斯,sipengsi,exact,assets/白鹰/10115_斯彭斯/skins/sipengsi
白鹰,斯莫利,斯莫利,simoli,exact,assets/白鹰/10142_斯莫利/skins/simoli
白鹰,斯莫利,魔女快递,simoli_3,exact,assets/白鹰/10142_斯莫利/skins/simoli_3
白鹰,新奥尔良,新奥尔良,xinaoerliang,exact,assets/白鹰/10312_新奥尔良/skins/xinaoerliang
白鹰,新奥尔良,沉醉的干杯之夜,xinaoerliang_2,exact,assets/白鹰/10312_新奥尔良/skins/xinaoerliang_2
白鹰,新奥尔良,特殊素材 · xinaoerliang_2_hx,xinaoerliang_2_hx,variant,assets/白鹰/10312_新奥尔良/skins/xinaoerliang_2_hx
白鹰,新泽西,新泽西,xinzexi,exact,assets/白鹰/10517_新泽西/skins/xinzexi
白鹰,新泽西,跃动的舞台时间！,xinzexi_2,exact,assets/白鹰/10517_新泽西/skins/xinzexi_2
白鹰,新泽西,盛夏的闲暇,xinzexi_3,exact,assets/白鹰/10517_新泽西/skins/xinzexi_3
白鹰,新泽西,Let's Dance！月下起舞！,xinzexi_4,exact,assets/白鹰/10517_新泽西/skins/xinzexi_4
白鹰,新泽西,漆黑的超极速前奏,xinzexi_5,exact,assets/白鹰/10517_新泽西/skins/xinzexi_5
白鹰,新泽西,白雪之仪,xinzexi_h,exact,assets/白鹰/10517_新泽西/skins/xinzexi_h
白鹰,新泽西,特殊素材 · xinzexi_2_hx,xinzexi_2_hx,variant,assets/白鹰/10517_新泽西/skins/xinzexi_2_hx
白鹰,无畏,无畏,wuwei,exact,assets/白鹰/10711_无畏/skins/wuwei
白鹰,无畏,无畏的一投,wuwei_2,exact,assets/白鹰/10711_无畏/skins/wuwei_2
白鹰,旧金山,旧金山,jiujinshan,exact,assets/白鹰/10314_旧金山/skins/jiujinshan
白鹰,旧金山,Funny Bunny！,jiujinshan_3,exact,assets/白鹰/10314_旧金山/skins/jiujinshan_3
白鹰,旧金山,It's showtime!,jiujinshan_4,exact,assets/白鹰/10314_旧金山/skins/jiujinshan_4
白鹰,昆西,昆西,kunxi,exact,assets/白鹰/10309_昆西/skins/kunxi
白鹰,昆西,炎夏凉风,kunxi_2,exact,assets/白鹰/10309_昆西/skins/kunxi_2
白鹰,昆西,放学后的补习时间,kunxi_4,exact,assets/白鹰/10309_昆西/skins/kunxi_4
白鹰,明尼阿波利斯,明尼阿波利斯,mingniabolisi,exact,assets/白鹰/10313_明尼阿波利斯/skins/mingniabolisi
白鹰,明尼阿波利斯,野性派学生,mingniabolisi_2,exact,assets/白鹰/10313_明尼阿波利斯/skins/mingniabolisi_2
白鹰,明尼阿波利斯,极限运动X,mingniabolisi_3,exact,assets/白鹰/10313_明尼阿波利斯/skins/mingniabolisi_3
白鹰,明尼阿波利斯,圣夜的月下疾驰,mingniabolisi_4,exact,assets/白鹰/10313_明尼阿波利斯/skins/mingniabolisi_4
白鹰,明尼阿波利斯,Trapper white,mingniabolisi_h,exact,assets/白鹰/10313_明尼阿波利斯/skins/mingniabolisi_h
白鹰,明尼阿波利斯,特殊素材 · mingniabolisi_hx,mingniabolisi_hx,variant,assets/白鹰/10313_明尼阿波利斯/skins/mingniabolisi_hx
白鹰,星座,星座,xingzuo,exact,assets/白鹰/10401_星座/skins/xingzuo
白鹰,星座,星选之夜,xingzuo_2,exact,assets/白鹰/10401_星座/skins/xingzuo_2
白鹰,普林斯顿,普林斯顿,pulinsidun,exact,assets/白鹰/10723_普林斯顿/skins/pulinsidun
白鹰,普林斯顿,浅海的特别训练,pulinsidun_2,exact,assets/白鹰/10723_普林斯顿/skins/pulinsidun_2
白鹰,普林斯顿,心跳的糖果乐园,pulinsidun_3,exact,assets/白鹰/10723_普林斯顿/skins/pulinsidun_3
白鹰,普林斯顿,驯鹿小姐的献礼,pulinsidun_4,exact,assets/白鹰/10723_普林斯顿/skins/pulinsidun_4
白鹰,本宁顿,本宁顿,benningdun,exact,assets/白鹰/10720_本宁顿/skins/benningdun
白鹰,本宁顿,全速！盛夏逐光企划,benningdun_2,exact,assets/白鹰/10720_本宁顿/skins/benningdun_2
白鹰,本森,本森,bensen,exact,assets/白鹰/10116_本森/skins/bensen
白鹰,本森,万圣兔兔美少女！,bensen_2,exact,assets/白鹰/10116_本森/skins/bensen_2
白鹰,朱诺,朱诺,zhunuo,exact,assets/白鹰/10207_朱诺/skins/zhunuo
白鹰,朱诺,白鸟花园之约,zhunuo_2,exact,assets/白鹰/10207_朱诺/skins/zhunuo_2
白鹰,朱诺,朱诺.改,zhunuo_g,exact,assets/白鹰/10207_朱诺/skins/zhunuo_g
白鹰,杜威,杜威,duwei,exact,assets/白鹰/10102_杜威/skins/duwei
白鹰,杜威,夏日憧憬,duwei_2,exact,assets/白鹰/10102_杜威/skins/duwei_2
白鹰,杜威,冬夜的感谢,duwei_3,exact,assets/白鹰/10102_杜威/skins/duwei_3
白鹰,杰金斯,杰金斯,jiejinsi,exact,assets/白鹰/10130_杰金斯/skins/jiejinsi
白鹰,杰金斯,星光与白雪的平安夜,jiejinsi_3,exact,assets/白鹰/10130_杰金斯/skins/jiejinsi_3
白鹰,松鲷,松鲷,songdiao,exact,assets/白鹰/10808_松鲷/skins/songdiao
白鹰,松鲷,小店长的忙碌Time,songdiao_2,exact,assets/白鹰/10808_松鲷/skins/songdiao_2
白鹰,查尔斯·奥斯本,查尔斯·奥斯本,aosiben,exact,assets/白鹰/10111_查尔斯·奥斯本/skins/aosiben
白鹰,查尔斯·奥斯本,查尔斯·奥斯本.改,aosiben_g,exact,assets/白鹰/10111_查尔斯·奥斯本/skins/aosiben_g
白鹰,柯莱特,柯莱特,kelaite,exact,assets/白鹰/10156_柯莱特/skins/kelaite
白鹰,柯莱特,飞高高的“自动”洗车法,kelaite_2,exact,assets/白鹰/10156_柯莱特/skins/kelaite_2
白鹰,格里德利,格里德利,gelideli,exact,assets/白鹰/10105_格里德利/skins/gelideli
白鹰,格里德利,圣诞摄影会！,gelideli_2,exact,assets/白鹰/10105_格里德利/skins/gelideli_2
白鹰,棘鳍,棘鳍,jiqi,exact,assets/白鹰/10803_棘鳍/skins/jiqi
白鹰,棘鳍,便利店大作战！,jiqi_2,exact,assets/白鹰/10803_棘鳍/skins/jiqi_2
白鹰,棘鳍,五彩斑斓的宴会,jiqi_3,exact,assets/白鹰/10803_棘鳍/skins/jiqi_3
白鹰,比洛克西,比洛克西,biluokexi,exact,assets/白鹰/10225_比洛克西/skins/biluokexi
白鹰,比洛克西,俊俏丽人,biluokexi_2,exact,assets/白鹰/10225_比洛克西/skins/biluokexi_2
白鹰,比洛克西,洛城女帝,biluokexi_4,exact,assets/白鹰/10225_比洛克西/skins/biluokexi_4
白鹰,比洛克西,绚烂缤纷花火夜,biluokexi_5,exact,assets/白鹰/10225_比洛克西/skins/biluokexi_5
白鹰,比洛克西,罗密欧or朱丽叶？,biluokexi_6,exact,assets/白鹰/10225_比洛克西/skins/biluokexi_6
白鹰,法戈,法戈,fage,exact,assets/白鹰/10233_法戈/skins/fage
白鹰,法戈,纯白热潮,fage_2,exact,assets/白鹰/10233_法戈/skins/fage_2
白鹰,法戈,特殊素材 · fage_huoxiang,fage_huoxiang,variant,assets/白鹰/10233_法戈/skins/fage_huoxiang
白鹰,波特兰,波特兰,botelan,exact,assets/白鹰/10306_波特兰/skins/botelan
白鹰,波特兰,与印第一起的校园生活,botelan_2,exact,assets/白鹰/10306_波特兰/skins/botelan_2
白鹰,波特兰,波特兰.改,botelan_g,exact,assets/白鹰/10306_波特兰/skins/botelan_g
白鹰,海伦娜,海伦娜,hailunna,exact,assets/白鹰/10205_海伦娜/skins/hailunna
白鹰,海伦娜,正月与青鸟,hailunna_2,exact,assets/白鹰/10205_海伦娜/skins/hailunna_2
白鹰,海伦娜,与君共舞,hailunna_3,exact,assets/白鹰/10205_海伦娜/skins/hailunna_3
白鹰,海伦娜,耀眼的波纹,hailunna_4,exact,assets/白鹰/10205_海伦娜/skins/hailunna_4
白鹰,海伦娜,桧木温香，暖意一刻,hailunna_5,exact,assets/白鹰/10205_海伦娜/skins/hailunna_5
白鹰,海伦娜,纯白的奇迹,hailunna_h,exact,assets/白鹰/10205_海伦娜/skins/hailunna_h
白鹰,海伦娜,海伦娜.改,hailunna_g,exact,assets/白鹰/10205_海伦娜/skins/hailunna_g
白鹰,火奴鲁鲁,火奴鲁鲁,huonululu,exact,assets/白鹰/10212_火奴鲁鲁/skins/huonululu
白鹰,火奴鲁鲁,阳伞下的同桌,huonululu_2,exact,assets/白鹰/10212_火奴鲁鲁/skins/huonululu_2
白鹰,火奴鲁鲁,盛夏的「灾难」,huonululu_3,exact,assets/白鹰/10212_火奴鲁鲁/skins/huonululu_3
白鹰,火奴鲁鲁,大胆(?)的麋鹿小姐,huonululu_4,exact,assets/白鹰/10212_火奴鲁鲁/skins/huonululu_4
白鹰,火奴鲁鲁,两人的夏日祭,huonululu_5,exact,assets/白鹰/10212_火奴鲁鲁/skins/huonululu_5
白鹰,独立,独立,duli,exact,assets/白鹰/10722_独立/skins/duli
白鹰,独立,远道而来的转校生,duli_2,exact,assets/白鹰/10722_独立/skins/duli_2
白鹰,独立,「独立」品牌,duli_5,exact,assets/白鹰/10722_独立/skins/duli_5
白鹰,独立,Relaxation.I,duli_6,exact,assets/白鹰/10722_独立/skins/duli_6
白鹰,独立,海风的Lucky Time,duli_3,exact,assets/白鹰/10722_独立/skins/duli_3
白鹰,独立,海边的按摩时光,duli_7,exact,assets/白鹰/10722_独立/skins/duli_7
白鹰,独立,独立.改,duli_g,exact,assets/白鹰/10722_独立/skins/duli_g
白鹰,田纳西,田纳西,tiannaxi,exact,assets/白鹰/10507_田纳西/skins/tiannaxi
白鹰,盐湖城,盐湖城,yanhucheng,exact,assets/白鹰/10302_盐湖城/skins/yanhucheng
白鹰,科尔克,科尔克,keerke,exact,assets/白鹰/10137_科尔克/skins/keerke
白鹰,科尔克,学园的雪之妖精,keerke_2,exact,assets/白鹰/10137_科尔克/skins/keerke_2
白鹰,科本斯,科本斯,kebensi,exact,assets/白鹰/10725_科本斯/skins/kebensi
白鹰,科本斯,心动营养灌输中,kebensi_2,exact,assets/白鹰/10725_科本斯/skins/kebensi_2
白鹰,科罗拉多,科罗拉多,keluoladuo,exact,assets/白鹰/10509_科罗拉多/skins/keluoladuo
白鹰,科罗拉多,科罗拉多,keluoladuo_2,exact,assets/白鹰/10509_科罗拉多/skins/keluoladuo_2
白鹰,科罗拉多,旅途的旋律,keluoladuo_3,exact,assets/白鹰/10509_科罗拉多/skins/keluoladuo_3
白鹰,科罗拉多,夕阳的咏叹调,keluoladuo_4,exact,assets/白鹰/10509_科罗拉多/skins/keluoladuo_4
白鹰,科罗拉多,科罗拉多.改,keluoladuo_g,exact,assets/白鹰/10509_科罗拉多/skins/keluoladuo_g
白鹰,科罗拉多,特殊素材 · chess_keluoladuo,chess_keluoladuo,variant,assets/白鹰/10509_科罗拉多/skins/chess_keluoladuo
白鹰,突击者,突击者,tujizhe,exact,assets/白鹰/10704_突击者/skins/tujizhe
白鹰,突击者,突击者.改,tujizhe_g,exact,assets/白鹰/10704_突击者/skins/tujizhe_g
白鹰,米勒,米勒,mile,exact,assets/白鹰/10153_米勒/skins/mile
白鹰,米勒,叛逆试验体M01,mile_2,exact,assets/白鹰/10153_米勒/skins/mile_2
白鹰,米勒,幽幽桥上，坏坏来袭！,mile_3,exact,assets/白鹰/10153_米勒/skins/mile_3
白鹰,约克城,约克城,yuekecheng,exact,assets/白鹰/10705_约克城/skins/yuekecheng
白鹰,约克城,优雅与朦胧之夜,yuekecheng_2,exact,assets/白鹰/10705_约克城/skins/yuekecheng_2
白鹰,约克城,圣者之翼,yuekecheng_3,exact,assets/白鹰/10705_约克城/skins/yuekecheng_3
白鹰,约克城,微风拂煦的未来,yuekecheng_h,exact,assets/白鹰/10705_约克城/skins/yuekecheng_h
白鹰,约克城II,约克城II,yuekechengii,exact,assets/白鹰/10710_约克城II/skins/yuekechengii
白鹰,约克城II,白昼美人鱼,yuekechengii_2,exact,assets/白鹰/10710_约克城II/skins/yuekechengii_2
白鹰,约克城II,交错的温柔时光,yuekechengii_3,exact,assets/白鹰/10710_约克城II/skins/yuekechengii_3
白鹰,约克城II,交错的温柔时光,yuekechengii_4,exact,assets/白鹰/10710_约克城II/skins/yuekechengii_4
白鹰,约翰·罗杰斯,约翰·罗杰斯,yuehanluojiesi,exact,assets/白鹰/10158_约翰·罗杰斯/skins/yuehanluojiesi
白鹰,约翰·罗杰斯,赛车女郎休憩中,yuehanluojiesi_2,exact,assets/白鹰/10158_约翰·罗杰斯/skins/yuehanluojiesi_2
白鹰,约翰·罗杰斯,特殊素材 · yuehanluojiesi_2_hx,yuehanluojiesi_2_hx,variant,assets/白鹰/10158_约翰·罗杰斯/skins/yuehanluojiesi_2_hx
白鹰,维克斯堡,维克斯堡,weikesibao,exact,assets/白鹰/10236_维克斯堡/skins/weikesibao
白鹰,维克斯堡,闪亮的赛车偶像,weikesibao_2,exact,assets/白鹰/10236_维克斯堡/skins/weikesibao_2
白鹰,罗利,罗利,luoli,exact,assets/白鹰/10202_罗利/skins/luoli
白鹰,胡蜂,胡蜂,hufeng,exact,assets/白鹰/10708_胡蜂/skins/hufeng
白鹰,艾伦·萨姆纳,艾伦·萨姆纳,ailunsamuna,exact,assets/白鹰/10145_艾伦·萨姆纳/skins/ailunsamuna
白鹰,艾伦·萨姆纳,Charming Rabbit,ailunsamuna_2,exact,assets/白鹰/10145_艾伦·萨姆纳/skins/ailunsamuna_2
白鹰,艾伦·萨姆纳,双面侠盗,ailunsamuna_3,exact,assets/白鹰/10145_艾伦·萨姆纳/skins/ailunsamuna_3
白鹰,艾尔温,艾尔温,aierwen,exact,assets/白鹰/10140_艾尔温/skins/aierwen
白鹰,艾尔温,星期天的水族馆,aierwen_2,exact,assets/白鹰/10140_艾尔温/skins/aierwen_2
白鹰,芝加哥,芝加哥,zhijiage,exact,assets/白鹰/10304_芝加哥/skins/zhijiage
白鹰,英格拉罕,英格拉罕,yinggelahan,exact,assets/白鹰/10148_英格拉罕/skins/yinggelahan
白鹰,英格拉罕,饮品研究员？,yinggelahan_2,exact,assets/白鹰/10148_英格拉罕/skins/yinggelahan_2
白鹰,莫里,莫里,moli,exact,assets/白鹰/10108_莫里/skins/moli
白鹰,莫里,莫里.改,moli_g,exact,assets/白鹰/10108_莫里/skins/moli_g
白鹰,莫里森,莫里森,molisen,exact,assets/白鹰/10147_莫里森/skins/molisen
白鹰,莫里森,小熊整备中,molisen_2,exact,assets/白鹰/10147_莫里森/skins/molisen_2
白鹰,莫里森,科技？忍术？,molisen_3,exact,assets/白鹰/10147_莫里森/skins/molisen_3
白鹰,菲尼克斯,菲尼克斯,feinikesi,exact,assets/白鹰/10204_菲尼克斯/skins/feinikesi
白鹰,萨拉托加,萨拉托加,salatuojia,exact,assets/白鹰/10703_萨拉托加/skins/salatuojia
白鹰,萨拉托加,七海的憩日,salatuojia_2,exact,assets/白鹰/10703_萨拉托加/skins/salatuojia_2
白鹰,萨拉托加,异国的偶像？,salatuojia_3,exact,assets/白鹰/10703_萨拉托加/skins/salatuojia_3
白鹰,萨拉托加,虚拟偶像？,salatuojia_4,exact,assets/白鹰/10703_萨拉托加/skins/salatuojia_4
白鹰,萨拉托加,碧海的偶像,salatuojia_5,exact,assets/白鹰/10703_萨拉托加/skins/salatuojia_5
白鹰,萨拉托加,圣夜的偶像,salatuojia_6,exact,assets/白鹰/10703_萨拉托加/skins/salatuojia_6
白鹰,萨拉托加,偶像迎春！,salatuojia_7,exact,assets/白鹰/10703_萨拉托加/skins/salatuojia_7
白鹰,萨拉托加,悠哉野餐时光,salatuojia_8,exact,assets/白鹰/10703_萨拉托加/skins/salatuojia_8
白鹰,萨拉托加,敲响幸福之钟,salatuojia_h,exact,assets/白鹰/10703_萨拉托加/skins/salatuojia_h
白鹰,萨拉托加,萨拉托加.改,salatuojia_g,exact,assets/白鹰/10703_萨拉托加/skins/salatuojia_g
白鹰,萨拉托加,杯面大使？,salatuojia_9,exact,assets/白鹰/10703_萨拉托加/skins/salatuojia_9
白鹰,萨拉托加,晨曦下的苍色,salatuojia_10,exact,assets/白鹰/10703_萨拉托加/skins/salatuojia_10
白鹰,萨拉托加,特殊素材 · gift_salatuojia,gift_salatuojia,variant,assets/白鹰/10703_萨拉托加/skins/gift_salatuojia
白鹰,萨拉托加,特殊素材 · takegift_salatuojia,takegift_salatuojia,variant,assets/白鹰/10703_萨拉托加/skins/takegift_salatuojia
白鹰,蒙彼利埃,蒙彼利埃,mengbiliai,exact,assets/白鹰/10214_蒙彼利埃/skins/mengbiliai
白鹰,蒙彼利埃,雪夜之花,mengbiliai_2,exact,assets/白鹰/10214_蒙彼利埃/skins/mengbiliai_2
白鹰,蒙彼利埃,魔境的公主？,mengbiliai_3,exact,assets/白鹰/10214_蒙彼利埃/skins/mengbiliai_3
白鹰,蒙彼利埃,微醺时的降温措施,mengbiliai_4,exact,assets/白鹰/10214_蒙彼利埃/skins/mengbiliai_4
白鹰,蓝鳃鱼,蓝鳃鱼,lansaiyu,exact,assets/白鹰/10804_蓝鳃鱼/skins/lansaiyu
白鹰,蓝鳃鱼,见习王牌守备！,lansaiyu_2,exact,assets/白鹰/10804_蓝鳃鱼/skins/lansaiyu_2
白鹰,西姆斯,西姆斯,ximusi,exact,assets/白鹰/10124_西姆斯/skins/ximusi
白鹰,西姆斯,西姆斯.改,ximusi_g,exact,assets/白鹰/10124_西姆斯/skins/ximusi_g
白鹰,西弗吉尼亚,西弗吉尼亚,xifujiniya,exact,assets/白鹰/10511_西弗吉尼亚/skins/xifujiniya
白鹰,西弗吉尼亚,西弗吉尼亚,xifujiniya_2,exact,assets/白鹰/10511_西弗吉尼亚/skins/xifujiniya_2
白鹰,西弗吉尼亚,海色摇滚,xifujiniya_3,exact,assets/白鹰/10511_西弗吉尼亚/skins/xifujiniya_3
白鹰,西弗吉尼亚,西弗吉尼亚.改,xifujiniya_g,exact,assets/白鹰/10511_西弗吉尼亚/skins/xifujiniya_g
白鹰,西雅图,西雅图,xiyatu,exact,assets/白鹰/19901_西雅图/skins/xiyatu
白鹰,西雅图,绚烂的盛宴,xiyatu_2,exact,assets/白鹰/19901_西雅图/skins/xiyatu_2
白鹰,西雅图,圣诞派对准备中！,xiyatu_3,exact,assets/白鹰/19901_西雅图/skins/xiyatu_3
白鹰,西雅图,Sunfish Spell！,xiyatu_4,exact,assets/白鹰/19901_西雅图/skins/xiyatu_4
白鹰,贝利,贝利,beili,exact,assets/白鹰/10127_贝利/skins/beili
白鹰,贝利,捣蛋黑兔,beili_2,exact,assets/白鹰/10127_贝利/skins/beili_2
白鹰,贝利,圣诞兔兔驾到！,beili_3,exact,assets/白鹰/10127_贝利/skins/beili_3
白鹰,贝利,贝利.改,beili_g,exact,assets/白鹰/10127_贝利/skins/beili_g
白鹰,贝奇,贝奇,beiqi,exact,assets/白鹰/10135_贝奇/skins/beiqi
白鹰,贝奇,华丽的速度之星,beiqi_2,exact,assets/白鹰/10135_贝奇/skins/beiqi_2
白鹰,贝奇,炫目的赛场之星,beiqi_3,exact,assets/白鹰/10135_贝奇/skins/beiqi_3
白鹰,贝尔,贝尔,beier,exact,assets/白鹰/10152_贝尔/skins/beier
白鹰,贝尔,酒馆中的小失误,beier_2,exact,assets/白鹰/10152_贝尔/skins/beier_2
白鹰,路易斯维尔,路易斯维尔,luyisiweier,exact,assets/白鹰/10327_路易斯维尔/skins/luyisiweier
白鹰,路易斯维尔,梦幻推荐,luyisiweier_2,exact,assets/白鹰/10327_路易斯维尔/skins/luyisiweier_2
白鹰,邦克山,邦克山,bangkeshan,exact,assets/白鹰/10717_邦克山/skins/bangkeshan
白鹰,邦克山,纵情假日,bangkeshan_2,exact,assets/白鹰/10717_邦克山/skins/bangkeshan_2
白鹰,里士满,里士满,lishiman,exact,assets/白鹰/10211_里士满/skins/lishiman
白鹰,里诺,里诺,linuo,exact,assets/白鹰/10226_里诺/skins/linuo
白鹰,里诺,波涛的啦啦队长！,linuo_2,exact,assets/白鹰/10226_里诺/skins/linuo_2
白鹰,里诺,夏日番外篇,linuo_4,exact,assets/白鹰/10226_里诺/skins/linuo_4
白鹰,里诺,bunny·reno！,linuo_3,exact,assets/白鹰/10226_里诺/skins/linuo_3
白鹰,里诺,闪耀东煌之春,linuo_5,exact,assets/白鹰/10226_里诺/skins/linuo_5
白鹰,金伯利,金伯利,jinboli,exact,assets/白鹰/10138_金伯利/skins/jinboli
白鹰,金伯利,东煌之风,jinboli_3,exact,assets/白鹰/10138_金伯利/skins/jinboli_3
白鹰,长岛,长岛,changdao,exact,assets/白鹰/10601_长岛/skins/changdao
白鹰,长岛,干物三连！,changdao_2,exact,assets/白鹰/10601_长岛/skins/changdao_2
白鹰,长岛,L.I.@万圣限时直播中,changdao_3,exact,assets/白鹰/10601_长岛/skins/changdao_3
白鹰,长岛,可靠的接待员？,changdao_4,exact,assets/白鹰/10601_长岛/skins/changdao_4
白鹰,长岛,红包，多多益善！,changdao_5,exact,assets/白鹰/10601_长岛/skins/changdao_5
白鹰,长岛,长岛.改,changdao_g,exact,assets/白鹰/10601_长岛/skins/changdao_g
白鹰,阿拉巴马,阿拉巴马,alabama,exact,assets/白鹰/10520_阿拉巴马/skins/alabama
白鹰,阿拉巴马,金锱银铢,alabama_2,exact,assets/白鹰/10520_阿拉巴马/skins/alabama_2
白鹰,阿拉巴马,予你的镜头,alabama_3,exact,assets/白鹰/10520_阿拉巴马/skins/alabama_3
白鹰,阿斯托利亚,阿斯托利亚,asituoliya,exact,assets/白鹰/10308_阿斯托利亚/skins/asituoliya
白鹰,阿斯托利亚,清纯系辣妹？,asituoliya_3,exact,assets/白鹰/10308_阿斯托利亚/skins/asituoliya_3
白鹰,阿斯托利亚,黑兔嘉年华,asituoliya_2,exact,assets/白鹰/10308_阿斯托利亚/skins/asituoliya_2
白鹰,霍比,霍比,huobi,exact,assets/白鹰/10136_霍比/skins/huobi
白鹰,霍比,小小学园偶像,huobi_2,exact,assets/白鹰/10136_霍比/skins/huobi_2
白鹰,香格里拉,香格里拉,xianggelila,exact,assets/白鹰/10738_香格里拉/skins/xianggelila
白鹰,香格里拉,乐园的收藏家,xianggelila_2,exact,assets/白鹰/10738_香格里拉/skins/xianggelila_2
白鹰,香格里拉,失落世界的探险者,xianggelila_3,exact,assets/白鹰/10738_香格里拉/skins/xianggelila_3
白鹰,马布尔黑德,马布尔黑德,mabuerheide,exact,assets/白鹰/10227_马布尔黑德/skins/mabuerheide
白鹰,马布尔黑德,Boxing Girl！,mabuerheide_2,exact,assets/白鹰/10227_马布尔黑德/skins/mabuerheide_2
白鹰,马布尔黑德,魅惑的缤纷雪夜,mabuerheide_3,exact,assets/白鹰/10227_马布尔黑德/skins/mabuerheide_3
白鹰,马布尔黑德,29.5日的赏月时间,mabuerheide_4,exact,assets/白鹰/10227_马布尔黑德/skins/mabuerheide_4
白鹰,马布尔黑德,雨天的非偶然相遇?,mabuerheide_5,exact,assets/白鹰/10227_马布尔黑德/skins/mabuerheide_5
白鹰,马拉尼,马拉尼,malani,exact,assets/白鹰/10139_马拉尼/skins/malani
白鹰,马拉尼,东煌之仪,malani_3,exact,assets/白鹰/10139_马拉尼/skins/malani_3
白鹰,马萨诸塞,马萨诸塞,masazhusai,exact,assets/白鹰/10519_马萨诸塞/skins/masazhusai
白鹰,马萨诸塞,盛宴的准备,masazhusai_2,exact,assets/白鹰/10519_马萨诸塞/skins/masazhusai_2
白鹰,马萨诸塞,特殊素材 · masazhusai_hx,masazhusai_hx,variant,assets/白鹰/10519_马萨诸塞/skins/masazhusai_hx
白鹰,马里兰,马里兰,malilan,exact,assets/白鹰/10510_马里兰/skins/malilan
白鹰,马里兰,马里兰,malilan_2,exact,assets/白鹰/10510_马里兰/skins/malilan_2
白鹰,马里兰,真红鼓手,malilan_3,exact,assets/白鹰/10510_马里兰/skins/malilan_3
白鹰,马里兰,马里兰.改,malilan_g,exact,assets/白鹰/10510_马里兰/skins/malilan_g
白鹰,鲦鱼,鲦鱼,tiaoyu,exact,assets/白鹰/10801_鲦鱼/skins/tiaoyu
白鹰,鲱鱼,鲱鱼,feiyu,exact,assets/白鹰/10809_鲱鱼/skins/feiyu
白鹰,鲱鱼,孤镇绝尘,feiyu_2,exact,assets/白鹰/10809_鲱鱼/skins/feiyu_2
白鹰,鹦鹉螺,鹦鹉螺,yingwuluo,exact,assets/白鹰/10807_鹦鹉螺/skins/yingwuluo
白鹰,鹦鹉螺,黑兔休息中,yingwuluo_2,exact,assets/白鹰/10807_鹦鹉螺/skins/yingwuluo_2
白鹰,鹦鹉螺,闪耀的水中之花,yingwuluo_3,exact,assets/白鹰/10807_鹦鹉螺/skins/yingwuluo_3
白鹰,麦考尔,麦考尔,maikaoer,exact,assets/白鹰/10107_麦考尔/skins/maikaoer
白鹰,黑泽伍德,黑泽伍德,heizewude,exact,assets/白鹰/10134_黑泽伍德/skins/heizewude
皇家,不挠,不挠,bunao,exact,assets/皇家/20712_不挠/skins/bunao
皇家,不挠,没干劲的女仆小姐,bunao_2,exact,assets/皇家/20712_不挠/skins/bunao_2
皇家,不挠,慵懒的领航员小姐,bunao_3,exact,assets/皇家/20712_不挠/skins/bunao_3
皇家,丘比特,丘比特,qiubite,exact,assets/皇家/20124_丘比特/skins/qiubite
皇家,丘比特,新番组之夜,qiubite_2,exact,assets/皇家/20124_丘比特/skins/qiubite_2
皇家,丘比特,特殊素材 · qiubite_ghost,qiubite_ghost,variant,assets/皇家/20124_丘比特/skins/qiubite_ghost
皇家,什罗普郡,什罗普郡,shiluopujun,exact,assets/皇家/20302_什罗普郡/skins/shiluopujun
皇家,什罗普郡,什罗普郡.改,shiluopujun_g,exact,assets/皇家/20302_什罗普郡/skins/shiluopujun_g
皇家,伊丽莎白女王,伊丽莎白女王,yilishabai,exact,assets/皇家/20501_伊丽莎白女王/skins/yilishabai
皇家,伊丽莎白女王,女王的舞踏会,yilishabai_2,exact,assets/皇家/20501_伊丽莎白女王/skins/yilishabai_2
皇家,伊丽莎白女王,A Night At The Stage,yilishabai_3,exact,assets/皇家/20501_伊丽莎白女王/skins/yilishabai_3
皇家,伊丽莎白女王,女王的学园命令,yilishabai_4,exact,assets/皇家/20501_伊丽莎白女王/skins/yilishabai_4
皇家,伊丽莎白女王,皇家进宝,yilishabai_5,exact,assets/皇家/20501_伊丽莎白女王/skins/yilishabai_5
皇家,伊丽莎白女王,Maid·My·Highness,yilishabai_6,exact,assets/皇家/20501_伊丽莎白女王/skins/yilishabai_6
皇家,伊丽莎白女王,Seaside Orders,yilishabai_7,exact,assets/皇家/20501_伊丽莎白女王/skins/yilishabai_7
皇家,伊卡洛斯,伊卡洛斯,yikaluosi,exact,assets/皇家/20133_伊卡洛斯/skins/yikaluosi
皇家,伊卡洛斯,港区医院体验周?,yikaluosi_3,exact,assets/皇家/20133_伊卡洛斯/skins/yikaluosi_3
皇家,伊卡洛斯,海底探险摄影会,yikaluosi_2,exact,assets/皇家/20133_伊卡洛斯/skins/yikaluosi_2
皇家,伊卡洛斯,女仆与猫与下午茶,yikaluosi_4,exact,assets/皇家/20133_伊卡洛斯/skins/yikaluosi_4
皇家,伦敦,伦敦,lundun,exact,assets/皇家/20301_伦敦/skins/lundun
皇家,伦敦,高效工作时间,lundun_3,exact,assets/皇家/20301_伦敦/skins/lundun_3
皇家,伦敦,铂金之仪,lundun_h,exact,assets/皇家/20301_伦敦/skins/lundun_h
皇家,伦敦,伦敦.改,lundun_g,exact,assets/皇家/20301_伦敦/skins/lundun_g
皇家,佩内洛珀,佩内洛珀,peineiluopo,exact,assets/皇家/20229_佩内洛珀/skins/peineiluopo
皇家,佩内洛珀,嫣红深闺,peineiluopo_2,exact,assets/皇家/20229_佩内洛珀/skins/peineiluopo_2
皇家,佩内洛珀,盐系女仆？,peineiluopo_3,exact,assets/皇家/20229_佩内洛珀/skins/peineiluopo_3
皇家,光荣,光荣,guangrong,exact,assets/皇家/20706_光荣/skins/guangrong
皇家,光荣,荣光的校园生活,guangrong_2,exact,assets/皇家/20706_光荣/skins/guangrong_2
皇家,光荣,凉夜香雪,guangrong_3,exact,assets/皇家/20706_光荣/skins/guangrong_3
皇家,光辉,光辉,guanghui,exact,assets/皇家/20703_光辉/skins/guanghui
皇家,光辉,永不落幕的茶会,guanghui_2,exact,assets/皇家/20703_光辉/skins/guanghui_2
皇家,光辉,光辉的舞会,guanghui_3,exact,assets/皇家/20703_光辉/skins/guanghui_3
皇家,光辉,异国的光辉,guanghui_4,exact,assets/皇家/20703_光辉/skins/guanghui_4
皇家,光辉,钟情春日,guanghui_5,exact,assets/皇家/20703_光辉/skins/guanghui_5
皇家,光辉,柔光雅乐,guanghui_6,exact,assets/皇家/20703_光辉/skins/guanghui_6
皇家,光辉,二人的学习时间,guanghui_7,exact,assets/皇家/20703_光辉/skins/guanghui_7
皇家,光辉,爱与希望的晨星,guanghui_h,exact,assets/皇家/20703_光辉/skins/guanghui_h
皇家,光辉,辉光下的甜蜜,guanghui_8,exact,assets/皇家/20703_光辉/skins/guanghui_8
皇家,光辉,幽影徘徊之夜,guanghui_9,exact,assets/皇家/20703_光辉/skins/guanghui_9
皇家,光辉(μ兵装),光辉(μ兵装),guanghui_idol,exact,assets/皇家/20711_光辉(μ兵装)/skins/guanghui_idol
皇家,克利奥佩特拉,克利奥佩特拉,keliaopeitela,exact,assets/皇家/20235_克利奥佩特拉/skins/keliaopeitela
皇家,克利奥佩特拉,星辰与玫瑰,keliaopeitela_2,exact,assets/皇家/20235_克利奥佩特拉/skins/keliaopeitela_2
皇家,利安得,利安得,liande,exact,assets/皇家/20201_利安得/skins/liande
皇家,利安得,利安得.改,liande_g,exact,assets/皇家/20201_利安得/skins/liande_g
皇家,利物浦,利物浦,liwupu,exact,assets/皇家/20234_利物浦/skins/liwupu
皇家,利物浦,绮丽的祝福之风,liwupu_2,exact,assets/皇家/20234_利物浦/skins/liwupu_2
皇家,前卫,前卫,qianwei,exact,assets/皇家/20513_前卫/skins/qianwei
皇家,前卫,摇摆不定的伪装,qianwei_2,exact,assets/皇家/20513_前卫/skins/qianwei_2
皇家,加拉蒂亚,加拉蒂亚,jialadiya,exact,assets/皇家/20214_加拉蒂亚/skins/jialadiya
皇家,努比亚人,努比亚人,nubiyaren,exact,assets/皇家/20137_努比亚人/skins/nubiyaren
皇家,努比亚人,传统魔药调配,nubiyaren_2,exact,assets/皇家/20137_努比亚人/skins/nubiyaren_2
皇家,努比亚人,现代笨女仆挑战？！,nubiyaren_3,exact,assets/皇家/20137_努比亚人/skins/nubiyaren_3
皇家,勇敢,勇敢,yonggan,exact,assets/皇家/20116_勇敢/skins/yonggan
皇家,勇敢,勇敢·改,yonggan_g,exact,assets/皇家/20116_勇敢/skins/yonggan_g
皇家,勇敢,特殊素材 · yonggan_2,yonggan_2,variant,assets/皇家/20116_勇敢/skins/yonggan_2
皇家,勇气,勇气,yongqi,exact,assets/皇家/20139_勇气/skins/yongqi
皇家,勇气,急送的心意,yongqi_2,exact,assets/皇家/20139_勇气/skins/yongqi_2
皇家,匆忙,匆忙,congmang,exact,assets/皇家/20140_匆忙/skins/congmang
皇家,匆忙,人偶藏馆,congmang_2,exact,assets/皇家/20140_匆忙/skins/congmang_2
皇家,半人马,半人马,banrenma,exact,assets/皇家/20604_半人马/skins/banrenma
皇家,半人马,沙滨的水之精灵,banrenma_2,exact,assets/皇家/20604_半人马/skins/banrenma_2
皇家,半人马,清冽的春风,banrenma_3,exact,assets/皇家/20604_半人马/skins/banrenma_3
皇家,半人马,特殊素材 · banrenma_hx,banrenma_hx,variant,assets/皇家/20604_半人马/skins/banrenma_hx
皇家,华丽,华丽,huali,exact,assets/皇家/20237_华丽/skins/huali
皇家,华丽,唇齿之间,huali_2,exact,assets/皇家/20237_华丽/skins/huali_2
皇家,南安普顿,南安普顿,nananpudun,exact,assets/皇家/20207_南安普顿/skins/nananpudun
皇家,南安普顿,新年的LittleKnight,nananpudun_2,exact,assets/皇家/20207_南安普顿/skins/nananpudun_2
皇家,南安普顿,午后的休闲旋律,nananpudun_3,exact,assets/皇家/20207_南安普顿/skins/nananpudun_3
皇家,南安普顿,璀璨的启程,nananpudun_h,exact,assets/皇家/20207_南安普顿/skins/nananpudun_h
皇家,卡律布狄斯,卡律布狄斯,kalvbudisi,exact,assets/皇家/20230_卡律布狄斯/skins/kalvbudisi
皇家,卡律布狄斯,治愈的红闺,kalvbudisi_2,exact,assets/皇家/20230_卡律布狄斯/skins/kalvbudisi_2
皇家,卡律布狄斯,霞辉之华裳,kalvbudisi_3,exact,assets/皇家/20230_卡律布狄斯/skins/kalvbudisi_3
皇家,卡律布狄斯,清凉的水花,kalvbudisi_4,exact,assets/皇家/20230_卡律布狄斯/skins/kalvbudisi_4
皇家,卡律布狄斯,特殊素材 · kalvbudisi_4_hx,kalvbudisi_4_hx,variant,assets/皇家/20230_卡律布狄斯/skins/kalvbudisi_4_hx
皇家,厌战,厌战,yanzhan,exact,assets/皇家/20502_厌战/skins/yanzhan
皇家,厌战,战士的圣诞任务,yanzhan_2,exact,assets/皇家/20502_厌战/skins/yanzhan_2
皇家,厌战,Under Pleasure,yanzhan_3,exact,assets/皇家/20502_厌战/skins/yanzhan_3
皇家,厌战,西瓜两断,yanzhan_4,exact,assets/皇家/20502_厌战/skins/yanzhan_4
皇家,厌战,厌战.改,yanzhan_g,exact,assets/皇家/20502_厌战/skins/yanzhan_g
皇家,反击,反击,fanji,exact,assets/皇家/20402_反击/skins/fanji
皇家,反击,武韵春华,fanji_3,exact,assets/皇家/20402_反击/skins/fanji_3
皇家,可畏,可畏,kewei,exact,assets/皇家/20705_可畏/skins/kewei
皇家,可畏,海边的“皇家淑女”,kewei_2,exact,assets/皇家/20705_可畏/skins/kewei_2
皇家,可畏,梳妆的“大小姐”,kewei_3,exact,assets/皇家/20705_可畏/skins/kewei_3
皇家,可畏,值日时的春心萌动,kewei_4,exact,assets/皇家/20705_可畏/skins/kewei_4
皇家,可畏,凌乱的秘密加演,kewei_5,exact,assets/皇家/20705_可畏/skins/kewei_5
皇家,可畏,纪念印记,kewei_6,exact,assets/皇家/20705_可畏/skins/kewei_6
皇家,可畏,特殊素材 · kewei_5_hx,kewei_5_hx,variant,assets/皇家/20705_可畏/skins/kewei_5_hx
皇家,可畏(μ兵装),可畏(μ兵装),kewei_idol,exact,assets/皇家/20714_可畏(μ兵装)/skins/kewei_idol
皇家,司战女神,司战女神,sizhannvshen,exact,assets/皇家/20231_司战女神/skins/sizhannvshen
皇家,司战女神,女仆的战斗体验,sizhannvshen_2,exact,assets/皇家/20231_司战女神/skins/sizhannvshen_2
皇家,君主,君主,junzhu,exact,assets/皇家/29902_君主/skins/junzhu
皇家,君主,素罗华威,junzhu_2,exact,assets/皇家/29902_君主/skins/junzhu_2
皇家,君主,赭红爵祿,junzhu_3,exact,assets/皇家/29902_君主/skins/junzhu_3
皇家,君主,都会神探,junzhu_4,exact,assets/皇家/29902_君主/skins/junzhu_4
皇家,君主,海滩享受计划,junzhu_5,exact,assets/皇家/29902_君主/skins/junzhu_5
皇家,吸血鬼,吸血鬼,xixuegui,exact,assets/皇家/20123_吸血鬼/skins/xixuegui
皇家,吸血鬼,春之风,xixuegui_2,exact,assets/皇家/20123_吸血鬼/skins/xixuegui_2
皇家,吸血鬼,白衣小恶魔,xixuegui_3,exact,assets/皇家/20123_吸血鬼/skins/xixuegui_3
皇家,吸血鬼,夜姬的正装?,xixuegui_4,exact,assets/皇家/20123_吸血鬼/skins/xixuegui_4
皇家,吸血鬼,偶像小恶魔,xixuegui_5,exact,assets/皇家/20123_吸血鬼/skins/xixuegui_5
皇家,吸血鬼,错乱的节日之宴,xixuegui_6,exact,assets/皇家/20123_吸血鬼/skins/xixuegui_6
皇家,吸血鬼,以罗伊的赐福,xixuegui_h,exact,assets/皇家/20123_吸血鬼/skins/xixuegui_h
皇家,命运女神,命运女神,mingyunnvshen,exact,assets/皇家/20112_命运女神/skins/mingyunnvshen
皇家,命运女神,晴空下的命运丝线,mingyunnvshen_2,exact,assets/皇家/20112_命运女神/skins/mingyunnvshen_2
皇家,命运女神,命运女神.改,mingyunnvshen_g,exact,assets/皇家/20112_命运女神/skins/mingyunnvshen_g
皇家,回声,回声,huisheng,exact,assets/皇家/20129_回声/skins/huisheng
皇家,埃克塞特,埃克塞特,aikesaite,exact,assets/皇家/20308_埃克塞特/skins/aikesaite
皇家,埃克塞特,荣耀与举杯同在,aikesaite_2,exact,assets/皇家/20308_埃克塞特/skins/aikesaite_2
皇家,埃克塞特,埃克塞特.改,aikesaite_g,exact,assets/皇家/20308_埃克塞特/skins/aikesaite_g
皇家,声望,声望,shengwang,exact,assets/皇家/20401_声望/skins/shengwang
皇家,声望,韵致深雅,shengwang_2,exact,assets/皇家/20401_声望/skins/shengwang_2
皇家,复仇,复仇,fuchou,exact,assets/皇家/20511_复仇/skins/fuchou
皇家,复仇,进击的冒失女仆,fuchou_2,exact,assets/皇家/20511_复仇/skins/fuchou_2
皇家,多塞特郡,多塞特郡,duosaitejun,exact,assets/皇家/20306_多塞特郡/skins/duosaitejun
皇家,大斗犬,大斗犬,dadouquan,exact,assets/皇家/20107_大斗犬/skins/dadouquan
皇家,天后,天后,tianhou,exact,assets/皇家/20122_天后/skins/tianhou
皇家,天后,美味的祭典？,tianhou_2,exact,assets/皇家/20122_天后/skins/tianhou_2
皇家,天后,特殊素材 · tianhou_ghost,tianhou_ghost,variant,assets/皇家/20122_天后/skins/tianhou_ghost
皇家,天狼星,天狼星,tianlangxing,exact,assets/皇家/20220_天狼星/skins/tianlangxing
皇家,天狼星,纯白蔷薇,tianlangxing_2,exact,assets/皇家/20220_天狼星/skins/tianlangxing_2
皇家,天狼星,盛夏的Seirios ,tianlangxing_3,exact,assets/皇家/20220_天狼星/skins/tianlangxing_3
皇家,天狼星,碧波青云,tianlangxing_4,exact,assets/皇家/20220_天狼星/skins/tianlangxing_4
皇家,天狼星,至高乐园的白兔,tianlangxing_5,exact,assets/皇家/20220_天狼星/skins/tianlangxing_5
皇家,天狼星,Alba Sirius,tianlangxing_h,exact,assets/皇家/20220_天狼星/skins/tianlangxing_h
皇家,女将,女将,nvjiang,exact,assets/皇家/20101_女将/skins/nvjiang
皇家,女将,小小的管弦乐队,nvjiang_2,exact,assets/皇家/20101_女将/skins/nvjiang_2
皇家,女将,女将.改,nvjiang_g,exact,assets/皇家/20101_女将/skins/nvjiang_g
皇家,威尔士亲王,威尔士亲王,weiershiqinwang,exact,assets/皇家/20506_威尔士亲王/skins/weiershiqinwang
皇家,威尔士亲王,阳光照耀着温莎,weiershiqinwang_2,exact,assets/皇家/20506_威尔士亲王/skins/weiershiqinwang_2
皇家,威尔士亲王,皇家式风流,weiershiqinwang_4,exact,assets/皇家/20506_威尔士亲王/skins/weiershiqinwang_4
皇家,威尔士亲王,桂冠的胜利竞速,weiershiqinwang_3,exact,assets/皇家/20506_威尔士亲王/skins/weiershiqinwang_3
皇家,威尔士亲王,骑士旋律，少女星空,weiershiqinwang_5,exact,assets/皇家/20506_威尔士亲王/skins/weiershiqinwang_5
皇家,小光辉,小光辉,guanghui_younv,exact,assets/皇家/20709_小光辉/skins/guanghui_younv
皇家,小可畏,小可畏,kewei_younv,exact,assets/皇家/20713_小可畏/skins/kewei_younv
皇家,小声望,小声望,shengwang_younv,exact,assets/皇家/20404_小声望/skins/shengwang_younv
皇家,小天鹅,小天鹅,xiaotiane,exact,assets/皇家/20110_小天鹅/skins/xiaotiane
皇家,小天鹅,海滨的十字星,xiaotiane_2,exact,assets/皇家/20110_小天鹅/skins/xiaotiane_2
皇家,小天鹅,圣夜的赞美诗,xiaotiane_3,exact,assets/皇家/20110_小天鹅/skins/xiaotiane_3
皇家,小天鹅,冬日的约会,xiaotiane_5,exact,assets/皇家/20110_小天鹅/skins/xiaotiane_5
皇家,小天鹅,女仆体验周？,xiaotiane_4,exact,assets/皇家/20110_小天鹅/skins/xiaotiane_4
皇家,小天鹅,皇家应援曲,xiaotiane_6,exact,assets/皇家/20110_小天鹅/skins/xiaotiane_6
皇家,小天鹅,小天鹅.改,xiaotiane_g,exact,assets/皇家/20110_小天鹅/skins/xiaotiane_g
皇家,小柴郡,小柴郡,chaijun_younv,exact,assets/皇家/20310_小柴郡/skins/chaijun_younv
皇家,小猎兔犬,小猎兔犬,xiaolietuquan,exact,assets/皇家/20106_小猎兔犬/skins/xiaolietuquan
皇家,小贝法,小贝法,beierfasite_younv,exact,assets/皇家/20218_小贝法/skins/beierfasite_younv
皇家,库拉索,库拉索,kulasuo,exact,assets/皇家/20221_库拉索/skins/kulasuo
皇家,库拉索,东煌之雅,kulasuo_2,exact,assets/皇家/20221_库拉索/skins/kulasuo_2
皇家,库拉索,库拉索.改,kulasuo_g,exact,assets/皇家/20221_库拉索/skins/kulasuo_g
皇家,彗星,彗星,huixing,exact,assets/皇家/20108_彗星/skins/huixing
皇家,彗星,彗星.改,huixing_g,exact,assets/皇家/20108_彗星/skins/huixing_g
皇家,德文郡,德文郡,dewenjun,exact,assets/皇家/20313_德文郡/skins/dewenjun
皇家,德文郡,红月下的恶魔,dewenjun_2,exact,assets/皇家/20313_德文郡/skins/dewenjun_2
皇家,德雷克,德雷克,deleike,exact,assets/皇家/29904_德雷克/skins/deleike
皇家,德雷克,黄金鹿的闲暇时光,deleike_2,exact,assets/皇家/29904_德雷克/skins/deleike_2
皇家,忒修斯,忒修斯,texiusi,exact,assets/皇家/20608_忒修斯/skins/texiusi
皇家,忒修斯,白羽报春,texiusi_2,exact,assets/皇家/20608_忒修斯/skins/texiusi_2
皇家,怨仇,怨仇,yuanchou,exact,assets/皇家/20707_怨仇/skins/yuanchou
皇家,怨仇,办公室的“意外”,yuanchou_2,exact,assets/皇家/20707_怨仇/skins/yuanchou_2
皇家,怨仇,杯盏盈芳华,yuanchou_3,exact,assets/皇家/20707_怨仇/skins/yuanchou_3
皇家,怨仇,特殊素材 · yuanchou_2_hx,yuanchou_2_hx,variant,assets/皇家/20707_怨仇/skins/yuanchou_2_hx
皇家,怨仇,特殊素材 · yuanchou_hx,yuanchou_hx,variant,assets/皇家/20707_怨仇/skins/yuanchou_hx
皇家,恐怖,恐怖,kongbu,exact,assets/皇家/21302_恐怖/skins/kongbu
皇家,恐怖,万圣夜的恐怖,kongbu_2,exact,assets/皇家/21302_恐怖/skins/kongbu_2
皇家,敌对,敌对,didui,exact,assets/皇家/20119_敌对/skins/didui
皇家,敌对,水畔的守望之光,didui_2,exact,assets/皇家/20119_敌对/skins/didui_2
皇家,斐济,斐济,feiji,exact,assets/皇家/20216_斐济/skins/feiji
皇家,斐济,时尚风情？,feiji_2,exact,assets/皇家/20216_斐济/skins/feiji_2
皇家,斐济,特殊素材 · feiji_baifeng,feiji_baifeng,variant,assets/皇家/20216_斐济/skins/feiji_baifeng
皇家,斐济,特殊素材 · feiji_baiwanguangcai,feiji_baiwanguangcai,variant,assets/皇家/20216_斐济/skins/feiji_baiwanguangcai
皇家,斐济,特殊素材 · feiji_chiyanrongyuan,feiji_chiyanrongyuan,variant,assets/皇家/20216_斐济/skins/feiji_chiyanrongyuan
皇家,斐济,特殊素材 · feiji_hailananying,feiji_hailananying,variant,assets/皇家/20216_斐济/skins/feiji_hailananying
皇家,斐济,特殊素材 · feiji_huiguangzhihe,feiji_huiguangzhihe,variant,assets/皇家/20216_斐济/skins/feiji_huiguangzhihe
皇家,斯库拉,斯库拉,sikula,exact,assets/皇家/20233_斯库拉/skins/sikula
皇家,斯库拉,放学后的密谈？,sikula_2,exact,assets/皇家/20233_斯库拉/skins/sikula_2
皇家,斯库拉,闪耀于夜色之下,sikula_3,exact,assets/皇家/20233_斯库拉/skins/sikula_3
皇家,斯库拉,侍女的裁决,sikula_4,exact,assets/皇家/20233_斯库拉/skins/sikula_4
皇家,新月,新月,xinyue,exact,assets/皇家/20109_新月/skins/xinyue
皇家,新月,新月.改,xinyue_g,exact,assets/皇家/20109_新月/skins/xinyue_g
皇家,无敌,无敌,wudi,exact,assets/皇家/20126_无敌/skins/wudi
皇家,无敌,护花使者？,wudi_2,exact,assets/皇家/20126_无敌/skins/wudi_2
皇家,普利茅斯,普利茅斯,pulimaosi,exact,assets/皇家/29905_普利茅斯/skins/pulimaosi
皇家,普利茅斯,无暇的夏之心,pulimaosi_2,exact,assets/皇家/29905_普利茅斯/skins/pulimaosi_2
皇家,普利茅斯,纯白天使的全身检查,pulimaosi_3,exact,assets/皇家/29905_普利茅斯/skins/pulimaosi_3
皇家,曼彻斯特,曼彻斯特,manchesite,exact,assets/皇家/20209_曼彻斯特/skins/manchesite
皇家,曼彻斯特,白衣“恶魔”的狂欢夜,manchesite_3,exact,assets/皇家/20209_曼彻斯特/skins/manchesite_3
皇家,曼彻斯特,海边的片刻宁静,manchesite_2,exact,assets/皇家/20209_曼彻斯特/skins/manchesite_2
皇家,杓鹬,杓鹬,biaoyu,exact,assets/皇家/20222_杓鹬/skins/biaoyu
皇家,杓鹬,东煌之韵,biaoyu_2,exact,assets/皇家/20222_杓鹬/skins/biaoyu_2
皇家,杓鹬,杓鹬.改,biaoyu_g,exact,assets/皇家/20222_杓鹬/skins/biaoyu_g
皇家,柴郡,柴郡,chaijun,exact,assets/皇家/29903_柴郡/skins/chaijun
皇家,柴郡,Dating Summer！,chaijun_2,exact,assets/皇家/29903_柴郡/skins/chaijun_2
皇家,柴郡,音乐绚烂CaitSith,chaijun_3,exact,assets/皇家/29903_柴郡/skins/chaijun_3
皇家,柴郡,冰雪公主,chaijun_4,exact,assets/皇家/29903_柴郡/skins/chaijun_4
皇家,柴郡,绚烂夜梦,chaijun_5,exact,assets/皇家/29903_柴郡/skins/chaijun_5
皇家,柴郡,柴郡猫的童话书迷宫,chaijun_6,exact,assets/皇家/29903_柴郡/skins/chaijun_6
皇家,柴郡,White Seaside Melody！,chaijun_h,exact,assets/皇家/29903_柴郡/skins/chaijun_h
皇家,标枪,标枪,biaoqiang,exact,assets/皇家/20121_标枪/skins/biaoqiang
皇家,标枪,22娘,biaoqiang_2,exact,assets/皇家/20121_标枪/skins/biaoqiang_2
皇家,标枪,沙滩野餐会,biaoqiang_3,exact,assets/皇家/20121_标枪/skins/biaoqiang_3
皇家,标枪,一起成为服务生！,biaoqiang_4,exact,assets/皇家/20121_标枪/skins/biaoqiang_4
皇家,标枪,微速前进！,biaoqiang_5,exact,assets/皇家/20121_标枪/skins/biaoqiang_5
皇家,标枪,枕头大战！,biaoqiang_7,exact,assets/皇家/20121_标枪/skins/biaoqiang_7
皇家,标枪,王道偶像·元气120！,biaoqiang_6,exact,assets/皇家/20121_标枪/skins/biaoqiang_6
皇家,标枪,成就达成？！,biaoqiang_8,exact,assets/皇家/20121_标枪/skins/biaoqiang_8
皇家,标枪,幸福纯白,biaoqiang_h,exact,assets/皇家/20121_标枪/skins/biaoqiang_h
皇家,标枪,标枪.改,biaoqiang_g,exact,assets/皇家/20121_标枪/skins/biaoqiang_g
皇家,标枪,夜宴的新风格？,biaoqiang_9,exact,assets/皇家/20121_标枪/skins/biaoqiang_9
皇家,标枪,PINKLOVE★Heart Lancer,biaoqiang_10,exact,assets/皇家/20121_标枪/skins/biaoqiang_10
皇家,标枪,特殊素材 · gift_biaoqiang,gift_biaoqiang,variant,assets/皇家/20121_标枪/skins/gift_biaoqiang
皇家,标枪,特殊素材 · takegift_biaoqiang,takegift_biaoqiang,variant,assets/皇家/20121_标枪/skins/takegift_biaoqiang
皇家,格伦维尔,格伦维尔,gelunweier,exact,assets/皇家/20113_格伦维尔/skins/gelunweier
皇家,格拉斯哥,格拉斯哥,gelasige,exact,assets/皇家/20226_格拉斯哥/skins/gelasige
皇家,格拉斯哥,女仆小姐是同级生,gelasige_2,exact,assets/皇家/20226_格拉斯哥/skins/gelasige_2
皇家,格罗斯特,格罗斯特,geluosite,exact,assets/皇家/20210_格罗斯特/skins/geluosite
皇家,格罗斯特,绛紫奢情,geluosite_2,exact,assets/皇家/20210_格罗斯特/skins/geluosite_2
皇家,格罗斯特,魅紫旋舞,geluosite_3,exact,assets/皇家/20210_格罗斯特/skins/geluosite_3
皇家,格里芬,格里芬,gelifen,exact,assets/皇家/20115_格里芬/skins/gelifen
皇家,格里芬,紧张的放松疗愈,gelifen_2,exact,assets/皇家/20115_格里芬/skins/gelifen_2
皇家,欧若拉,欧若拉,ouruola,exact,assets/皇家/20215_欧若拉/skins/ouruola
皇家,欧若拉,春之语,ouruola_2,exact,assets/皇家/20215_欧若拉/skins/ouruola_2
皇家,欧若拉,黎明的赞歌,ouruola_3,exact,assets/皇家/20215_欧若拉/skins/ouruola_3
皇家,欧若拉,渝城秘技,ouruola_4,exact,assets/皇家/20215_欧若拉/skins/ouruola_4
皇家,欧若拉,良辰凤褂,ouruola_h,exact,assets/皇家/20215_欧若拉/skins/ouruola_h
皇家,泽西,泽西,zexi,exact,assets/皇家/20125_泽西/skins/zexi
皇家,海王星,海王星,haiwangxing,exact,assets/皇家/29901_海王星/skins/haiwangxing
皇家,海王星,圣诞麋鹿公主,haiwangxing_2,exact,assets/皇家/29901_海王星/skins/haiwangxing_2
皇家,海王星,海洋女王的迎接,haiwangxing_3,exact,assets/皇家/29901_海王星/skins/haiwangxing_3
皇家,海王星,兔警官办案中！,haiwangxing_4,exact,assets/皇家/29901_海王星/skins/haiwangxing_4
皇家,海王星,特殊素材 · haiwangxing_ghost,haiwangxing_ghost,variant,assets/皇家/29901_海王星/skins/haiwangxing_ghost
皇家,火枪手,火枪手,huoqiangshou,exact,assets/皇家/20127_火枪手/skins/huoqiangshou
皇家,热心,热心,rexin,exact,assets/皇家/20103_热心/skins/rexin
皇家,热心,热心的情人节,rexin_2,exact,assets/皇家/20103_热心/skins/rexin_2
皇家,热心,Master·热心？,rexin_3,exact,assets/皇家/20103_热心/skins/rexin_3
皇家,热心,热心.改,rexin_g,exact,assets/皇家/20103_热心/skins/rexin_g
皇家,爱丁堡,爱丁堡,aidingbao,exact,assets/皇家/20211_爱丁堡/skins/aidingbao
皇家,爱丁堡,图书室的妖精,aidingbao_2,exact,assets/皇家/20211_爱丁堡/skins/aidingbao_2
皇家,爱丁堡,Candy Maid,aidingbao_3,exact,assets/皇家/20211_爱丁堡/skins/aidingbao_3
皇家,爱斯基摩人,爱斯基摩人,aisijimo,exact,assets/皇家/20132_爱斯基摩人/skins/aisijimo
皇家,爱斯基摩人,海边的“问题儿童”,aisijimo_2,exact,assets/皇家/20132_爱斯基摩人/skins/aisijimo_2
皇家,牙买加,牙买加,yamaijia,exact,assets/皇家/20217_牙买加/skins/yamaijia
皇家,牙买加,地下行者,yamaijia_2,exact,assets/皇家/20217_牙买加/skins/yamaijia_2
皇家,牙买加,Highway·Star,yamaijia_3,exact,assets/皇家/20217_牙买加/skins/yamaijia_3
皇家,特拉法尔加,特拉法尔加,telafaerjia,exact,assets/皇家/20138_特拉法尔加/skins/telafaerjia
皇家,特拉法尔加,海风与夜语,telafaerjia_2,exact,assets/皇家/20138_特拉法尔加/skins/telafaerjia_2
皇家,特立尼达,特立尼达,telinida,exact,assets/皇家/20236_特立尼达/skins/telinida
皇家,特立尼达,更衣室里的捕猎者,telinida_2,exact,assets/皇家/20236_特立尼达/skins/telinida_2
皇家,狐提,狐提,huti,exact,assets/皇家/20111_狐提/skins/huti
皇家,狐提,狐提.改,huti_g,exact,assets/皇家/20111_狐提/skins/huti_g
皇家,独角兽,独角兽,dujiaoshou,exact,assets/皇家/20603_独角兽/skins/dujiaoshou
皇家,独角兽,小小的星之歌姬,dujiaoshou_2,exact,assets/皇家/20603_独角兽/skins/dujiaoshou_2
皇家,独角兽,春之礼,dujiaoshou_3,exact,assets/皇家/20603_独角兽/skins/dujiaoshou_3
皇家,独角兽,憧憬的约会日,dujiaoshou_4,exact,assets/皇家/20603_独角兽/skins/dujiaoshou_4
皇家,独角兽,祈愿的雪与梅,dujiaoshou_5,exact,assets/皇家/20603_独角兽/skins/dujiaoshou_5
皇家,独角兽,天使的My Night,dujiaoshou_6,exact,assets/皇家/20603_独角兽/skins/dujiaoshou_6
皇家,独角兽,清凉阅读时光,dujiaoshou_7,exact,assets/皇家/20603_独角兽/skins/dujiaoshou_7
皇家,独角兽,天使的护理时间,dujiaoshou_8,exact,assets/皇家/20603_独角兽/skins/dujiaoshou_8
皇家,独角兽,梦想的纯白誓约,dujiaoshou_h,exact,assets/皇家/20603_独角兽/skins/dujiaoshou_h
皇家,独角兽,独角兽.改,dujiaoshou_g,exact,assets/皇家/20603_独角兽/skins/dujiaoshou_g
皇家,独角兽,幸福乐章,dujiaoshou_9,exact,assets/皇家/20603_独角兽/skins/dujiaoshou_9
皇家,独角兽,纯白守护天使,dujiaoshou_10,exact,assets/皇家/20603_独角兽/skins/dujiaoshou_10
皇家,独角兽,Champion of Unicorn,dujiaoshou_11,exact,assets/皇家/20603_独角兽/skins/dujiaoshou_11
皇家,独角兽,特殊素材 · gift_dujiaoshou,gift_dujiaoshou,variant,assets/皇家/20603_独角兽/skins/gift_dujiaoshou
皇家,独角兽,特殊素材 · takegift_dujiaoshou,takegift_dujiaoshou,variant,assets/皇家/20603_独角兽/skins/takegift_dujiaoshou
皇家,狮,狮,shi,exact,assets/皇家/20516_狮/skins/shi
皇家,狮,沙滩的慵懒主宰,shi_2,exact,assets/皇家/20516_狮/skins/shi_2
皇家,狮,夜巷中的诱引者,shi_3,exact,assets/皇家/20516_狮/skins/shi_3
皇家,狮,特殊素材 · shi_zhaohuanwu,shi_zhaohuanwu,variant,assets/皇家/20516_狮/skins/shi_zhaohuanwu
皇家,猎人,猎人,lieren,exact,assets/皇家/20120_猎人/skins/lieren
皇家,百眼巨人,百眼巨人,baiyanjuren,exact,assets/皇家/20602_百眼巨人/skins/baiyanjuren
皇家,百眼巨人,学园之眠不觉晓,baiyanjuren_2,exact,assets/皇家/20602_百眼巨人/skins/baiyanjuren_2
皇家,百眼巨人,雅致的试衣间,baiyanjuren_3,exact,assets/皇家/20602_百眼巨人/skins/baiyanjuren_3
皇家,百眼巨人,特训中的威严之人,baiyanjuren_4,exact,assets/皇家/20602_百眼巨人/skins/baiyanjuren_4
皇家,皇家方舟,皇家方舟,huangjiafangzhou,exact,assets/皇家/20702_皇家方舟/skins/huangjiafangzhou
皇家,皇家方舟,沙滩守望者,huangjiafangzhou_2,exact,assets/皇家/20702_皇家方舟/skins/huangjiafangzhou_2
皇家,皇家方舟,晚会的守护者,huangjiafangzhou_3,exact,assets/皇家/20702_皇家方舟/skins/huangjiafangzhou_3
皇家,皇家方舟,新年的守护者,huangjiafangzhou_4,exact,assets/皇家/20702_皇家方舟/skins/huangjiafangzhou_4
皇家,皇家方舟,咖啡馆的观察约会？,huangjiafangzhou_5,exact,assets/皇家/20702_皇家方舟/skins/huangjiafangzhou_5
皇家,皇家方舟,乐园的秩序官,huangjiafangzhou_6,exact,assets/皇家/20702_皇家方舟/skins/huangjiafangzhou_6
皇家,皇家方舟,纯白的守护者,huangjiafangzhou_h,exact,assets/皇家/20702_皇家方舟/skins/huangjiafangzhou_h
皇家,皇家方舟,皇家方舟.改,huangjiafangzhou_g,exact,assets/皇家/20702_皇家方舟/skins/huangjiafangzhou_g
皇家,皇家橡树,皇家橡树,huangjiaxiangshu,exact,assets/皇家/20514_皇家橡树/skins/huangjiaxiangshu
皇家,皇家橡树,忧郁少女想要逃避,huangjiaxiangshu_2,exact,assets/皇家/20514_皇家橡树/skins/huangjiaxiangshu_2
皇家,确捷,确捷,quejie,exact,assets/皇家/20223_确捷/skins/quejie
皇家,确捷,自习室的Cyclamen,quejie_2,exact,assets/皇家/20223_确捷/skins/quejie_2
皇家,确捷,白玉佳人,quejie_3,exact,assets/皇家/20223_确捷/skins/quejie_3
皇家,确捷,盛夏的特别服务,quejie_4,exact,assets/皇家/20223_确捷/skins/quejie_4
皇家,竞技神,竞技神,jingjishen,exact,assets/皇家/20601_竞技神/skins/jingjishen
皇家,竞技神,竞技神.改,jingjishen_g,exact,assets/皇家/20601_竞技神/skins/jingjishen_g
皇家,竞技神,特殊素材 · jingjishen_ghost,jingjishen_ghost,variant,assets/皇家/20601_竞技神/skins/jingjishen_ghost
皇家,约克,约克,yueke,exact,assets/皇家/20307_约克/skins/yueke
皇家,约克,真理探寻者/truth seeker,yueke_2,exact,assets/皇家/20307_约克/skins/yueke_2
皇家,约克,碧波的召唤者,yueke_3,exact,assets/皇家/20307_约克/skins/yueke_3
皇家,约克,莹白誓约,yueke_h,exact,assets/皇家/20307_约克/skins/yueke_h
皇家,约克,约克.改,yueke_g,exact,assets/皇家/20307_约克/skins/yueke_g
皇家,约克公爵,约克公爵,yuekegongjue,exact,assets/皇家/20507_约克公爵/skins/yuekegongjue
皇家,约克公爵,永夜的卡罗拉,yuekegongjue_3,exact,assets/皇家/20507_约克公爵/skins/yuekegongjue_3
皇家,约克公爵,盛誉的光荣方程,yuekegongjue_2,exact,assets/皇家/20507_约克公爵/skins/yuekegongjue_2
皇家,约克公爵,渊智的指路人,yuekegongjue_4,exact,assets/皇家/20507_约克公爵/skins/yuekegongjue_4
皇家,纳尔逊,纳尔逊,naerxun,exact,assets/皇家/20503_纳尔逊/skins/naerxun
皇家,纳尔逊,月之魔女,naerxun_2,exact,assets/皇家/20503_纳尔逊/skins/naerxun_2
皇家,纳尔逊,蓝金的夏夜之光,naerxun_3,exact,assets/皇家/20503_纳尔逊/skins/naerxun_3
皇家,纳尔逊,纳尔逊.改,naerxun_g,exact,assets/皇家/20503_纳尔逊/skins/naerxun_g
皇家,纽卡斯尔 ,纽卡斯尔 ,niukasier,exact,assets/皇家/20219_纽卡斯尔/skins/niukasier
皇家,纽卡斯尔 ,木槿风情,niukasier_2,exact,assets/皇家/20219_纽卡斯尔/skins/niukasier_2
皇家,纽卡斯尔 ,纽卡斯尔.改 ,niukasier_g,exact,assets/皇家/20219_纽卡斯尔/skins/niukasier_g
皇家,罗德尼,罗德尼,luodeni,exact,assets/皇家/20504_罗德尼/skins/luodeni
皇家,罗德尼,未来的海滨上将,luodeni_2,exact,assets/皇家/20504_罗德尼/skins/luodeni_2
皇家,罗德尼,一日见习店员,luodeni_3,exact,assets/皇家/20504_罗德尼/skins/luodeni_3
皇家,罗德尼,完美佳人,luodeni_4,exact,assets/皇家/20504_罗德尼/skins/luodeni_4
皇家,罗德尼,幸福殿堂,luodeni_h,exact,assets/皇家/20504_罗德尼/skins/luodeni_h
皇家,肯特,肯特,kente,exact,assets/皇家/20303_肯特/skins/kente
皇家,胜利,胜利,shengli,exact,assets/皇家/20704_胜利/skins/shengli
皇家,胜利,女神的休憩日,shengli_2,exact,assets/皇家/20704_胜利/skins/shengli_2
皇家,胜利,春之女神的引导,shengli_3,exact,assets/皇家/20704_胜利/skins/shengli_3
皇家,胜利,晚夏良宵,shengli_4,exact,assets/皇家/20704_胜利/skins/shengli_4
皇家,胜利,特殊素材 · shengli_3_hx,shengli_3_hx,variant,assets/皇家/20704_胜利/skins/shengli_3_hx
皇家,胡德,胡德,hude,exact,assets/皇家/20403_胡德/skins/hude
皇家,胡德,照耀太阳的淑女,hude_2,exact,assets/皇家/20403_胡德/skins/hude_2
皇家,胡德,五彩的Glorius,hude_3,exact,assets/皇家/20403_胡德/skins/hude_3
皇家,胡德,晨曦的淑女,hude_4,exact,assets/皇家/20403_胡德/skins/hude_4
皇家,胡德,白马与皇家骑士,hude_5,exact,assets/皇家/20403_胡德/skins/hude_5
皇家,胡德,仅予一人的华宴,hude_6,exact,assets/皇家/20403_胡德/skins/hude_6
皇家,胡德,蔷薇恋诗,hude_h,exact,assets/皇家/20403_胡德/skins/hude_h
皇家,胡德,特殊素材 · chess_hude,chess_hude,variant,assets/皇家/20403_胡德/skins/chess_hude
皇家,苏塞克斯,苏塞克斯,susaikesi,exact,assets/皇家/20309_苏塞克斯/skins/susaikesi
皇家,苏塞克斯,艳阳与郁金香,susaikesi_2,exact,assets/皇家/20309_苏塞克斯/skins/susaikesi_2
皇家,苏塞克斯,葡萄酒与红玫瑰,susaikesi_3,exact,assets/皇家/20309_苏塞克斯/skins/susaikesi_3
皇家,英仙座,英仙座,yingxianzuo,exact,assets/皇家/20606_英仙座/skins/yingxianzuo
皇家,英仙座,生疏的执勤时间,yingxianzuo_2,exact,assets/皇家/20606_英仙座/skins/yingxianzuo_2
皇家,英仙座,慵懒的春光,yingxianzuo_3,exact,assets/皇家/20606_英仙座/skins/yingxianzuo_3
皇家,英勇,英勇,yingyong,exact,assets/皇家/20510_英勇/skins/yingyong
皇家,英勇,小护士的时间,yingyong_2,exact,assets/皇家/20510_英勇/skins/yingyong_2
皇家,英勇,英勇女王陛下？,yingyong_3,exact,assets/皇家/20510_英勇/skins/yingyong_3
皇家,英王乔治五世,英王乔治五世,qiaozhiwushi,exact,assets/皇家/20505_英王乔治五世/skins/qiaozhiwushi
皇家,英王乔治五世,温莎的玫瑰,qiaozhiwushi_2,exact,assets/皇家/20505_英王乔治五世/skins/qiaozhiwushi_2
皇家,英雄,英雄,yingxiong,exact,assets/皇家/20136_英雄/skins/yingxiong
皇家,英雄,邻座的小恶魔,yingxiong_2,exact,assets/皇家/20136_英雄/skins/yingxiong_2
皇家,萤火虫,萤火虫,yinghuochong,exact,assets/皇家/20114_萤火虫/skins/yinghuochong
皇家,萤火虫,铁面无私萤火虫！,yinghuochong_2,exact,assets/皇家/20114_萤火虫/skins/yinghuochong_2
皇家,萤火虫,萤火虫.改,yinghuochong_g,exact,assets/皇家/20114_萤火虫/skins/yinghuochong_g
皇家,萨福克,萨福克,safuke,exact,assets/皇家/20304_萨福克/skins/safuke
皇家,萨福克,萨福克.改,safuke_g,exact,assets/皇家/20304_萨福克/skins/safuke_g
皇家,萨里,萨里,sali,exact,assets/皇家/20314_萨里/skins/sali
皇家,萨里,失序的迷糊时刻,sali_2,exact,assets/皇家/20314_萨里/skins/sali_2
皇家,虎,虎,hu,exact,assets/皇家/20238_虎/skins/hu
皇家,虎,临水的辰星,hu_2,exact,assets/皇家/20238_虎/skins/hu_2
皇家,虎,特殊素材 · hu_hx,hu_hx,variant,assets/皇家/20238_虎/skins/hu_hx
皇家,诺福克,诺福克,nuofuke,exact,assets/皇家/20305_诺福克/skins/nuofuke
皇家,谢菲尔德,谢菲尔德,xiefeierde,exact,assets/皇家/20208_谢菲尔德/skins/xiefeierde
皇家,谢菲尔德,二重生活？,xiefeierde_2,exact,assets/皇家/20208_谢菲尔德/skins/xiefeierde_2
皇家,谢菲尔德,小憩一刻,xiefeierde_3,exact,assets/皇家/20208_谢菲尔德/skins/xiefeierde_3
皇家,谢菲尔德,黑鸦的晚宴,xiefeierde_4,exact,assets/皇家/20208_谢菲尔德/skins/xiefeierde_4
皇家,谢菲尔德,BulletBorne,xiefeierde_5,exact,assets/皇家/20208_谢菲尔德/skins/xiefeierde_5
皇家,谢菲尔德,神秘决战,xiefeierde_6,exact,assets/皇家/20208_谢菲尔德/skins/xiefeierde_6
皇家,谢菲尔德(μ兵装),谢菲尔德(μ兵装),xiefeierde_idol,exact,assets/皇家/20225_谢菲尔德(μ兵装)/skins/xiefeierde_idol
皇家,豪,豪,hao,exact,assets/皇家/20509_豪/skins/hao
皇家,豪,Noble Rouge,hao_2,exact,assets/皇家/20509_豪/skins/hao_2
皇家,豪,Cookie·Maid·Princess,hao_4,exact,assets/皇家/20509_豪/skins/hao_4
皇家,豪,奢华之夜宴,hao_5,exact,assets/皇家/20509_豪/skins/hao_5
皇家,贝尔法斯特,贝尔法斯特,beierfasite,exact,assets/皇家/20212_贝尔法斯特/skins/beierfasite
皇家,贝尔法斯特,彩云之玫瑰,beierfasite_2,exact,assets/皇家/20212_贝尔法斯特/skins/beierfasite_2
皇家,贝尔法斯特,凛冽的钢之从者,beierfasite_5,exact,assets/皇家/20212_贝尔法斯特/skins/beierfasite_5
皇家,贝尔法斯特,优雅而高贵的从者,beierfasite_3,exact,assets/皇家/20212_贝尔法斯特/skins/beierfasite_3
皇家,贝尔法斯特,女仆长的购物日,beierfasite_4,exact,assets/皇家/20212_贝尔法斯特/skins/beierfasite_4
皇家,贝尔法斯特,完美的代理店长,beierfasite_7,exact,assets/皇家/20212_贝尔法斯特/skins/beierfasite_7
皇家,贝尔法斯特,倾城之华扇,beierfasite_8,exact,assets/皇家/20212_贝尔法斯特/skins/beierfasite_8
皇家,贝尔法斯特,至福的侍奉,beierfasite_9,exact,assets/皇家/20212_贝尔法斯特/skins/beierfasite_9
皇家,贝尔法斯特,克拉达的誓约,beierfasite_h,exact,assets/皇家/20212_贝尔法斯特/skins/beierfasite_h
皇家,贝尔法斯特,贝尔法斯特·改,beierfasite_g,exact,assets/皇家/20212_贝尔法斯特/skins/beierfasite_g
皇家,贾维斯,贾维斯,jiaweisi,exact,assets/皇家/20134_贾维斯/skins/jiaweisi
皇家,贾维斯,青空下的微风,jiaweisi_2,exact,assets/皇家/20134_贾维斯/skins/jiaweisi_2
皇家,赫敏,赫敏,hemin,exact,assets/皇家/20227_赫敏/skins/hemin
皇家,赫敏,温柔的纯白天使,hemin_3,exact,assets/皇家/20227_赫敏/skins/hemin_3
皇家,赫敏,纯白的悠闲假日,hemin_2,exact,assets/皇家/20227_赫敏/skins/hemin_2
皇家,赫敏,女仆的优雅午后,hemin_4,exact,assets/皇家/20227_赫敏/skins/hemin_4
皇家,赫敏,百草堂少女,hemin_5,exact,assets/皇家/20227_赫敏/skins/hemin_5
皇家,赫敏,甜蜜的浓醇冬日,hemin_6,exact,assets/皇家/20227_赫敏/skins/hemin_6
皇家,赫敏,晨曦的誓言,hemin_h,exact,assets/皇家/20227_赫敏/skins/hemin_h
皇家,进取,进取,jinqu,exact,assets/皇家/20232_进取/skins/jinqu
皇家,追赶者,追赶者,zhuiganzhe,exact,assets/皇家/20605_追赶者/skins/zhuiganzhe
皇家,追赶者,东煌之道,zhuiganzhe_2,exact,assets/皇家/20605_追赶者/skins/zhuiganzhe_2
皇家,追赶者,Gamer Style,zhuiganzhe_3,exact,assets/皇家/20605_追赶者/skins/zhuiganzhe_3
皇家,邓肯,邓肯,dengken,exact,assets/皇家/29906_邓肯/skins/dengken
皇家,阿卡司塔,阿卡司塔,akasita,exact,assets/皇家/20102_阿卡司塔/skins/akasita
皇家,阿卡司塔,外出模式,akasita_2,exact,assets/皇家/20102_阿卡司塔/skins/akasita_2
皇家,阿卡司塔,元宵灯会,akasita_3,exact,assets/皇家/20102_阿卡司塔/skins/akasita_3
皇家,阿卡司塔,「白」与「黑」,akasita_4,exact,assets/皇家/20102_阿卡司塔/skins/akasita_4
皇家,阿卡司塔,阿卡司塔.改,akasita_g,exact,assets/皇家/20102_阿卡司塔/skins/akasita_g
皇家,阿基里斯,阿基里斯,ajilisi,exact,assets/皇家/20202_阿基里斯/skins/ajilisi
皇家,阿基里斯,阿基里斯.改,ajilisi_g,exact,assets/皇家/20202_阿基里斯/skins/ajilisi_g
皇家,阿尔比恩,阿尔比恩,aerbien,exact,assets/皇家/20607_阿尔比恩/skins/aerbien
皇家,阿尔比恩,银月下的夜之眷属,aerbien_2,exact,assets/皇家/20607_阿尔比恩/skins/aerbien_2
皇家,阿尔比恩,香气来朱阁,aerbien_3,exact,assets/皇家/20607_阿尔比恩/skins/aerbien_3
皇家,阿尔比恩,晨光里的事故,aerbien_4,exact,assets/皇家/20607_阿尔比恩/skins/aerbien_4
皇家,阿瑞托莎,阿瑞托莎,aruituosha,exact,assets/皇家/20213_阿瑞托莎/skins/aruituosha
皇家,阿贝克隆比,阿贝克隆比,abeikelongbi,exact,assets/皇家/21304_阿贝克隆比/skins/abeikelongbi
皇家,阿贝克隆比,惊叫南瓜！,abeikelongbi_2,exact,assets/皇家/21304_阿贝克隆比/skins/abeikelongbi_2
皇家,阿贝克隆比,坏坏兔的恶作剧！,abeikelongbi_3,exact,assets/皇家/21304_阿贝克隆比/skins/abeikelongbi_3
皇家,阿贝克隆比,海上的猫鼠游戏,abeikelongbi_4,exact,assets/皇家/21304_阿贝克隆比/skins/abeikelongbi_4
皇家,阿贾克斯,阿贾克斯,ajiakesi,exact,assets/皇家/20203_阿贾克斯/skins/ajiakesi
皇家,阿贾克斯,晚会女王,ajiakesi_2,exact,assets/皇家/20203_阿贾克斯/skins/ajiakesi_2
皇家,阿贾克斯,节日的“特别奖励”,ajiakesi_3,exact,assets/皇家/20203_阿贾克斯/skins/ajiakesi_3
皇家,阿贾克斯,阿贾克斯.改,ajiakesi_g,exact,assets/皇家/20203_阿贾克斯/skins/ajiakesi_g
皇家,雅努斯,雅努斯,yanusi,exact,assets/皇家/20135_雅努斯/skins/yanusi
皇家,雅努斯,万圣喵喵惊悚夜,yanusi_3,exact,assets/皇家/20135_雅努斯/skins/yanusi_3
皇家,雅努斯,踌躇的换衣时间,yanusi_4,exact,assets/皇家/20135_雅努斯/skins/yanusi_4
皇家,雅努斯,夜中的明灯,yanusi_5,exact,assets/皇家/20135_雅努斯/skins/yanusi_5
皇家,雅努斯,台球桌上的猫与“兔”,yanusi_6,exact,assets/皇家/20135_雅努斯/skins/yanusi_6
皇家,雅努斯,云端的水光,yanusi_7,exact,assets/皇家/20135_雅努斯/skins/yanusi_7
皇家,雅努斯,曙色誓言,yanusi_h,exact,assets/皇家/20135_雅努斯/skins/yanusi_h
皇家,鹰,鹰,ying,exact,assets/皇家/20701_鹰/skins/ying
皇家,鹰,实习医生伊格,ying_2,exact,assets/皇家/20701_鹰/skins/ying_2
皇家,黑太子,黑太子,heitaizi,exact,assets/皇家/20224_黑太子/skins/heitaizi
皇家,黑太子,White Princess,heitaizi_2,exact,assets/皇家/20224_黑太子/skins/heitaizi_2
皇家,黑太子,Fairmaid·Spring,heitaizi_3,exact,assets/皇家/20224_黑太子/skins/heitaizi_3
皇家,黑太子,Pop The Cork,heitaizi_4,exact,assets/皇家/20224_黑太子/skins/heitaizi_4
皇家,黑太子,迷糊的侍者？,heitaizi_5,exact,assets/皇家/20224_黑太子/skins/heitaizi_5
皇家,黑太子,Love's Greeting（爱的礼赞）,heitaizi_h,exact,assets/皇家/20224_黑太子/skins/heitaizi_h
皇家,黑暗界,黑暗界,heianjie,exact,assets/皇家/21301_黑暗界/skins/heianjie
皇家,黑暗界,虚幻的幸福,heianjie_2,exact,assets/皇家/21301_黑暗界/skins/heianjie_2
皇家,黑暗界,变装魔法,heianjie_3,exact,assets/皇家/21301_黑暗界/skins/heianjie_3
皇家,黛朵,黛朵,daiduo,exact,assets/皇家/20204_黛朵/skins/daiduo
皇家,黛朵,多愁的BIsqueDoll,daiduo_2,exact,assets/皇家/20204_黛朵/skins/daiduo_2
皇家,黛朵(μ兵装),黛朵(μ兵装),daiduo_idol,exact,assets/皇家/20228_黛朵(μ兵装)/skins/daiduo_idol
重樱,三日月,三日月,sanriyue,exact,assets/重樱/30141_三日月/skins/sanriyue
重樱,三日月,僵尸小姐驾到！,sanriyue_2,exact,assets/重樱/30141_三日月/skins/sanriyue_2
重樱,三笠,三笠,sanli,exact,assets/重樱/30511_三笠/skins/sanli
重樱,三笠,樱都之风,sanli_2,exact,assets/重樱/30511_三笠/skins/sanli_2
重樱,三笠,赏樱日和 ,sanli_4,exact,assets/重樱/30511_三笠/skins/sanli_4
重樱,三笠,养精蓄锐的假日,sanli_5,exact,assets/重樱/30511_三笠/skins/sanli_5
重樱,三笠,大前辈招待中,sanli_3,exact,assets/重樱/30511_三笠/skins/sanli_3
重樱,三笠,湛蓝回眸,sanli_6,exact,assets/重樱/30511_三笠/skins/sanli_6
重樱,三笠,无垢舰裳,sanli_h,exact,assets/重樱/30511_三笠/skins/sanli_h
重樱,三隈,三隈,sanwei,exact,assets/重樱/30211_三隈/skins/sanwei
重樱,三隈,花辞·献舞,sanwei_2,exact,assets/重樱/30211_三隈/skins/sanwei_2
重樱,不知火,不知火,buzhihuo,exact,assets/重樱/30118_不知火/skins/buzhihuo
重樱,不知火,月饼、不来一点吗？,buzhihuo_2,exact,assets/重樱/30118_不知火/skins/buzhihuo_2
重樱,不知火,不知火.改,buzhihuo_g,exact,assets/重樱/30118_不知火/skins/buzhihuo_g
重樱,云仙,云仙,yunxian,exact,assets/重樱/30319_云仙/skins/yunxian
重樱,云仙,嬉水碧海,yunxian_2,exact,assets/重樱/30319_云仙/skins/yunxian_2
重樱,云仙,万船集怀,yunxian_3,exact,assets/重樱/30319_云仙/skins/yunxian_3
重樱,云龙,云龙,yunlong,exact,assets/重樱/30717_云龙/skins/yunlong
重樱,云龙,溶于重重夜色,yunlong_2,exact,assets/重樱/30717_云龙/skins/yunlong_2
重樱,五十铃,五十铃,wushiling,exact,assets/重樱/30205_五十铃/skins/wushiling
重樱,五十铃,童话之夜,wushiling_2,exact,assets/重樱/30205_五十铃/skins/wushiling_2
重樱,五十铃,暖洋洋的圣诞夜,wushiling_3,exact,assets/重樱/30205_五十铃/skins/wushiling_3
重樱,五十铃,过热事故？,wushiling_5,exact,assets/重樱/30205_五十铃/skins/wushiling_5
重樱,五十铃,急速！骑马战！,wushiling_6,exact,assets/重樱/30205_五十铃/skins/wushiling_6
重樱,五十铃,五十铃.改,wushiling_g,exact,assets/重樱/30205_五十铃/skins/wushiling_g
重樱,亲潮,亲潮,qinchao,exact,assets/重樱/30128_亲潮/skins/qinchao
重樱,伊13,伊13,i13,exact,assets/重樱/31701_伊13/skins/i13
重樱,伊13,放学后的观察作业,i13_3,exact,assets/重樱/31701_伊13/skins/i13_3
重樱,伊14,伊14,i14,exact,assets/重樱/31703_伊14/skins/i14
重樱,伊14,千面皆虚无,i14_2,exact,assets/重樱/31703_伊14/skins/i14_2
重樱,伊168,伊168,i168,exact,assets/重樱/30806_伊168/skins/i168
重樱,伊168,祭典之日！,i168_2,exact,assets/重樱/30806_伊168/skins/i168_2
重樱,伊19,伊19,i19,exact,assets/重樱/30801_伊19/skins/i19
重樱,伊19,启程的微风,i19_2,exact,assets/重樱/30801_伊19/skins/i19_2
重樱,伊19,枕头天堂,i19_3,exact,assets/重樱/30801_伊19/skins/i19_3
重樱,伊19,粉红甜心兔,i19_4,exact,assets/重樱/30801_伊19/skins/i19_4
重樱,伊25,伊25,i25,exact,assets/重樱/30804_伊25/skins/i25
重樱,伊25,兔兔与珊瑚礁,i25_2,exact,assets/重樱/30804_伊25/skins/i25_2
重樱,伊25,甘美的新春祝福,i25_3,exact,assets/重樱/30804_伊25/skins/i25_3
重樱,伊26,伊26,i26,exact,assets/重樱/30802_伊26/skins/i26
重樱,伊26,深海少女,i26_2,exact,assets/重樱/30802_伊26/skins/i26_2
重樱,伊26,烟火大会前,i26_3,exact,assets/重樱/30802_伊26/skins/i26_3
重樱,伊404,伊404,i404,exact,assets/重樱/31702_伊404/skins/i404
重樱,伊404,绛縢华舞,i404_2,exact,assets/重樱/31702_伊404/skins/i404_2
重樱,伊404,绛縢华舞,i404_3,exact,assets/重樱/31702_伊404/skins/i404_3
重樱,伊404,特殊素材 · i404_honglong,i404_honglong,variant,assets/重樱/31702_伊404/skins/i404_honglong
重樱,伊56,伊56,i56,exact,assets/重樱/30805_伊56/skins/i56
重樱,伊56,角落的向日葵,i56_2,exact,assets/重樱/30805_伊56/skins/i56_2
重樱,伊58,伊58,i58,exact,assets/重樱/30803_伊58/skins/i58
重樱,伊势,伊势,yishi,exact,assets/重樱/30503_伊势/skins/yishi
重樱,伊势,伊势.改,yishi_g,exact,assets/重樱/30503_伊势/skins/yishi_g
重樱,伊吹,伊吹,yichui,exact,assets/重樱/39901_伊吹/skins/yichui
重樱,伊吹,永梦的青女,yichui_2,exact,assets/重樱/39901_伊吹/skins/yichui_2
重樱,伊吹,轻扬的风花,yichui_3,exact,assets/重樱/39901_伊吹/skins/yichui_3
重樱,伊吹,新桃换旧符,yichui_4,exact,assets/重樱/39901_伊吹/skins/yichui_4
重樱,伊吹,恬静无为,yichui_5,exact,assets/重樱/39901_伊吹/skins/yichui_5
重樱,伊吹,夏日恋迹,yichui_7,exact,assets/重樱/39901_伊吹/skins/yichui_7
重樱,信浓,信浓,xinnong,exact,assets/重樱/30708_信浓/skins/xinnong
重樱,信浓,胧月十夜,xinnong_2,exact,assets/重樱/30708_信浓/skins/xinnong_2
重樱,信浓,轰鸣的银轮,xinnong_3,exact,assets/重樱/30708_信浓/skins/xinnong_3
重樱,信浓,白沙幽梦,xinnong_4,exact,assets/重樱/30708_信浓/skins/xinnong_4
重樱,信浓,幻梦奇术,xinnong_5,exact,assets/重樱/30708_信浓/skins/xinnong_5
重樱,信浓,相融一梦,xinnong_6,exact,assets/重樱/30708_信浓/skins/xinnong_6
重樱,凉月,凉月,liangyue,exact,assets/重樱/30184_凉月/skins/liangyue
重樱,凉月,凉月、伴你在海边！,liangyue_2,exact,assets/重樱/30184_凉月/skins/liangyue_2
重樱,凉月,新年板羽球大战！,liangyue_3,exact,assets/重樱/30184_凉月/skins/liangyue_3
重樱,凉波,凉波,liangbo,exact,assets/重樱/30191_凉波/skins/liangbo
重樱,凉波,舞会前的着装准备,liangbo_2,exact,assets/重樱/30191_凉波/skins/liangbo_2
重樱,凤翔,凤翔,fengxiang,exact,assets/重樱/30603_凤翔/skins/fengxiang
重樱,凤翔,秋枕梦,fengxiang_2,exact,assets/重樱/30603_凤翔/skins/fengxiang_2
重樱,出云,出云,chuyun,exact,assets/重樱/39902_出云/skins/chuyun
重樱,出云,出云千本樱,chuyun_2,exact,assets/重樱/39902_出云/skins/chuyun_2
重樱,出云,尾尖的心跳特调,chuyun_3,exact,assets/重樱/39902_出云/skins/chuyun_3
重樱,初春,初春,chuchun,exact,assets/重樱/30121_初春/skins/chuchun
重樱,初春,初春之雪,chuchun_2,exact,assets/重樱/30121_初春/skins/chuchun_2
重樱,初春,春邀灯火,chuchun_3,exact,assets/重樱/30121_初春/skins/chuchun_3
重樱,初春,猫咖逢春,chuchun_4,exact,assets/重樱/30121_初春/skins/chuchun_4
重樱,初春,初春.改,chuchun_g,exact,assets/重樱/30121_初春/skins/chuchun_g
重樱,初春,特殊素材 · chess_chuchun,chess_chuchun,variant,assets/重樱/30121_初春/skins/chess_chuchun
重樱,初月,初月,chuyue,exact,assets/重樱/30189_初月/skins/chuyue
重樱,初月,八月恋夏,chuyue_2,exact,assets/重樱/30189_初月/skins/chuyue_2
重樱,初月,节日的奢华时光♪,chuyue_3,exact,assets/重樱/30189_初月/skins/chuyue_3
重樱,初月,红桥映雪,chuyue_h,exact,assets/重樱/30189_初月/skins/chuyue_h
重樱,初霜,初霜,chushuang,exact,assets/重樱/30124_初霜/skins/chushuang
重樱,初霜,吉时祝宴,chushuang_2,exact,assets/重樱/30124_初霜/skins/chushuang_2
重樱,初霜,初霜.改,chushuang_g,exact,assets/重樱/30124_初霜/skins/chushuang_g
重樱,加古,加古,jiagu,exact,assets/重樱/30302_加古/skins/jiagu
重樱,加古,加古.改,jiagu_g,exact,assets/重樱/30302_加古/skins/jiagu_g
重樱,加贺,加贺,jiahe,exact,assets/重樱/30702_加贺/skins/jiahe
重樱,加贺,常夏的杀生石,jiahe_2,exact,assets/重樱/30702_加贺/skins/jiahe_2
重樱,加贺,白狐贺正,jiahe_3,exact,assets/重樱/30702_加贺/skins/jiahe_3
重樱,加贺,白羽风华,jiahe_5,exact,assets/重樱/30702_加贺/skins/jiahe_5
重樱,加贺,淡樱之息,jiahe_4,exact,assets/重樱/30702_加贺/skins/jiahe_4
重樱,加贺,鸾翔影集,jiahe_6,exact,assets/重樱/30702_加贺/skins/jiahe_6
重樱,加贺,狐舞白绢,jiahe_7,exact,assets/重樱/30702_加贺/skins/jiahe_7
重樱,加贺,苍染的君子兰,jiahe_h,exact,assets/重樱/30702_加贺/skins/jiahe_h
重樱,加贺,特殊素材 · chess_jiahe,chess_jiahe,variant,assets/重樱/30702_加贺/skins/chess_jiahe
重樱,加贺,加贺,jiahezhanlie,exact,assets/重樱/30507_加贺/skins/jiahezhanlie
重樱,北风,北风,beifeng,exact,assets/重樱/39903_北风/skins/beifeng
重樱,北风,祭典制霸！,beifeng_2,exact,assets/重樱/39903_北风/skins/beifeng_2
重樱,北风,鸽子与魔术之夜,beifeng_4,exact,assets/重樱/39903_北风/skins/beifeng_4
重樱,北风,特殊素材 · chess_beifeng,chess_beifeng,variant,assets/重樱/39903_北风/skins/chess_beifeng
重樱,千代田,千代田,qiandaitian,exact,assets/重樱/30609_千代田/skins/qiandaitian
重樱,千代田,碧波灿烂之日,qiandaitian_2,exact,assets/重樱/30609_千代田/skins/qiandaitian_2
重樱,千代田,荷畔酒香,qiandaitian_3,exact,assets/重樱/30609_千代田/skins/qiandaitian_3
重樱,千岁,千岁,qiansui,exact,assets/重樱/30608_千岁/skins/qiansui
重樱,千岁,夏阳璀璨之日,qiansui_2,exact,assets/重樱/30608_千岁/skins/qiansui_2
重樱,千岁,水墨丽色,qiansui_3,exact,assets/重樱/30608_千岁/skins/qiansui_3
重樱,千岁,莲池茶香,qiansui_4,exact,assets/重樱/30608_千岁/skins/qiansui_4
重樱,卯月,卯月,maoyue,exact,assets/重樱/30135_卯月/skins/maoyue
重樱,卯月,贪睡的天使,maoyue_2,exact,assets/重樱/30135_卯月/skins/maoyue_2
重樱,卷波,卷波,juanbo,exact,assets/重樱/30180_卷波/skins/juanbo
重樱,卷波,元气RUN TIME！,juanbo_2,exact,assets/重樱/30180_卷波/skins/juanbo_2
重樱,古鹰,古鹰,guying,exact,assets/重樱/30301_古鹰/skins/guying
重樱,古鹰,古鹰.改,guying_g,exact,assets/重樱/30301_古鹰/skins/guying_g
重樱,名取,名取,mingqu,exact,assets/重樱/30206_名取/skins/mingqu
重樱,名取,沙滩乐园,mingqu_2,exact,assets/重樱/30206_名取/skins/mingqu_2
重樱,名取,喧闹之夜,mingqu_3,exact,assets/重樱/30206_名取/skins/mingqu_3
重樱,名寄,名寄,mingji,exact,assets/重樱/30229_名寄/skins/mingji
重樱,名寄,Electric Affection,mingji_2,exact,assets/重樱/30229_名寄/skins/mingji_2
重樱,吹雪,吹雪,chuixue,exact,assets/重樱/30101_吹雪/skins/chuixue
重樱,吹雪,迟到前的一刻,chuixue_2,exact,assets/重樱/30101_吹雪/skins/chuixue_2
重樱,吹雪,小鸡看板娘,chuixue_4,exact,assets/重樱/30101_吹雪/skins/chuixue_4
重樱,吹雪,Music Pixy,chuixue_3,exact,assets/重樱/30101_吹雪/skins/chuixue_3
重樱,吹雪,特型偶像Fubuki,chuixue_5,exact,assets/重樱/30101_吹雪/skins/chuixue_5
重樱,吹雪,实习服务生Fubuki,chuixue_6,exact,assets/重樱/30101_吹雪/skins/chuixue_6
重樱,吹雪,灯影下的困境,chuixue_7,exact,assets/重樱/30101_吹雪/skins/chuixue_7
重樱,吾妻,吾妻,wuqi,exact,assets/重樱/39904_吾妻/skins/wuqi
重樱,吾妻,细语春霞,wuqi_2,exact,assets/重樱/39904_吾妻/skins/wuqi_2
重樱,吾妻,心向何方的指导课,wuqi_3,exact,assets/重樱/39904_吾妻/skins/wuqi_3
重樱,吾妻,纯洁憧憬,wuqi_h,exact,assets/重樱/39904_吾妻/skins/wuqi_h
重樱,响,响,xiang,exact,assets/重樱/30110_响/skins/xiang
重樱,响,正月小恶魔,xiang_2,exact,assets/重樱/30110_响/skins/xiang_2
重樱,四万十,四万十,siwanshi,exact,assets/重樱/39906_四万十/skins/siwanshi
重樱,四万十,热乎乎的龙神大人？,siwanshi_2,exact,assets/重樱/39906_四万十/skins/siwanshi_2
重樱,四万十,优哉游哉的龙神大人,siwanshi_3,exact,assets/重樱/39906_四万十/skins/siwanshi_3
重樱,四万十,优哉游哉的龙神大人,siwanshi_4,exact,assets/重樱/39906_四万十/skins/siwanshi_4
重樱,土佐,土佐,tuzuo,exact,assets/重樱/30508_土佐/skins/tuzuo
重樱,土佐,鸣子小夏,tuzuo_2,exact,assets/重樱/30508_土佐/skins/tuzuo_2
重樱,土佐,水色间的游曳,tuzuo_3,exact,assets/重樱/30508_土佐/skins/tuzuo_3
重樱,夕张,夕张,xizhang,exact,assets/重樱/30201_夕张/skins/xizhang
重樱,夕张,夕张.改,xizhang_g,exact,assets/重樱/30201_夕张/skins/xizhang_g
重樱,夕暮,夕暮,ximu,exact,assets/重樱/30126_夕暮/skins/ximu
重樱,夕暮,女仆练习生,ximu_2,exact,assets/重樱/30126_夕暮/skins/ximu_2
重樱,夕暮,夕暮春华,ximu_3,exact,assets/重樱/30126_夕暮/skins/ximu_3
重樱,夕暮,盛绽樱华,ximu_4,exact,assets/重樱/30126_夕暮/skins/ximu_4
重樱,夕暮,庆典购物时,ximu_6,exact,assets/重樱/30126_夕暮/skins/ximu_6
重樱,夕暮,海边嬉戏时间,ximu_5,exact,assets/重樱/30126_夕暮/skins/ximu_5
重樱,夕暮,夕暮.改,ximu_g,exact,assets/重樱/30126_夕暮/skins/ximu_g
重樱,夕暮,特殊素材 · chess_ximu,chess_ximu,variant,assets/重樱/30126_夕暮/skins/chess_ximu
重樱,夕暮,特殊素材 · ximu_5_hx,ximu_5_hx,variant,assets/重樱/30126_夕暮/skins/ximu_5_hx
重樱,夕立,夕立,xili,exact,assets/重樱/30114_夕立/skins/xili
重樱,夕立,雪仗将军,xili_2,exact,assets/重樱/30114_夕立/skins/xili_2
重樱,夕立,肉包杀手,xili_3,exact,assets/重樱/30114_夕立/skins/xili_3
重樱,夕立,肉肉之宴！,xili_4,exact,assets/重樱/30114_夕立/skins/xili_4
重樱,夕立,美梦环绕圣诞夜,xili_5,exact,assets/重樱/30114_夕立/skins/xili_5
重樱,夕立,所罗门的新娘,xili_h,exact,assets/重樱/30114_夕立/skins/xili_h
重樱,夕立,夕立.改,xili_g,exact,assets/重樱/30114_夕立/skins/xili_g
重樱,夕立,特殊素材 · xili_g_hx,xili_g_hx,variant,assets/重樱/30114_夕立/skins/xili_g_hx
重樱,夕立,特殊素材 · xili_hx,xili_hx,variant,assets/重樱/30114_夕立/skins/xili_hx
重樱,大凤,大凤,dafeng,exact,assets/重樱/30707_大凤/skins/dafeng
重樱,大凤,毒苹果,dafeng_2,exact,assets/重樱/30707_大凤/skins/dafeng_2
重樱,大凤,凤鸣春晓,dafeng_4,exact,assets/重樱/30707_大凤/skins/dafeng_4
重樱,大凤,恋慕伴侣,dafeng_5,exact,assets/重樱/30707_大凤/skins/dafeng_5
重樱,大凤,放学后的甜蜜时光,dafeng_3,exact,assets/重樱/30707_大凤/skins/dafeng_3
重樱,大凤,海滨的白日美梦,dafeng_6,exact,assets/重樱/30707_大凤/skins/dafeng_6
重樱,大凤,绮愿良宵,dafeng_7,exact,assets/重樱/30707_大凤/skins/dafeng_7
重樱,大凤,潮风的吸引,dafeng_h,exact,assets/重樱/30707_大凤/skins/dafeng_h
重樱,大凤(μ兵装),大凤(μ兵装),dafeng_idol,exact,assets/重樱/30711_大凤(μ兵装)/skins/dafeng_idol
重樱,大山,大山,dashan,exact,assets/重樱/39907_大山/skins/dashan
重樱,大山,祈愿的巫女兔,dashan_2,exact,assets/重樱/39907_大山/skins/dashan_2
重樱,大潮,大潮,dachao,exact,assets/重樱/30164_大潮/skins/dachao
重樱,大潮,驯鹿与圣诞礼物,dachao_2,exact,assets/重樱/30164_大潮/skins/dachao_2
重樱,大潮,夜宴微醺,dachao_3,exact,assets/重樱/30164_大潮/skins/dachao_3
重樱,大潮,新春福至 ,dachao_4,exact,assets/重樱/30164_大潮/skins/dachao_4
重樱,大潮,午餐的邀约？,dachao_5,exact,assets/重樱/30164_大潮/skins/dachao_5
重樱,天城,天城,tiancheng,exact,assets/重樱/30405_天城/skins/tiancheng
重樱,天城,走水静莲,tiancheng_2,exact,assets/重樱/30405_天城/skins/tiancheng_2
重樱,天城,红鸢的闲暇片刻,tiancheng_3,exact,assets/重樱/30405_天城/skins/tiancheng_3
重樱,天城,特殊素材 · tiancheng_m_boss01,tiancheng_m_boss01,variant,assets/重樱/30405_天城/skins/tiancheng_m_boss01
重樱,天城,特殊素材 · tiancheng_m_boss02,tiancheng_m_boss02,variant,assets/重樱/30405_天城/skins/tiancheng_m_boss02
重樱,天城,特殊素材 · tiancheng_m_hangmu,tiancheng_m_hangmu,variant,assets/重樱/30405_天城/skins/tiancheng_m_hangmu
重樱,天城,特殊素材 · tiancheng_m_qianting,tiancheng_m_qianting,variant,assets/重樱/30405_天城/skins/tiancheng_m_qianting
重樱,天城,特殊素材 · tiancheng_m_qingxun,tiancheng_m_qingxun,variant,assets/重樱/30405_天城/skins/tiancheng_m_qingxun
重樱,天城,特殊素材 · tiancheng_m_quzhu,tiancheng_m_quzhu,variant,assets/重樱/30405_天城/skins/tiancheng_m_quzhu
重樱,天城,特殊素材 · tiancheng_m_zhanlie,tiancheng_m_zhanlie,variant,assets/重樱/30405_天城/skins/tiancheng_m_zhanlie
重樱,天城,特殊素材 · tiancheng_m_zhongxun,tiancheng_m_zhongxun,variant,assets/重樱/30405_天城/skins/tiancheng_m_zhongxun
重樱,天城,特殊素材 · tiancheng_x,tiancheng_x,variant,assets/重樱/30405_天城/skins/tiancheng_x
重樱,天城,天城,tiancheng_cv,exact,assets/重樱/30715_天城/skins/tiancheng_cv
重樱,天城,落于王座之花,tiancheng_cv_2,exact,assets/重樱/30715_天城/skins/tiancheng_cv_2
重樱,天城,碧波绮尾,tiancheng_cv_3,exact,assets/重樱/30715_天城/skins/tiancheng_cv_3
重樱,天城,水月花烛,tiancheng_cv_h,exact,assets/重樱/30715_天城/skins/tiancheng_cv_h
重樱,天津风,天津风,tianjinfeng,exact,assets/重樱/30119_天津风/skins/tianjinfeng
重樱,天津风,狐仙大人驾到,tianjinfeng_2,exact,assets/重樱/30119_天津风/skins/tianjinfeng_2
重樱,如月,如月,ruyue,exact,assets/重樱/30133_如月/skins/ruyue
重樱,如月,新年祈愿,ruyue_2,exact,assets/重樱/30133_如月/skins/ruyue_2
重樱,如月,如月.改,ruyue_g,exact,assets/重樱/30133_如月/skins/ruyue_g
重樱,妙风,妙风,miaofeng,exact,assets/重樱/30192_妙风/skins/miaofeng
重樱,妙风,忍者的紧急迫降修行！,miaofeng_2,exact,assets/重樱/30192_妙风/skins/miaofeng_2
重樱,妙高,妙高,miaogao,exact,assets/重樱/30307_妙高/skins/miaogao
重樱,安土,安土,antu,exact,assets/重樱/30409_安土/skins/antu
重樱,安土,午夜的瑰色电梯,antu_2,exact,assets/重樱/30409_安土/skins/antu_2
重樱,宵月,宵月,xiaoyue,exact,assets/重樱/30158_宵月/skins/xiaoyue
重樱,宵月,运动会的准备,xiaoyue_2,exact,assets/重樱/30158_宵月/skins/xiaoyue_2
重樱,宵月,爆竹除岁,xiaoyue_3,exact,assets/重樱/30158_宵月/skins/xiaoyue_3
重樱,小云仙,小云仙,yunxian_younv,exact,assets/重樱/30321_小云仙/skins/yunxian_younv
重樱,小信浓,小信浓,xinnong_younv,exact,assets/重樱/30714_小信浓/skins/xinnong_younv
重樱,小大凤,小大凤,dafeng_younv,exact,assets/重樱/30713_小大凤/skins/dafeng_younv
重樱,小天城,小天城,tiancheng_younv,exact,assets/重樱/30407_小天城/skins/tiancheng_younv
重樱,小武藏,小武藏,wuzang_younv,exact,assets/重樱/30517_小武藏/skins/wuzang_younv
重樱,小比叡,小比叡,birui_younv,exact,assets/重樱/30406_小比叡/skins/birui_younv
重樱,小赤城,小赤城,chicheng_younv,exact,assets/重樱/30709_小赤城/skins/chicheng_younv
重樱,尾张,尾张,weizhang,exact,assets/重樱/30513_尾张/skins/weizhang
重樱,尾张,波光潋滟,weizhang_2,exact,assets/重樱/30513_尾张/skins/weizhang_2
重樱,尾张,愿望为“爱”,weizhang_3,exact,assets/重樱/30513_尾张/skins/weizhang_3
重樱,山城,山城,shancheng,exact,assets/重樱/30502_山城/skins/shancheng
重樱,山城,季夏攻势？,shancheng_2,exact,assets/重樱/30502_山城/skins/shancheng_2
重樱,山城,圣诞攻势！,shancheng_3,exact,assets/重樱/30502_山城/skins/shancheng_3
重樱,山城,盛装的黑猫,shancheng_4,exact,assets/重樱/30502_山城/skins/shancheng_4
重樱,山城,看板娘攻势！？,shancheng_7,exact,assets/重樱/30502_山城/skins/shancheng_7
重樱,山城,假日攻势！,shancheng_8,exact,assets/重樱/30502_山城/skins/shancheng_8
重樱,山城,制服攻势！,shancheng_6,exact,assets/重樱/30502_山城/skins/shancheng_6
重樱,山城,花嫁攻势！,shancheng_h,exact,assets/重樱/30502_山城/skins/shancheng_h
重樱,山城,山城.改,shancheng_g,exact,assets/重樱/30502_山城/skins/shancheng_g
重樱,山风,山风,shanfeng,exact,assets/重樱/30148_山风/skins/shanfeng
重樱,山风,魔术时间到！,shanfeng_2,exact,assets/重樱/30148_山风/skins/shanfeng_2
重樱,岛风,岛风,daofeng,exact,assets/重樱/30129_岛风/skins/daofeng
重樱,岛风,最速兔兔的邀请函(?),daofeng_4,exact,assets/重樱/30129_岛风/skins/daofeng_4
重樱,岛风,不思议国度的白兔,daofeng_5,exact,assets/重樱/30129_岛风/skins/daofeng_5
重樱,岛风,盛夏岛屿的小憩,daofeng_3,exact,assets/重樱/30129_岛风/skins/daofeng_3
重樱,岛风,慌乱的月下玉兔,daofeng_6,exact,assets/重樱/30129_岛风/skins/daofeng_6
重樱,岛风,白兔一动也不动,daofeng_7,exact,assets/重樱/30129_岛风/skins/daofeng_7
重樱,川内,川内,chuannei,exact,assets/重樱/30212_川内/skins/chuannei
重樱,川内,川内.改,chuannei_g,exact,assets/重樱/30212_川内/skins/chuannei_g
重樱,扶桑,扶桑,fusang,exact,assets/重樱/30501_扶桑/skins/fusang
重樱,扶桑,春之祝,fusang_2,exact,assets/重樱/30501_扶桑/skins/fusang_2
重樱,扶桑,家有贤妻？,fusang_3,exact,assets/重樱/30501_扶桑/skins/fusang_3
重樱,扶桑,愿思君所思，想君所想,fusang_h,exact,assets/重樱/30501_扶桑/skins/fusang_h
重樱,扶桑,扶桑.改,fusang_g,exact,assets/重樱/30501_扶桑/skins/fusang_g
重樱,摩耶,摩耶,moye,exact,assets/重樱/30313_摩耶/skins/moye
重樱,摩耶,凛然的猎心杀手,moye_2,exact,assets/重樱/30313_摩耶/skins/moye_2
重樱,文月,文月,wenyue,exact,assets/重樱/30138_文月/skins/wenyue
重樱,文月,迷糊的妖精,wenyue_2,exact,assets/重樱/30138_文月/skins/wenyue_2
重樱,新月,新月,xinyue_jp,exact,assets/重樱/30156_新月/skins/xinyue_jp
重樱,旗风,旗风,qifeng,exact,assets/重樱/30179_旗风/skins/qifeng
重樱,日向,日向,rixiang,exact,assets/重樱/30504_日向/skins/rixiang
重樱,日向,日向.改,rixiang_g,exact,assets/重樱/30504_日向/skins/rixiang_g
重樱,时雨,时雨,shiyu,exact,assets/重樱/30115_时雨/skins/shiyu
重樱,时雨,进击，伊490！,shiyu_2,exact,assets/重樱/30115_时雨/skins/shiyu_2
重樱,时雨,晚会幸运星！,shiyu_3,exact,assets/重樱/30115_时雨/skins/shiyu_3
重樱,时雨,幸运Chocolate,shiyu_4,exact,assets/重樱/30115_时雨/skins/shiyu_4
重樱,时雨,时雨.改,shiyu_g,exact,assets/重樱/30115_时雨/skins/shiyu_g
重樱,明石,明石,mingshi,exact,assets/重樱/31201_明石/skins/mingshi
重樱,明石,正月，浴衣，赤字,mingshi_2,exact,assets/重樱/31201_明石/skins/mingshi_2
重樱,明石,黑猫来袭！,mingshi_3,exact,assets/重樱/31201_明石/skins/mingshi_3
重樱,明石,明石_在A1摊位喵！,mingshi_4,exact,assets/重樱/31201_明石/skins/mingshi_4
重樱,明石,欢迎光临Sofmap！,mingshi_5,exact,assets/重樱/31201_明石/skins/mingshi_5
重樱,明石,白猫的报恩,mingshi_h,exact,assets/重樱/31201_明石/skins/mingshi_h
重樱,明石,特殊素材 · gift_mingshi,gift_mingshi,variant,assets/重樱/31201_明石/skins/gift_mingshi
重樱,明石,特殊素材 · takegift_mingshi,takegift_mingshi,variant,assets/重樱/31201_明石/skins/takegift_mingshi
重樱,春月,春月,chunyue,exact,assets/重樱/30157_春月/skins/chunyue
重樱,春月,迎春的神乐舞,chunyue_2,exact,assets/重樱/30157_春月/skins/chunyue_2
重樱,春月,温泉屋的小魔女,chunyue_3,exact,assets/重樱/30157_春月/skins/chunyue_3
重樱,晓,晓,xiao,exact,assets/重樱/30109_晓/skins/xiao
重樱,晓,北极的迷途,xiao_2,exact,assets/重樱/30109_晓/skins/xiao_2
重樱,晓,摩托忍者，出击！,xiao_3,exact,assets/重樱/30109_晓/skins/xiao_3
重樱,晓,驯鹿忍者派送中！,xiao_4,exact,assets/重樱/30109_晓/skins/xiao_4
重樱,晓,压轴！忍者戏法！,xiao_5,exact,assets/重樱/30109_晓/skins/xiao_5
重樱,晓,特殊素材 · chess_xiao,chess_xiao,variant,assets/重樱/30109_晓/skins/chess_xiao
重樱,最上,最上,zuishang,exact,assets/重樱/30210_最上/skins/zuishang
重樱,最上,最上.改,zuishang_g,exact,assets/重樱/30210_最上/skins/zuishang_g
重樱,有明,有明,youming,exact,assets/重樱/30125_有明/skins/youming
重樱,有明,四季团圆,youming_2,exact,assets/重樱/30125_有明/skins/youming_2
重樱,有明,有明.改,youming_g,exact,assets/重樱/30125_有明/skins/youming_g
重樱,朝凪,朝凪,zhaozhi,exact,assets/重樱/30190_朝凪/skins/zhaozhi
重樱,朝凪,午间的风平浪静,zhaozhi_2,exact,assets/重樱/30190_朝凪/skins/zhaozhi_2
重樱,朝潮,朝潮,zhaochao,exact,assets/重樱/30163_朝潮/skins/zhaochao
重樱,朝潮,樱花下的转校生,zhaochao_2,exact,assets/重樱/30163_朝潮/skins/zhaochao_2
重樱,朝潮,雪朝与铃,zhaochao_4,exact,assets/重樱/30163_朝潮/skins/zhaochao_4
重樱,朝潮,轻舞云裳,zhaochao_5,exact,assets/重樱/30163_朝潮/skins/zhaochao_5
重樱,木津,木津,mujin,exact,assets/重樱/30228_木津/skins/mujin
重樱,木津,“落网”之龙,mujin_2,exact,assets/重樱/30228_木津/skins/mujin_2
重樱,木津,特殊素材 · mujin_2_hx,mujin_2_hx,variant,assets/重樱/30228_木津/skins/mujin_2_hx
重樱,松风,松风,songfeng,exact,assets/重樱/30131_松风/skins/songfeng
重樱,松风,松风.改,songfeng_g,exact,assets/重樱/30131_松风/skins/songfeng_g
重樱,榛名,榛名,zhenming,exact,assets/重樱/30403_榛名/skins/zhenming
重樱,榛名,授课前的自由时间,zhenming_2,exact,assets/重樱/30403_榛名/skins/zhenming_2
重樱,榛名,绯红Innocence,zhenming_3,exact,assets/重樱/30403_榛名/skins/zhenming_3
重樱,榛名,雅致莲华,zhenming_4,exact,assets/重樱/30403_榛名/skins/zhenming_4
重樱,樫野,樫野,jianye,exact,assets/重樱/31901_樫野/skins/jianye
重樱,樫野,温泉放松时间,jianye_2,exact,assets/重樱/31901_樫野/skins/jianye_2
重樱,樫野,绊倒的迷糊女仆,jianye_3,exact,assets/重樱/31901_樫野/skins/jianye_3
重樱,樫野,花绽之乐章,jianye_4,exact,assets/重樱/31901_樫野/skins/jianye_4
重樱,樫野,新鲜与甜蜜！,jianye_5,exact,assets/重樱/31901_樫野/skins/jianye_5
重樱,武藏,武藏,wuzang,exact,assets/重樱/30510_武藏/skins/wuzang
重樱,武藏,堇色月影,wuzang_2,exact,assets/重樱/30510_武藏/skins/wuzang_2
重樱,武藏,堇色兔的狙击游戏,wuzang_3,exact,assets/重樱/30510_武藏/skins/wuzang_3
重樱,武藏,只为你献上的应援,wuzang_4,exact,assets/重樱/30510_武藏/skins/wuzang_4
重樱,武藏,紫藤花的无瑕心意,wuzang_h,exact,assets/重樱/30510_武藏/skins/wuzang_h
重樱,武藏,特殊素材 · wuzang_hx,wuzang_hx,variant,assets/重樱/30510_武藏/skins/wuzang_hx
重樱,比叡,比叡,birui,exact,assets/重樱/30402_比叡/skins/birui
重樱,比叡,月下巡游,birui_2,exact,assets/重樱/30402_比叡/skins/birui_2
重樱,比叡,红梅垂香,birui_4,exact,assets/重樱/30402_比叡/skins/birui_4
重樱,比叡,海滩瑰景,birui_5,exact,assets/重樱/30402_比叡/skins/birui_5
重樱,水无月,水无月,shuiwuyue,exact,assets/重樱/30137_水无月/skins/shuiwuyue
重樱,水无濑,水无濑,shuiwulai,exact,assets/重樱/30227_水无濑/skins/shuiwulai
重樱,水无濑,巫女的冥想修行,shuiwulai_2,exact,assets/重樱/30227_水无濑/skins/shuiwulai_2
重樱,江风,江风,jiangfeng,exact,assets/重樱/30149_江风/skins/jiangfeng
重樱,江风,间奏·黑白,jiangfeng_2,exact,assets/重樱/30149_江风/skins/jiangfeng_2
重樱,江风,忠心的守护灵狐,jiangfeng_3,exact,assets/重樱/30149_江风/skins/jiangfeng_3
重樱,江风,美梦构造论,jiangfeng_h,exact,assets/重樱/30149_江风/skins/jiangfeng_h
重樱,浅间,浅间,qianjian,exact,assets/重樱/30320_浅间/skins/qianjian
重樱,浅间,绽放于至深之夜,qianjian_2,exact,assets/重樱/30320_浅间/skins/qianjian_2
重樱,浦波,浦波,pubo,exact,assets/重樱/30172_浦波/skins/pubo
重樱,浦波,雪地先锋,pubo_2,exact,assets/重樱/30172_浦波/skins/pubo_2
重樱,浦风,浦风,pufeng,exact,assets/重樱/30159_浦风/skins/pufeng
重樱,浦风,圣诞大将军,pufeng_2,exact,assets/重樱/30159_浦风/skins/pufeng_2
重樱,浦风,战国乐队！,pufeng_3,exact,assets/重樱/30159_浦风/skins/pufeng_3
重樱,海风,海风,haifeng,exact,assets/重樱/30147_海风/skins/haifeng
重樱,海风,软绵绵治愈系,haifeng_2,exact,assets/重樱/30147_海风/skins/haifeng_2
重樱,海风,渐近的步伐,haifeng_3,exact,assets/重樱/30147_海风/skins/haifeng_3
重樱,深雪,深雪,shenxue,exact,assets/重樱/30104_深雪/skins/shenxue
重樱,深雪,采购约会时间,shenxue_2,exact,assets/重樱/30104_深雪/skins/shenxue_2
重樱,深雪,晴空下的可丽饼,shenxue_3,exact,assets/重樱/30104_深雪/skins/shenxue_3
重樱,深雪,甜蜜的意外序曲,shenxue_4,exact,assets/重樱/30104_深雪/skins/shenxue_4
重樱,深雪,特殊素材 · chess_shenxue,chess_shenxue,variant,assets/重樱/30104_深雪/skins/chess_shenxue
重樱,清波,清波,qingbo,exact,assets/重樱/30154_清波/skins/qingbo
重樱,清波,圣诞小红帽？,qingbo_3,exact,assets/重樱/30154_清波/skins/qingbo_3
重樱,渡良濑,渡良濑,dulianglai,exact,assets/重樱/30225_渡良濑/skins/dulianglai
重樱,渡良濑,不会消失的换装魔法,dulianglai_2,exact,assets/重樱/30225_渡良濑/skins/dulianglai_2
重樱,满潮,满潮,manchao,exact,assets/重樱/30165_满潮/skins/manchao
重樱,满潮,缎带轻飘飘,manchao_2,exact,assets/重樱/30165_满潮/skins/manchao_2
重樱,滨风,滨风,bangfeng,exact,assets/重樱/30161_滨风/skins/bangfeng
重樱,滨风,模范优等生,bangfeng_2,exact,assets/重樱/30161_滨风/skins/bangfeng_2
重樱,滨风,美味的关键是爱？！,bangfeng_4,exact,assets/重樱/30161_滨风/skins/bangfeng_4
重樱,滨风,滨风.改,bangfeng_g,exact,assets/重樱/30161_滨风/skins/bangfeng_g
重樱,熊野,熊野,xiongye,exact,assets/重樱/30318_熊野/skins/xiongye
重樱,熊野,Fancy Wave,xiongye_2,exact,assets/重樱/30318_熊野/skins/xiongye_2
重樱,熊野,激斗☆抽鬼牌派对,xiongye_3,exact,assets/重樱/30318_熊野/skins/xiongye_3
重樱,熊野,一千零一夜之愿,xiongye_4,exact,assets/重樱/30318_熊野/skins/xiongye_4
重樱,爱宕,爱宕,aidang,exact,assets/重樱/30312_爱宕/skins/aidang
重樱,爱宕,盛夏进行曲,aidang_2,exact,assets/重樱/30312_爱宕/skins/aidang_2
重樱,爱宕,冬季风物诗,aidang_3,exact,assets/重樱/30312_爱宕/skins/aidang_3
重樱,爱宕,学园幻想曲,aidang_4,exact,assets/重樱/30312_爱宕/skins/aidang_4
重樱,爱宕,巅峰时速,aidang_5,exact,assets/重樱/30312_爱宕/skins/aidang_5
重樱,爱宕,满月之夜的狼,aidang_6,exact,assets/重樱/30312_爱宕/skins/aidang_6
重樱,爱宕,白花的誓言,aidang_h,exact,assets/重樱/30312_爱宕/skins/aidang_h
重樱,瑞凤,瑞凤,ruifeng,exact,assets/重樱/30604_瑞凤/skins/ruifeng
重樱,瑞凤,幸运气球分发员,ruifeng_2,exact,assets/重樱/30604_瑞凤/skins/ruifeng_2
重樱,瑞鹤,瑞鹤,ruihe,exact,assets/重樱/30706_瑞鹤/skins/ruihe
重樱,瑞鹤,祭华之鹤,ruihe_2,exact,assets/重樱/30706_瑞鹤/skins/ruihe_2
重樱,瑞鹤,飙速之鹤,ruihe_3,exact,assets/重樱/30706_瑞鹤/skins/ruihe_3
重樱,瑞鹤,急速飞驰Z,ruihe_4,exact,assets/重樱/30706_瑞鹤/skins/ruihe_4
重樱,由良,由良,youliang,exact,assets/重樱/30207_由良/skins/youliang
重樱,由良,二重吸引?,youliang_2,exact,assets/重樱/30207_由良/skins/youliang_2
重樱,电,电,dian,exact,assets/重樱/30112_电/skins/dian
重樱,电,香草布丁,dian_2,exact,assets/重樱/30112_电/skins/dian_2
重樱,电,花火Inazuma,dian_3,exact,assets/重樱/30112_电/skins/dian_3
重樱,电,月下妖精Inazuma,dian_4,exact,assets/重樱/30112_电/skins/dian_4
重樱,电,蔷薇紫的芳香,dian_5,exact,assets/重樱/30112_电/skins/dian_5
重樱,电,特殊素材 · chess_dian,chess_dian,variant,assets/重樱/30112_电/skins/chess_dian
重樱,白凤,白凤,baifeng,exact,assets/重樱/30716_白凤/skins/baifeng
重樱,白凤,缭乱之花的忍者游戏,baifeng_2,exact,assets/重樱/30716_白凤/skins/baifeng_2
重樱,白凤,晴雨狐嫁,baifeng_3,exact,assets/重樱/30716_白凤/skins/baifeng_3
重樱,白雪,白雪,baixue,exact,assets/重樱/30102_白雪/skins/baixue
重樱,白雪,白兔饲养员,baixue_2,exact,assets/重樱/30102_白雪/skins/baixue_2
重樱,白露,白露,bailu,exact,assets/重樱/30113_白露/skins/bailu
重樱,白露,要来点鱼雷吗？,bailu_2,exact,assets/重樱/30113_白露/skins/bailu_2
重樱,白露,雪融烟火夜,bailu_3,exact,assets/重樱/30113_白露/skins/bailu_3
重樱,白露,白露.改,bailu_g,exact,assets/重樱/30113_白露/skins/bailu_g
重樱,白龙,白龙,bailong,exact,assets/重樱/39905_白龙/skins/bailong
重樱,白龙,快刀女仆？,bailong_2,exact,assets/重樱/39905_白龙/skins/bailong_2
重樱,白龙,丝竹喧阗,bailong_3,exact,assets/重樱/39905_白龙/skins/bailong_3
重樱,白龙,龙雕百炼,bailong_4,exact,assets/重樱/39905_白龙/skins/bailong_4
重樱,白龙,薄织四叠,bailong_5,exact,assets/重樱/39905_白龙/skins/bailong_5
重樱,睦月,睦月,muyue,exact,assets/重樱/30132_睦月/skins/muyue
重樱,睦月,驯鹿先生，出发！,muyue_2,exact,assets/重樱/30132_睦月/skins/muyue_2
重樱,睦月,糖果祭典！,muyue_3,exact,assets/重樱/30132_睦月/skins/muyue_3
重樱,睦月,春节的糖果,muyue_4,exact,assets/重樱/30132_睦月/skins/muyue_4
重樱,睦月,乐园、回忆与棉花糖,muyue_5,exact,assets/重樱/30132_睦月/skins/muyue_5
重樱,睦月,睦月.改,muyue_g,exact,assets/重樱/30132_睦月/skins/muyue_g
重樱,矶风,矶风,jifeng,exact,assets/重樱/30160_矶风/skins/jifeng
重樱,矶风,新年合战,jifeng_2,exact,assets/重樱/30160_矶风/skins/jifeng_2
重樱,矶风,战国组合！,jifeng_3,exact,assets/重樱/30160_矶风/skins/jifeng_3
重樱,神通,神通,shentong,exact,assets/重樱/30213_神通/skins/shentong
重樱,神通,军师大人@休假中,shentong_2,exact,assets/重樱/30213_神通/skins/shentong_2
重樱,神通,“大灰狼”的谋算,shentong_4,exact,assets/重樱/30213_神通/skins/shentong_4
重樱,神通,神通.改,shentong_g,exact,assets/重樱/30213_神通/skins/shentong_g
重樱,神风,神风,shenfeng,exact,assets/重樱/30130_神风/skins/shenfeng
重樱,神风,神风.改,shenfeng_g,exact,assets/重樱/30130_神风/skins/shenfeng_g
重樱,祥凤,祥凤,xiangfeng,exact,assets/重樱/30605_祥凤/skins/xiangfeng
重樱,祥凤,夜巡的魔女,xiangfeng_2,exact,assets/重樱/30605_祥凤/skins/xiangfeng_2
重樱,祥凤,祥凤.改,xiangfeng_g,exact,assets/重樱/30605_祥凤/skins/xiangfeng_g
重樱,筑摩,筑摩,zhumo,exact,assets/重樱/30306_筑摩/skins/zhumo
重樱,筑摩,对局上的洞察者,zhumo_2,exact,assets/重樱/30306_筑摩/skins/zhumo_2
重樱,纪伊,纪伊,jiyi,exact,assets/重樱/30512_纪伊/skins/jiyi
重樱,纪伊,水边的诱惑,jiyi_2,exact,assets/重樱/30512_纪伊/skins/jiyi_2
重樱,绫波,绫波,lingbo,exact,assets/重樱/30105_绫波/skins/lingbo
重樱,绫波,待宵的魔女,lingbo_2,exact,assets/重樱/30105_绫波/skins/lingbo_2
重樱,绫波,乐队型鬼神,lingbo_4,exact,assets/重樱/30105_绫波/skins/lingbo_4
重樱,绫波,新岁之鬼神,lingbo_5,exact,assets/重樱/30105_绫波/skins/lingbo_5
重樱,绫波,一式水手风制服,lingbo_6,exact,assets/重樱/30105_绫波/skins/lingbo_6
重樱,绫波,特殊潜入作战披风,lingbo_9,exact,assets/重樱/30105_绫波/skins/lingbo_9
重樱,绫波,冷静偶像·迷惑中,lingbo_7,exact,assets/重樱/30105_绫波/skins/lingbo_7
重樱,绫波,鬼神之华裳,lingbo_h,exact,assets/重樱/30105_绫波/skins/lingbo_h
重樱,绫波,绫波.改,lingbo_g,exact,assets/重樱/30105_绫波/skins/lingbo_g
重樱,绫波,新年的愿望,lingbo_8,exact,assets/重樱/30105_绫波/skins/lingbo_8
重樱,绫波,黯然礼装,lingbo_10,exact,assets/重樱/30105_绫波/skins/lingbo_10
重樱,绫波,微速战斗姿势,lingbo_11,exact,assets/重樱/30105_绫波/skins/lingbo_11
重樱,绫波,苍墨武鉴,lingbo_13,exact,assets/重樱/30105_绫波/skins/lingbo_13
重樱,绫波,可乐，加上努力？,lingbo_14,exact,assets/重樱/30105_绫波/skins/lingbo_14
重樱,绫波,跃动飞踢！,lingbo_15,exact,assets/重樱/30105_绫波/skins/lingbo_15
重樱,绫波,深蓝邀约,lingbo_16,exact,assets/重樱/30105_绫波/skins/lingbo_16
重樱,绫濑,绫濑,linglai,exact,assets/重樱/30226_绫濑/skins/linglai
重樱,绫濑,兔子小姐的更衣时间,linglai_2,exact,assets/重樱/30226_绫濑/skins/linglai_2
重樱,羽黑,羽黑,yuhei,exact,assets/重樱/30310_羽黑/skins/yuhei
重樱,羽黑,因祸得福？,yuhei_2,exact,assets/重樱/30310_羽黑/skins/yuhei_2
重樱,羽黑,误入“笼”中,yuhei_3,exact,assets/重樱/30310_羽黑/skins/yuhei_3
重樱,翔鹤,翔鹤,xianghe,exact,assets/重樱/30705_翔鹤/skins/xianghe
重樱,翔鹤,散花舞鹤,xianghe_2,exact,assets/重樱/30705_翔鹤/skins/xianghe_2
重樱,翔鹤,疾速之鹤,xianghe_3,exact,assets/重樱/30705_翔鹤/skins/xianghe_3
重樱,翔鹤,飞雪织缘,xianghe_4,exact,assets/重樱/30705_翔鹤/skins/xianghe_4
重樱,翔鹤,鸣鹤衔禧,xianghe_h,exact,assets/重樱/30705_翔鹤/skins/xianghe_h
重樱,能代,能代,nengdai,exact,assets/重樱/30221_能代/skins/nengdai
重樱,能代,祭典的秘境?,nengdai_2,exact,assets/重樱/30221_能代/skins/nengdai_2
重樱,能代,夜响的绝园,nengdai_4,exact,assets/重樱/30221_能代/skins/nengdai_4
重樱,能代,冬雪沁香,nengdai_6,exact,assets/重樱/30221_能代/skins/nengdai_6
重樱,能代,宁静的六叠间,nengdai_5,exact,assets/重樱/30221_能代/skins/nengdai_5
重樱,能代,需要少冰吗？,nengdai_7,exact,assets/重樱/30221_能代/skins/nengdai_7
重樱,能代,阳光·沙滩·假日,nengdai_3,exact,assets/重樱/30221_能代/skins/nengdai_3
重樱,能代,香奢之约,nengdai_8,exact,assets/重樱/30221_能代/skins/nengdai_8
重樱,能代,恋结奇谭,nengdai_h,exact,assets/重樱/30221_能代/skins/nengdai_h
重樱,能代,月夜花泉,nengdai_9,exact,assets/重樱/30221_能代/skins/nengdai_9
重樱,能代(μ兵装),能代(μ兵装),nengdai_idol,exact,assets/重樱/30224_能代(μ兵装)/skins/nengdai_idol
重樱,花月,花月,huayue,exact,assets/重樱/30182_花月/skins/huayue
重樱,花月,白昼月、盛夏之华,huayue_3,exact,assets/重樱/30182_花月/skins/huayue_3
重樱,花月,春意·月华盎然,huayue_4,exact,assets/重樱/30182_花月/skins/huayue_4
重樱,苍龙,苍龙,canglong,exact,assets/重樱/30703_苍龙/skins/canglong
重樱,苍龙,松间鹤,canglong_2,exact,assets/重樱/30703_苍龙/skins/canglong_2
重樱,苍龙,走廊上的风纪委员,canglong_3,exact,assets/重樱/30703_苍龙/skins/canglong_3
重樱,苍龙,苍龙.改,canglong_g,exact,assets/重樱/30703_苍龙/skins/canglong_g
重樱,若叶,若叶,ruoye,exact,assets/重樱/30123_若叶/skins/ruoye
重樱,若叶,限时圣诞Wakaba,ruoye_2,exact,assets/重樱/30123_若叶/skins/ruoye_2
重樱,若叶,暖阳与午睡时光,ruoye_3,exact,assets/重樱/30123_若叶/skins/ruoye_3
重樱,若月,若月,ruoyue,exact,assets/重樱/30188_若月/skins/ruoyue
重樱,若月,冒失的青鸟,ruoyue_2,exact,assets/重樱/30188_若月/skins/ruoyue_2
重樱,若月,青鸟报春,ruoyue_3,exact,assets/重樱/30188_若月/skins/ruoyue_3
重樱,荒潮,荒潮,huangchao,exact,assets/重樱/30166_荒潮/skins/huangchao
重樱,荒潮,映照花火,huangchao_3,exact,assets/重樱/30166_荒潮/skins/huangchao_3
重樱,葛城,葛城,gecheng,exact,assets/重樱/30712_葛城/skins/gecheng
重樱,葛城,黎明辉祭,gecheng_2,exact,assets/重樱/30712_葛城/skins/gecheng_2
重樱,葛城,浅水游闲,gecheng_3,exact,assets/重樱/30712_葛城/skins/gecheng_3
重樱,藤波,藤波,tengbo,exact,assets/重樱/30194_藤波/skins/tengbo
重樱,藤波,藤波的秘密穿搭,tengbo_2,exact,assets/重樱/30194_藤波/skins/tengbo_2
重樱,衣笠,衣笠,yili,exact,assets/重樱/30304_衣笠/skins/yili
重樱,谷风,谷风,gufeng,exact,assets/重樱/30162_谷风/skins/gufeng
重樱,谷风,海边的迷路少女,gufeng_2,exact,assets/重樱/30162_谷风/skins/gufeng_2
重樱,谷风,闪闪发光大扫除,gufeng_4,exact,assets/重樱/30162_谷风/skins/gufeng_4
重樱,谷风,谷风.改,gufeng_g,exact,assets/重樱/30162_谷风/skins/gufeng_g
重樱,赤城,赤城,chicheng,exact,assets/重樱/30701_赤城/skins/chicheng
重樱,赤城,乐园的彼岸花,chicheng_2,exact,assets/重樱/30701_赤城/skins/chicheng_2
重樱,赤城,梅与雪,chicheng_3,exact,assets/重樱/30701_赤城/skins/chicheng_3
重樱,赤城,朱娟余醺,chicheng_4,exact,assets/重樱/30701_赤城/skins/chicheng_4
重樱,赤城,朝凰来仪,chicheng_5,exact,assets/重樱/30701_赤城/skins/chicheng_5
重樱,赤城,路边的甜蜜,chicheng_6,exact,assets/重樱/30701_赤城/skins/chicheng_6
重樱,赤城,深红的虞美人,chicheng_h,exact,assets/重樱/30701_赤城/skins/chicheng_h
重樱,赤城,特殊素材 · chicheng_x,chicheng_x,variant,assets/重樱/30701_赤城/skins/chicheng_x
重樱,赤城(μ兵装),赤城(μ兵装),chicheng_idol,exact,assets/重樱/30710_赤城(μ兵装)/skins/chicheng_idol
重樱,足柄,足柄,zubing,exact,assets/重樱/30309_足柄/skins/zubing
重樱,足柄,幕间小憩,zubing_2,exact,assets/重樱/30309_足柄/skins/zubing_2
重樱,足柄,缤纷之夏,zubing_3,exact,assets/重樱/30309_足柄/skins/zubing_3
重樱,近江,近江,jinjiang,exact,assets/重樱/30516_近江/skins/jinjiang
重樱,近江,逃脱失败……？,jinjiang_2,exact,assets/重樱/30516_近江/skins/jinjiang_2
重樱,追风,追风,zhuifeng,exact,assets/重樱/30185_追风/skins/zhuifeng
重樱,追风,夏日的全力一击,zhuifeng_3,exact,assets/重樱/30185_追风/skins/zhuifeng_3
重樱,追风,纸砚墨梅,zhuifeng_2,exact,assets/重樱/30185_追风/skins/zhuifeng_2
重樱,那智,那智,nazhi,exact,assets/重樱/30308_那智/skins/nazhi
重樱,那智,那智.改,nazhi_g,exact,assets/重樱/30308_那智/skins/nazhi_g
重樱,那珂,那珂,nake,exact,assets/重樱/30214_那珂/skins/nake
重樱,那珂,激浪之夏！,nake_2,exact,assets/重樱/30214_那珂/skins/nake_2
重樱,酒匂,酒匂,jiuyun,exact,assets/重樱/30223_酒匂/skins/jiuyun
重樱,酒匂,团子的诱惑,jiuyun_2,exact,assets/重樱/30223_酒匂/skins/jiuyun_2
重樱,酒匂,丛林的清凉小憩,jiuyun_3,exact,assets/重樱/30223_酒匂/skins/jiuyun_3
重樱,酒匂,俏佳人组曲,jiuyun_4,exact,assets/重樱/30223_酒匂/skins/jiuyun_4
重樱,野分,野分,yefen,exact,assets/重樱/30120_野分/skins/yefen
重樱,金刚,金刚,jingang,exact,assets/重樱/30401_金刚/skins/jingang
重樱,金刚,华鸟风月,jingang_2,exact,assets/重樱/30401_金刚/skins/jingang_2
重樱,金刚,Talent Hospital,jingang_3,exact,assets/重樱/30401_金刚/skins/jingang_3
重樱,金刚,微风的上学路,jingang_4,exact,assets/重樱/30401_金刚/skins/jingang_4
重樱,金刚,海浪之下的意外,jingang_5,exact,assets/重樱/30401_金刚/skins/jingang_5
重樱,金刚(μ兵装),金刚(μ兵装),jingang_idol,exact,assets/重樱/30408_金刚(μ兵装)/skins/jingang_idol
重樱,铃谷,铃谷,linggu,exact,assets/重樱/30317_铃谷/skins/linggu
重樱,铃谷,Midnight Care,linggu_3,exact,assets/重樱/30317_铃谷/skins/linggu_3
重樱,长月,长月,changyue,exact,assets/重樱/30139_长月/skins/changyue
重樱,长月,喵喵女仆有点危险？,changyue_2,exact,assets/重樱/30139_长月/skins/changyue_2
重樱,长波,长波,changbo,exact,assets/重樱/30183_长波/skins/changbo
重樱,长波,幸福的「长波」,changbo_2,exact,assets/重樱/30183_长波/skins/changbo_2
重樱,长波,安心的“长波”,changbo_3,exact,assets/重樱/30183_长波/skins/changbo_3
重樱,长波,长夜相伴,changbo_4,exact,assets/重樱/30183_长波/skins/changbo_4
重樱,长波,温软甜乡,changbo_5,exact,assets/重樱/30183_长波/skins/changbo_5
重樱,长波,永恒相守,changbo_h,exact,assets/重樱/30183_长波/skins/changbo_h
重樱,长良,长良,changliang,exact,assets/重樱/30204_长良/skins/changliang
重樱,长良,悠闲春日,changliang_2,exact,assets/重樱/30204_长良/skins/changliang_2
重樱,长门,长门,changmen,exact,assets/重樱/30505_长门/skins/changmen
重樱,长门,神子的休憩,changmen_2,exact,assets/重樱/30505_长门/skins/changmen_2
重樱,长门,御狐的辉振袖,changmen_3,exact,assets/重樱/30505_长门/skins/changmen_3
重樱,长门,神子的闲暇一刻,changmen_4,exact,assets/重樱/30505_长门/skins/changmen_4
重樱,长门,神子的华服,changmen_5,exact,assets/重樱/30505_长门/skins/changmen_5
重樱,长门,牵心结缘,changmen_6,exact,assets/重樱/30505_长门/skins/changmen_6
重樱,长门,御狐的白装束,changmen_h,exact,assets/重樱/30505_长门/skins/changmen_h
重樱,阳炎,阳炎,yangyan,exact,assets/重樱/30117_阳炎/skins/yangyan
重樱,阳炎,南瓜与万圣夜,yangyan_2,exact,assets/重樱/30117_阳炎/skins/yangyan_2
重樱,阳炎,阳炎.改,yangyan_g,exact,assets/重樱/30117_阳炎/skins/yangyan_g
重樱,阿武隈,阿武隈,awuwei,exact,assets/重樱/30209_阿武隈/skins/awuwei
重樱,阿武隈,阿武隈.改,awuwei_g,exact,assets/重樱/30209_阿武隈/skins/awuwei_g
重樱,阿贺野,阿贺野,aheye,exact,assets/重樱/30220_阿贺野/skins/aheye
重樱,阿贺野,圣夜的小小捉弄,aheye_3,exact,assets/重樱/30220_阿贺野/skins/aheye_3
重樱,阿贺野,约会游戏？,aheye_2,exact,assets/重樱/30220_阿贺野/skins/aheye_2
重樱,阿贺野,告白的蓝闪蝶,aheye_4,exact,assets/重樱/30220_阿贺野/skins/aheye_4
重樱,陆奥,陆奥,luao,exact,assets/重樱/30506_陆奥/skins/luao
重樱,陆奥,战国风云少女,luao_2,exact,assets/重樱/30506_陆奥/skins/luao_2
重樱,陆奥,错误女仆范本？,luao_3,exact,assets/重樱/30506_陆奥/skins/luao_3
重樱,隼鹰,隼鹰,sunying,exact,assets/重樱/30602_隼鹰/skins/sunying
重樱,雪风,雪风,xuefeng,exact,assets/重樱/30116_雪风/skins/xuefeng
重樱,雪风,秋千上的雪风大人,xuefeng_2,exact,assets/重樱/30116_雪风/skins/xuefeng_2
重樱,雪风,冬之雪风,xuefeng_3,exact,assets/重樱/30116_雪风/skins/xuefeng_3
重樱,雪风,春日的暖风,xuefeng_h,exact,assets/重樱/30116_雪风/skins/xuefeng_h
重樱,雷,雷,lei,exact,assets/重樱/30111_雷/skins/lei
重樱,雷,樱花茶,lei_2,exact,assets/重樱/30111_雷/skins/lei_2
重樱,雷,祭典Ikatuchi,lei_3,exact,assets/重樱/30111_雷/skins/lei_3
重樱,雷,晨曦精灵Ikazuchi,lei_4,exact,assets/重樱/30111_雷/skins/lei_4
重樱,雷,海天霞色之下,lei_5,exact,assets/重樱/30111_雷/skins/lei_5
重樱,雾岛,雾岛,wudao,exact,assets/重樱/30404_雾岛/skins/wudao
重樱,雾岛,放学后的退敌时间,wudao_2,exact,assets/重樱/30404_雾岛/skins/wudao_2
重樱,雾岛,夏日的大胆尝试,wudao_3,exact,assets/重樱/30404_雾岛/skins/wudao_3
重樱,雾岛,随性的闪耀之星,wudao_4,exact,assets/重樱/30404_雾岛/skins/wudao_4
重樱,雾岛,雅致墨香,wudao_5,exact,assets/重樱/30404_雾岛/skins/wudao_5
重樱,霞,霞,xia,exact,assets/重樱/30181_霞/skins/xia
重樱,霞,新年暖洋洋,xia_2,exact,assets/重樱/30181_霞/skins/xia_2
重樱,霞,开学晃悠悠,xia_3,exact,assets/重樱/30181_霞/skins/xia_3
重樱,霞,霞.改,xia_g,exact,assets/重樱/30181_霞/skins/xia_g
重樱,青叶,青叶,qingye,exact,assets/重樱/30303_青叶/skins/qingye
重樱,风云,风云,fengyun,exact,assets/重樱/30186_风云/skins/fengyun
重樱,风云,放学后的悠扬,fengyun_3,exact,assets/重樱/30186_风云/skins/fengyun_3
重樱,风云,烟火之夜、静谧之海,fengyun_2,exact,assets/重樱/30186_风云/skins/fengyun_2
重樱,风云,热茶与女仆修行,fengyun_4,exact,assets/重樱/30186_风云/skins/fengyun_4
重樱,飞鹰,飞鹰,feiying,exact,assets/重樱/30601_飞鹰/skins/feiying
重樱,飞龙,飞龙,feilong,exact,assets/重樱/30704_飞龙/skins/feilong
重樱,飞龙,放学后的极道少女,feilong_2,exact,assets/重樱/30704_飞龙/skins/feilong_2
重樱,飞龙,飞龙.改,feilong_g,exact,assets/重樱/30704_飞龙/skins/feilong_g
重樱,骏河,骏河,junhe,exact,assets/重樱/30514_骏河/skins/junhe
重樱,骏河,百花庆云,junhe_5,exact,assets/重樱/30514_骏河/skins/junhe_5
重樱,骏河,偶遇的优等生,junhe_3,exact,assets/重樱/30514_骏河/skins/junhe_3
重樱,骏河,“不情愿”的圣夜祭,junhe_4,exact,assets/重樱/30514_骏河/skins/junhe_4
重樱,高梁,高梁,gaoliang,exact,assets/重樱/39908_高梁/skins/gaoliang
重樱,高雄,高雄,gaoxiong,exact,assets/重樱/30311_高雄/skins/gaoxiong
重樱,高雄,沙滩狂想曲,gaoxiong_2,exact,assets/重樱/30311_高雄/skins/gaoxiong_2
重樱,高雄,春之意,gaoxiong_3,exact,assets/重樱/30311_高雄/skins/gaoxiong_3
重樱,高雄,校园浪漫曲,gaoxiong_4,exact,assets/重樱/30311_高雄/skins/gaoxiong_4
重樱,高雄,至高焦点,gaoxiong_5,exact,assets/重樱/30311_高雄/skins/gaoxiong_5
重樱,高雄,破魔舰术-神护-,gaoxiong_6,exact,assets/重樱/30311_高雄/skins/gaoxiong_6
重樱,高雄,武者的“内在”修养,gaoxiong_7,exact,assets/重樱/30311_高雄/skins/gaoxiong_7
重樱,高雄,神护樱华,gaoxiong_h,exact,assets/重樱/30311_高雄/skins/gaoxiong_h
重樱,鬼怒,鬼怒,guinu,exact,assets/重樱/30208_鬼怒/skins/guinu
重樱,鬼怒,新年的剑鬼,guinu_2,exact,assets/重樱/30208_鬼怒/skins/guinu_2
重樱,鬼怒,Token＆Ghost,guinu_3,exact,assets/重樱/30208_鬼怒/skins/guinu_3
重樱,鬼怒,鬼怒.改,guinu_g,exact,assets/重樱/30208_鬼怒/skins/guinu_g
重樱,鸟海,鸟海,niaohai,exact,assets/重樱/30314_鸟海/skins/niaohai
重樱,鸟海,清心风景,niaohai_2,exact,assets/重樱/30314_鸟海/skins/niaohai_2
重樱,鸟海,偷心怪盗,niaohai_3,exact,assets/重樱/30314_鸟海/skins/niaohai_3
重樱,黑潮,黑潮,heichao,exact,assets/重樱/30127_黑潮/skins/heichao
重樱,龙凤,龙凤,longfeng,exact,assets/重樱/30607_龙凤/skins/longfeng
重樱,龙凤,凤舞新年,longfeng_2,exact,assets/重樱/30607_龙凤/skins/longfeng_2
重樱,龙骧,龙骧,longxiang,exact,assets/重樱/30606_龙骧/skins/longxiang
重樱,龙骧,干物武士？,longxiang_2,exact,assets/重樱/30606_龙骧/skins/longxiang_2
重樱,龙骧,课后狩猎时间,longxiang_3,exact,assets/重樱/30606_龙骧/skins/longxiang_3
重樱,龙骧,降龙滑梯——！,longxiang_4,exact,assets/重樱/30606_龙骧/skins/longxiang_4
铁血,U-101,U-101,u101,exact,assets/铁血/40806_U-101/skins/u101
铁血,U-101,学园的Posaunist,u101_2,exact,assets/铁血/40806_U-101/skins/u101_2
铁血,U-110,U-110,u110,exact,assets/铁血/40808_U-110/skins/u110
铁血,U-110,Kleiner Hai,u110_2,exact,assets/铁血/40808_U-110/skins/u110_2
铁血,U-110,鲨鱼小可爱,u110_3,exact,assets/铁血/40808_U-110/skins/u110_3
铁血,U-110,Girlish Idolish,u110_4,exact,assets/铁血/40808_U-110/skins/u110_4
铁血,U-110,小鲨鱼的初梦,u110_5,exact,assets/铁血/40808_U-110/skins/u110_5
铁血,U-110,雪地小鲨鱼,u110_6,exact,assets/铁血/40808_U-110/skins/u110_6
铁血,U-1206,U-1206,u1206,exact,assets/铁血/40812_U-1206/skins/u1206
铁血,U-1206,需要服务请按铃！,u1206_2,exact,assets/铁血/40812_U-1206/skins/u1206_2
铁血,U-2501,U-2501,u2501,exact,assets/铁血/40815_U-2501/skins/u2501
铁血,U-2501,水幕后的珍宝,u2501_2,exact,assets/铁血/40815_U-2501/skins/u2501_2
铁血,U-31,U-31,u31,exact,assets/铁血/40813_U-31/skins/u31
铁血,U-31,在一起回家之前,u31_2,exact,assets/铁血/40813_U-31/skins/u31_2
铁血,U-37,U-37,u37,exact,assets/铁血/40810_U-37/skins/u37
铁血,U-37,轻弹浅唱正月时,u37_2,exact,assets/铁血/40810_U-37/skins/u37_2
铁血,U-37,公路维和组，出击！,u37_3,exact,assets/铁血/40810_U-37/skins/u37_3
铁血,U-410,U-410,u410,exact,assets/铁血/40811_U-410/skins/u410
铁血,U-410,寒梅映春,u410_2,exact,assets/铁血/40811_U-410/skins/u410_2
铁血,U-410,悠然应援练习,u410_3,exact,assets/铁血/40811_U-410/skins/u410_3
铁血,U-410,特殊素材 · chess_u410,chess_u410,variant,assets/铁血/40811_U-410/skins/chess_u410
铁血,U-47,U-47,u47,exact,assets/铁血/40802_U-47/skins/u47
铁血,U-47,新晋骑行达人？,u47_2,exact,assets/铁血/40802_U-47/skins/u47_2
铁血,U-47,静谧一隅,u47_3,exact,assets/铁血/40802_U-47/skins/u47_3
铁血,U-47,女仆极速达,u47_4,exact,assets/铁血/40802_U-47/skins/u47_4
铁血,U-47,赤月下的慵懒,u47_5,exact,assets/铁血/40802_U-47/skins/u47_5
铁血,U-47,锦鲤捕获作战,u47_6,exact,assets/铁血/40802_U-47/skins/u47_6
铁血,U-522,U-522,u522,exact,assets/铁血/40807_U-522/skins/u522
铁血,U-552,U-552,u552,exact,assets/铁血/40814_U-552/skins/u552
铁血,U-552,导游？特工？特别观光服务！ ,u552_2,exact,assets/铁血/40814_U-552/skins/u552_2
铁血,U-556,U-556,u556,exact,assets/铁血/40804_U-556/skins/u556
铁血,U-556,嬉闹之夜！,u556_2,exact,assets/铁血/40804_U-556/skins/u556_2
铁血,U-556,Cruiserush Knight,u556_3,exact,assets/铁血/40804_U-556/skins/u556_3
铁血,U-557,U-557,u557,exact,assets/铁血/40803_U-557/skins/u557
铁血,U-73,U-73,u73,exact,assets/铁血/40805_U-73/skins/u73
铁血,U-73,理科实验时间！,u73_3,exact,assets/铁血/40805_U-73/skins/u73_3
铁血,U-73,早春的热情药剂,u73_4,exact,assets/铁血/40805_U-73/skins/u73_4
铁血,U-81,U-81,u81,exact,assets/铁血/40801_U-81/skins/u81
铁血,U-81,静谧小夜曲,u81_2,exact,assets/铁血/40801_U-81/skins/u81_2
铁血,U-81,灯映满月,u81_3,exact,assets/铁血/40801_U-81/skins/u81_3
铁血,U-96,U-96,u96,exact,assets/铁血/40809_U-96/skins/u96
铁血,U-96,秘密的游戏时间,u96_2,exact,assets/铁血/40809_U-96/skins/u96_2
铁血,U-96,流汗吧，举重少女！,u96_3,exact,assets/铁血/40809_U-96/skins/u96_3
铁血,U-96,wolfen dolly,u96_4,exact,assets/铁血/40809_U-96/skins/u96_4
铁血,Z1,Z1,z1,exact,assets/铁血/40101_Z1/skins/z1
铁血,Z1,“叛逆”的优等生,z1_2,exact,assets/铁血/40101_Z1/skins/z1_2
铁血,Z1,Z1.改,z1_g,exact,assets/铁血/40101_Z1/skins/z1_g
铁血,Z1,特殊素材 · z1_hx,z1_hx,variant,assets/铁血/40101_Z1/skins/z1_hx
铁血,Z11,Z11,z11,exact,assets/铁血/40111_Z11/skins/z11
铁血,Z11,求助时间到！,z11_2,exact,assets/铁血/40111_Z11/skins/z11_2
铁血,Z11,鼓起勇气的诊断时间,z11_3,exact,assets/铁血/40111_Z11/skins/z11_3
铁血,Z13,Z13,z13,exact,assets/铁血/40113_Z13/skins/z13
铁血,Z13,战略性约会进行时 ,z13_2,exact,assets/铁血/40113_Z13/skins/z13_2
铁血,Z14,Z14,z14,exact,assets/铁血/40114_Z14/skins/z14
铁血,Z14,夏日、晴空、意外迷路？！,z14_2,exact,assets/铁血/40114_Z14/skins/z14_2
铁血,Z15,Z15,z15,exact,assets/铁血/40115_Z15/skins/z15
铁血,Z15,水上的心跳“意外”,z15_2,exact,assets/铁血/40115_Z15/skins/z15_2
铁血,Z16,Z16,z16,exact,assets/铁血/40116_Z16/skins/z16
铁血,Z16,必胜全垒打！,z16_2,exact,assets/铁血/40116_Z16/skins/z16_2
铁血,Z18,Z18,z18,exact,assets/铁血/40118_Z18/skins/z18
铁血,Z19,Z19,z19,exact,assets/铁血/40119_Z19/skins/z19
铁血,Z2,Z2,z2,exact,assets/铁血/40102_Z2/skins/z2
铁血,Z2,异色的日常风景,z2_2,exact,assets/铁血/40102_Z2/skins/z2_2
铁血,Z2,夜色锦鲤,z2_3,exact,assets/铁血/40102_Z2/skins/z2_3
铁血,Z20,Z20,z20,exact,assets/铁血/40120_Z20/skins/z20
铁血,Z21,Z21,z21,exact,assets/铁血/40121_Z21/skins/z21
铁血,Z23,Z23,z23,exact,assets/铁血/40123_Z23/skins/z23
铁血,Z23,哲学讲师,z23_2,exact,assets/铁血/40123_Z23/skins/z23_2
铁血,Z23,非正式沙滩排球赛,z23_7,exact,assets/铁血/40123_Z23/skins/z23_7
铁血,Z23,标准笑容？,z23_4,exact,assets/铁血/40123_Z23/skins/z23_4
铁血,Z23,宴会上的优等生,z23_3,exact,assets/铁血/40123_Z23/skins/z23_3
铁血,Z23,新设基地・茶店体验,z23_8,exact,assets/铁血/40123_Z23/skins/z23_8
铁血,Z23,正经偶像·经纪人担当？,z23_5,exact,assets/铁血/40123_Z23/skins/z23_5
铁血,Z23,书架边的“风景”？,z23_6,exact,assets/铁血/40123_Z23/skins/z23_6
铁血,Z23,黑曜的嫁衣,z23_h,exact,assets/铁血/40123_Z23/skins/z23_h
铁血,Z23,Z23.改,z23_g,exact,assets/铁血/40123_Z23/skins/z23_g
铁血,Z23,秘密的起居室,z23_9,exact,assets/铁血/40123_Z23/skins/z23_9
铁血,Z23,薯条，以及笑容！,z23_11,exact,assets/铁血/40123_Z23/skins/z23_11
铁血,Z23,强化失败？！,z23_10,exact,assets/铁血/40123_Z23/skins/z23_10
铁血,Z23,舞会与黑蔷薇,z23_12,exact,assets/铁血/40123_Z23/skins/z23_12
铁血,Z23,案上墨戏,z23_13,exact,assets/铁血/40123_Z23/skins/z23_13
铁血,Z23,特殊素材 · gift_z23,gift_z23,variant,assets/铁血/40123_Z23/skins/gift_z23
铁血,Z23,特殊素材 · takegift_z23,takegift_z23,variant,assets/铁血/40123_Z23/skins/takegift_z23
铁血,Z23,特殊素材 · z23_hx,z23_hx,variant,assets/铁血/40123_Z23/skins/z23_hx
铁血,Z24,Z24,z24,exact,assets/铁血/40124_Z24/skins/z24
铁血,Z24,「魔王」的祝祭,z24_2,exact,assets/铁血/40124_Z24/skins/z24_2
铁血,Z24,球场上的小恶魔,z24_3,exact,assets/铁血/40124_Z24/skins/z24_3
铁血,Z24,夜色下的赤红之舞,z24_4,exact,assets/铁血/40124_Z24/skins/z24_4
铁血,Z25,Z25,z25,exact,assets/铁血/40125_Z25/skins/z25
铁血,Z25,暑夏的海风,z25_2,exact,assets/铁血/40125_Z25/skins/z25_2
铁血,Z26,Z26,z26,exact,assets/铁血/40126_Z26/skins/z26
铁血,Z26,友好的分享时间,z26_2,exact,assets/铁血/40126_Z26/skins/z26_2
铁血,Z28,Z28,z28,exact,assets/铁血/40128_Z28/skins/z28
铁血,Z28,新年大杂烩！,z28_3,exact,assets/铁血/40128_Z28/skins/z28_3
铁血,Z28,森林中的派对,z28_4,exact,assets/铁血/40128_Z28/skins/z28_4
铁血,Z28,特殊素材 · z28_hx,z28_hx,variant,assets/铁血/40128_Z28/skins/z28_hx
铁血,Z35,Z35,z35,exact,assets/铁血/40135_Z35/skins/z35
铁血,Z35,projekt Kirschblüte,z35_2,exact,assets/铁血/40135_Z35/skins/z35_2
铁血,Z35,店里的可爱天使,z35_3,exact,assets/铁血/40135_Z35/skins/z35_3
铁血,Z35,由爱延展的天空,z35_4,exact,assets/铁血/40135_Z35/skins/z35_4
铁血,Z36,Z36,z36,exact,assets/铁血/40136_Z36/skins/z36
铁血,Z43,Z43,z43,exact,assets/铁血/40143_Z43/skins/z43
铁血,Z43,两个人的秘密基地,z43_2,exact,assets/铁血/40143_Z43/skins/z43_2
铁血,Z46,Z46,z46,exact,assets/铁血/40146_Z46/skins/z46
铁血,Z46,夏之初体验,z46_2,exact,assets/铁血/40146_Z46/skins/z46_2
铁血,Z46,少女的借物竞赛,z46_3,exact,assets/铁血/40146_Z46/skins/z46_3
铁血,Z46,未知的闪亮舞台,z46_4,exact,assets/铁血/40146_Z46/skins/z46_4
铁血,Z46,剪纸幻梦,z46_5,exact,assets/铁血/40146_Z46/skins/z46_5
铁血,Z46,无尽的尘埃之战,z46_6,exact,assets/铁血/40146_Z46/skins/z46_6
铁血,Z46,哈梅林的吟游诗人,z46_7,exact,assets/铁血/40146_Z46/skins/z46_7
铁血,Z47,Z47,z47,exact,assets/铁血/40147_Z47/skins/z47
铁血,Z47,跷跷板上的嬉戏时间,z47_2,exact,assets/铁血/40147_Z47/skins/z47_2
铁血,Z47,击球手★全垒打,z47_3,exact,assets/铁血/40147_Z47/skins/z47_3
铁血,Z52,Z52,z52,exact,assets/铁血/40152_Z52/skins/z52
铁血,Z52,疾驰而来的兔小姐！,z52_2,exact,assets/铁血/40152_Z52/skins/z52_2
铁血,Z52,Sprintender Sommer！,z52_3,exact,assets/铁血/40152_Z52/skins/z52_3
铁血,Z9,Z9,z9,exact,assets/铁血/40109_Z9/skins/z9
铁血,Z9,甜蜜饮品宣传中！,z9_2,exact,assets/铁血/40109_Z9/skins/z9_2
铁血,乌尔里希·冯·胡滕,乌尔里希·冯·胡滕,wuerlixi,exact,assets/铁血/40503_乌尔里希·冯·胡滕/skins/wuerlixi
铁血,乌尔里希·冯·胡滕,Mädchen Trümmer,wuerlixi_2,exact,assets/铁血/40503_乌尔里希·冯·胡滕/skins/wuerlixi_2
铁血,乌尔里希·冯·胡滕,一骑绝尘,wuerlixi_3,exact,assets/铁血/40503_乌尔里希·冯·胡滕/skins/wuerlixi_3
铁血,乌尔里希·冯·胡滕,在教室中等待,wuerlixi_4,exact,assets/铁血/40503_乌尔里希·冯·胡滕/skins/wuerlixi_4
铁血,乌尔里希·冯·胡滕,Liebestrank（迷魂酒/爱情魔药）,wuerlixi_h,exact,assets/铁血/40503_乌尔里希·冯·胡滕/skins/wuerlixi_h
铁血,亚尔薇特,亚尔薇特,yaerweite,exact,assets/铁血/40406_亚尔薇特/skins/yaerweite
铁血,亚尔薇特,灼热中的秘密,yaerweite_2,exact,assets/铁血/40406_亚尔薇特/skins/yaerweite_2
铁血,亚德,亚德,yade,exact,assets/铁血/40603_亚德/skins/yade
铁血,亚德,清凉一夏,yade_2,exact,assets/铁血/40603_亚德/skins/yade_2
铁血,亚德,魔女的心跳魔法,yade_3,exact,assets/铁血/40603_亚德/skins/yade_3
铁血,俾斯麦,俾斯麦,bisimai,exact,assets/铁血/40501_俾斯麦/skins/bisimai
铁血,俾斯麦,铁血的辉光,bisimai_2,exact,assets/铁血/40501_俾斯麦/skins/bisimai_2
铁血,俾斯麦,黑铁·至福乐土,bisimai_3,exact,assets/铁血/40501_俾斯麦/skins/bisimai_3
铁血,俾斯麦,未完成的圣诞惊喜,bisimai_4,exact,assets/铁血/40501_俾斯麦/skins/bisimai_4
铁血,俾斯麦,Wedding Dominion,bisimai_h,exact,assets/铁血/40501_俾斯麦/skins/bisimai_h
铁血,俾斯麦Zwei,俾斯麦Zwei,bisimaiz,exact,assets/铁血/40505_俾斯麦Zwei/skins/bisimaiz
铁血,俾斯麦Zwei,清澈假日,bisimaiz_2,exact,assets/铁血/40505_俾斯麦Zwei/skins/bisimaiz_2
铁血,俾斯麦Zwei,沐光缀心,bisimaiz_3,exact,assets/铁血/40505_俾斯麦Zwei/skins/bisimaiz_3
铁血,俾斯麦Zwei,特殊素材 · bisimaiz_jianzhuang,bisimaiz_jianzhuang,variant,assets/铁血/40505_俾斯麦Zwei/skins/bisimaiz_jianzhuang
铁血,兴登堡,兴登堡,xingdengbao,exact,assets/铁血/49909_兴登堡/skins/xingdengbao
铁血,兴登堡,微醺胜负,xingdengbao_2,exact,assets/铁血/49909_兴登堡/skins/xingdengbao_2
铁血,兴登堡,深阁舞戏,xingdengbao_3,exact,assets/铁血/49909_兴登堡/skins/xingdengbao_3
铁血,卡尔斯鲁厄,卡尔斯鲁厄,kaersilue,exact,assets/铁血/40202_卡尔斯鲁厄/skins/kaersilue
铁血,卡尔斯鲁厄,卡尔斯鲁厄.改,kaersilue_g,exact,assets/铁血/40202_卡尔斯鲁厄/skins/kaersilue_g
铁血,吕佐夫,吕佐夫,lvzuofu,exact,assets/铁血/40404_吕佐夫/skins/lvzuofu
铁血,吕佐夫,永夜的赤之贵族,lvzuofu_2,exact,assets/铁血/40404_吕佐夫/skins/lvzuofu_2
铁血,吕佐夫,请趁热享用♪,lvzuofu_3,exact,assets/铁血/40404_吕佐夫/skins/lvzuofu_3
铁血,吕佐夫,纯白的睡美人,lvzuofu_h,exact,assets/铁血/40404_吕佐夫/skins/lvzuofu_h
铁血,图林根,图林根,tulingen,exact,assets/铁血/40504_图林根/skins/tulingen
铁血,图林根,月下的大清扫,tulingen_2,exact,assets/铁血/40504_图林根/skins/tulingen_2
铁血,埃吉尔,埃吉尔,aijier,exact,assets/铁血/49905_埃吉尔/skins/aijier
铁血,埃吉尔,港区的龙女仆,aijier_2,exact,assets/铁血/49905_埃吉尔/skins/aijier_2
铁血,埃吉尔,金龙腾祥云,aijier_3,exact,assets/铁血/49905_埃吉尔/skins/aijier_3
铁血,埃吉尔,私密闲暇时,aijier_4,exact,assets/铁血/49905_埃吉尔/skins/aijier_4
铁血,埃吉尔,特殊素材 · aijier_3_hx,aijier_3_hx,variant,assets/铁血/49905_埃吉尔/skins/aijier_3_hx
铁血,埃姆登,埃姆登,aimudeng,exact,assets/铁血/40207_埃姆登/skins/aimudeng
铁血,埃姆登,黑白的夜之主,aimudeng_2,exact,assets/铁血/40207_埃姆登/skins/aimudeng_2
铁血,埃姆登,探求的水月之涧,aimudeng_3,exact,assets/铁血/40207_埃姆登/skins/aimudeng_3
铁血,埃姆登,引路的双轨极星,aimudeng_4,exact,assets/铁血/40207_埃姆登/skins/aimudeng_4
铁血,埃姆登,水畔的夕暮私语,aimudeng_5,exact,assets/铁血/40207_埃姆登/skins/aimudeng_5
铁血,埃尔宾,埃尔宾,aierbin,exact,assets/铁血/40208_埃尔宾/skins/aierbin
铁血,埃尔宾,幻梦的普洛塞庇娜,aierbin_2,exact,assets/铁血/40208_埃尔宾/skins/aierbin_2
铁血,埃尔宾,不眠之夜的愿望,aierbin_3,exact,assets/铁血/40208_埃尔宾/skins/aierbin_3
铁血,埃尔宾,春灯佳人,aierbin_4,exact,assets/铁血/40208_埃尔宾/skins/aierbin_4
铁血,塞德利茨,塞德利茨,saidelici,exact,assets/铁血/40403_塞德利茨/skins/saidelici
铁血,塞德利茨,黯灭之系谱,saidelici_4,exact,assets/铁血/40403_塞德利茨/skins/saidelici_4
铁血,塞德利茨,绽放的苍之华,saidelici_6,exact,assets/铁血/40403_塞德利茨/skins/saidelici_6
铁血,塞德利茨,街头的清冽瞬间,saidelici_7,exact,assets/铁血/40403_塞德利茨/skins/saidelici_7
铁血,塞德利茨,双面危局,saidelici_8,exact,assets/铁血/40403_塞德利茨/skins/saidelici_8
铁血,奥丁,奥丁,aoding,exact,assets/铁血/49904_奥丁/skins/aoding
铁血,奥丁,挥毫苍雪,aoding_2,exact,assets/铁血/49904_奥丁/skins/aoding_2
铁血,奥古斯特·冯·帕塞瓦尔,奥古斯特·冯·帕塞瓦尔,aogusite,exact,assets/铁血/49906_奥古斯特·冯·帕塞瓦尔/skins/aogusite
铁血,奥古斯特·冯·帕塞瓦尔,女仆魔女,aogusite_2,exact,assets/铁血/49906_奥古斯特·冯·帕塞瓦尔/skins/aogusite_2
铁血,奥古斯特·冯·帕塞瓦尔,被阳光照亮之时,aogusite_3,exact,assets/铁血/49906_奥古斯特·冯·帕塞瓦尔/skins/aogusite_3
铁血,奥古斯特·冯·帕塞瓦尔,与“魔女”的星夜之约,aogusite_4,exact,assets/铁血/49906_奥古斯特·冯·帕塞瓦尔/skins/aogusite_4
铁血,奥托·冯·阿尔文斯莱本,奥托·冯·阿尔文斯莱本,aotuo,exact,assets/铁血/40199_奥托·冯·阿尔文斯莱本/skins/aotuo
铁血,奥托·冯·阿尔文斯莱本,猎物与陷阱？,aotuo_2,exact,assets/铁血/40199_奥托·冯·阿尔文斯莱本/skins/aotuo_2
铁血,奥托·冯·阿尔文斯莱本,笨女仆大危机？！,aotuo_3,exact,assets/铁血/40199_奥托·冯·阿尔文斯莱本/skins/aotuo_3
铁血,威悉,威悉,weixi,exact,assets/铁血/40601_威悉/skins/weixi
铁血,威悉,暗金绣色,weixi_3,exact,assets/铁血/40601_威悉/skins/weixi_3
铁血,威悉,黯调铅华,weixi_2,exact,assets/铁血/40601_威悉/skins/weixi_2
铁血,威悉,碧波粼粼的乐园,weixi_4,exact,assets/铁血/40601_威悉/skins/weixi_4
铁血,威悉,Offtime Cafe,weixi_5,exact,assets/铁血/40601_威悉/skins/weixi_5
铁血,小埃吉尔,小埃吉尔,aijier_younv,exact,assets/铁血/40316_小埃吉尔/skins/aijier_younv
铁血,小斯佩,小斯佩,sipeibojue_younv,exact,assets/铁血/40313_小斯佩/skins/sipeibojue_younv
铁血,小欧根,小欧根,ougen_younv,exact,assets/铁血/40312_小欧根/skins/ougen_younv
铁血,小腓特烈,小腓特烈,feiteliedadi_younv,exact,assets/铁血/40506_小腓特烈/skins/feiteliedadi_younv
铁血,小齐柏林,小齐柏林,qibolin_younv,exact,assets/铁血/40702_小齐柏林/skins/qibolin_younv
铁血,布伦希尔德,布伦希尔德,bulunxierde,exact,assets/铁血/40405_布伦希尔德/skins/bulunxierde
铁血,布伦希尔德,挑战·趣味障碍赛！,bulunxierde_2,exact,assets/铁血/40405_布伦希尔德/skins/bulunxierde_2
铁血,布吕歇尔,布吕歇尔,bulvxieer,exact,assets/铁血/40302_布吕歇尔/skins/bulvxieer
铁血,布吕歇尔,急转直下的Fallinlove,bulvxieer_2,exact,assets/铁血/40302_布吕歇尔/skins/bulvxieer_2
铁血,布吕歇尔,扶摇直上的BurningLove,bulvxieer_3,exact,assets/铁血/40302_布吕歇尔/skins/bulvxieer_3
铁血,布吕歇尔,放学后的等待,bulvxieer_4,exact,assets/铁血/40302_布吕歇尔/skins/bulvxieer_4
铁血,布吕歇尔,特殊素材 · bulvxieer_2_hx,bulvxieer_2_hx,variant,assets/铁血/40302_布吕歇尔/skins/bulvxieer_2_hx
铁血,布吕歇尔,特殊素材 · bulvxieer_hx,bulvxieer_hx,variant,assets/铁血/40302_布吕歇尔/skins/bulvxieer_hx
铁血,希佩尔海军上将,希佩尔海军上将,xipeierhaijunshangjiang,exact,assets/铁血/40301_希佩尔海军上将/skins/xipeierhaijunshangjiang
铁血,希佩尔海军上将,阳光下的温泉街,xipeierhaijunshangjiang_3,exact,assets/铁血/40301_希佩尔海军上将/skins/xipeierhaijunshangjiang_3
铁血,希佩尔海军上将,希佩尔海军上将·改,xipeierhaijunshangjiang_g,exact,assets/铁血/40301_希佩尔海军上将/skins/xipeierhaijunshangjiang_g
铁血,希佩尔海军上将,特殊素材 · xipeierhaijunshangjiang_3_hx,xipeierhaijunshangjiang_3_hx,variant,assets/铁血/40301_希佩尔海军上将/skins/xipeierhaijunshangjiang_3_hx
铁血,希佩尔海军上将,特殊素材 · xipeierhaijunshangjiang_hx,xipeierhaijunshangjiang_hx,variant,assets/铁血/40301_希佩尔海军上将/skins/xipeierhaijunshangjiang_hx
铁血,希佩尔海军上将(μ兵装),希佩尔海军上将(μ兵装),xipeier_idol,exact,assets/铁血/40307_希佩尔海军上将(μ兵装)/skins/xipeier_idol
铁血,希佩尔海军上将(μ兵装),特殊素材 · xipeier_idol_hx,xipeier_idol_hx,variant,assets/铁血/40307_希佩尔海军上将(μ兵装)/skins/xipeier_idol_hx
铁血,弗里茨·鲁梅,弗里茨·鲁梅,fulici,exact,assets/铁血/40704_弗里茨·鲁梅/skins/fulici
铁血,弗里茨·鲁梅,Schwarzes Kaninchen,fulici_2,exact,assets/铁血/40704_弗里茨·鲁梅/skins/fulici_2
铁血,弗里茨·鲁梅,暮色邀约,fulici_3,exact,assets/铁血/40704_弗里茨·鲁梅/skins/fulici_3
铁血,彼得·史特拉塞,彼得·史特拉塞,shitelasai,exact,assets/铁血/40703_彼得·史特拉塞/skins/shitelasai
铁血,彼得·史特拉塞,节庆的Chronos,shitelasai_2,exact,assets/铁血/40703_彼得·史特拉塞/skins/shitelasai_2
铁血,彼得·史特拉塞,Weiß Uhrzeiger,shitelasai_3,exact,assets/铁血/40703_彼得·史特拉塞/skins/shitelasai_3
铁血,彼得·史特拉塞,书房的守护骑士,shitelasai_4,exact,assets/铁血/40703_彼得·史特拉塞/skins/shitelasai_4
铁血,彼得·史特拉塞,特殊素材 · shitelasai_hx,shitelasai_hx,variant,assets/铁血/40703_彼得·史特拉塞/skins/shitelasai_hx
铁血,德意志,德意志,deyizhi,exact,assets/铁血/40304_德意志/skins/deyizhi
铁血,德意志,漆黑的魔姬,deyizhi_2,exact,assets/铁血/40304_德意志/skins/deyizhi_2
铁血,德意志,艳阳下的“福利”时间,deyizhi_3,exact,assets/铁血/40304_德意志/skins/deyizhi_3
铁血,德意志,魔姬的夜宴,deyizhi_4,exact,assets/铁血/40304_德意志/skins/deyizhi_4
铁血,德意志,华灯下的支配者,deyizhi_5,exact,assets/铁血/40304_德意志/skins/deyizhi_5
铁血,提尔比茨,提尔比茨,tierbici,exact,assets/铁血/40502_提尔比茨/skins/tierbici
铁血,提尔比茨,冰雪消融的夏日,tierbici_2,exact,assets/铁血/40502_提尔比茨/skins/tierbici_2
铁血,提尔比茨,铁血的冰风,tierbici_3,exact,assets/铁血/40502_提尔比茨/skins/tierbici_3
铁血,提尔比茨,松之节句、白之冰华,tierbici_4,exact,assets/铁血/40502_提尔比茨/skins/tierbici_4
铁血,提尔比茨,独秀的冰华,tierbici_5,exact,assets/铁血/40502_提尔比茨/skins/tierbici_5
铁血,提尔比茨,赛道上的等候,tierbici_6,exact,assets/铁血/40502_提尔比茨/skins/tierbici_6
铁血,提尔比茨,特殊素材 · tierbici_2_hx,tierbici_2_hx,variant,assets/铁血/40502_提尔比茨/skins/tierbici_2_hx
铁血,提尔比茨,特殊素材 · tierbici_3_hx,tierbici_3_hx,variant,assets/铁血/40502_提尔比茨/skins/tierbici_3_hx
铁血,提尔比茨,特殊素材 · tierbici_4_hx,tierbici_4_hx,variant,assets/铁血/40502_提尔比茨/skins/tierbici_4_hx
铁血,提尔比茨,特殊素材 · tierbici_5_hx,tierbici_5_hx,variant,assets/铁血/40502_提尔比茨/skins/tierbici_5_hx
铁血,提尔比茨,特殊素材 · tierbici_6_hx,tierbici_6_hx,variant,assets/铁血/40502_提尔比茨/skins/tierbici_6_hx
铁血,提尔比茨,特殊素材 · tierbici_hx,tierbici_hx,variant,assets/铁血/40502_提尔比茨/skins/tierbici_hx
铁血,斯佩伯爵海军上将,斯佩伯爵海军上将,sipeibojue,exact,assets/铁血/40305_斯佩伯爵海军上将/skins/sipeibojue
铁血,斯佩伯爵海军上将,少女的星期日,sipeibojue_2,exact,assets/铁血/40305_斯佩伯爵海军上将/skins/sipeibojue_2
铁血,斯佩伯爵海军上将,平和的每一天,sipeibojue_3,exact,assets/铁血/40305_斯佩伯爵海军上将/skins/sipeibojue_3
铁血,斯佩伯爵海军上将,未知的晚会,sipeibojue_4,exact,assets/铁血/40305_斯佩伯爵海军上将/skins/sipeibojue_4
铁血,斯佩伯爵海军上将,铁血♥最可爱,sipeibojue_5,exact,assets/铁血/40305_斯佩伯爵海军上将/skins/sipeibojue_5
铁血,斯佩伯爵海军上将,特殊素材 · sipeibojue_zhua,sipeibojue_zhua,variant,assets/铁血/40305_斯佩伯爵海军上将/skins/sipeibojue_zhua
铁血,易北,易北,yibei,exact,assets/铁血/40602_易北/skins/yibei
铁血,易北,错失的高光时刻？,yibei_2,exact,assets/铁血/40602_易北/skins/yibei_2
铁血,易北,清纯的“反派小姐”？,yibei_3,exact,assets/铁血/40602_易北/skins/yibei_3
铁血,曾克海军上将,曾克海军上将,zengkehaijunshangjiang,exact,assets/铁血/40407_曾克海军上将/skins/zengkehaijunshangjiang
铁血,曾克海军上将,心动审讯练习中 ,zengkehaijunshangjiang_2,exact,assets/铁血/40407_曾克海军上将/skins/zengkehaijunshangjiang_2
铁血,杜伊斯堡,杜伊斯堡,duyisibao,exact,assets/铁血/40211_杜伊斯堡/skins/duyisibao
铁血,杜伊斯堡,两人的秘密特训！,duyisibao_2,exact,assets/铁血/40211_杜伊斯堡/skins/duyisibao_2
铁血,杜伊斯堡,特殊素材 · duyisibao_wurenji,duyisibao_wurenji,variant,assets/铁血/40211_杜伊斯堡/skins/duyisibao_wurenji
铁血,柯尼斯堡,柯尼斯堡,kenisibao,exact,assets/铁血/40201_柯尼斯堡/skins/kenisibao
铁血,格奈森瑙,格奈森瑙,genaisennao,exact,assets/铁血/40402_格奈森瑙/skins/genaisennao
铁血,格奈森瑙,梦魇魅影,genaisennao_2,exact,assets/铁血/40402_格奈森瑙/skins/genaisennao_2
铁血,梅克伦堡,梅克伦堡,meikelunbao,exact,assets/铁血/49910_梅克伦堡/skins/meikelunbao
铁血,梅克伦堡,作茧自缚,meikelunbao_2,exact,assets/铁血/49910_梅克伦堡/skins/meikelunbao_2
铁血,梅克伦堡,特殊素材 · meikelunbao_zhanji,meikelunbao_zhanji,variant,assets/铁血/49910_梅克伦堡/skins/meikelunbao_zhanji
铁血,欧根亲王,欧根亲王,ougen,exact,assets/铁血/40303_欧根亲王/skins/ougen
铁血,欧根亲王,永不褪色的笑容,ougen_2,exact,assets/铁血/40303_欧根亲王/skins/ougen_2
铁血,欧根亲王,百花缭乱,ougen_3,exact,assets/铁血/40303_欧根亲王/skins/ougen_3
铁血,欧根亲王,Wein Kornblume,ougen_4,exact,assets/铁血/40303_欧根亲王/skins/ougen_4
铁血,欧根亲王,Final Lap,ougen_5,exact,assets/铁血/40303_欧根亲王/skins/ougen_5
铁血,欧根亲王,沉醉于夜,ougen_6,exact,assets/铁血/40303_欧根亲王/skins/ougen_6
铁血,欧根亲王,闪耀达阵！,ougen_7,exact,assets/铁血/40303_欧根亲王/skins/ougen_7
铁血,欧根亲王,微醺与试探的距离,ougen_8,exact,assets/铁血/40303_欧根亲王/skins/ougen_8
铁血,欧根亲王,命运交响曲,ougen_h,exact,assets/铁血/40303_欧根亲王/skins/ougen_h
铁血,欧根亲王,特殊素材 · ougen_2_hx,ougen_2_hx,variant,assets/铁血/40303_欧根亲王/skins/ougen_2_hx
铁血,欧根亲王,特殊素材 · ougen_3_hx,ougen_3_hx,variant,assets/铁血/40303_欧根亲王/skins/ougen_3_hx
铁血,欧根亲王,特殊素材 · ougen_hx,ougen_hx,variant,assets/铁血/40303_欧根亲王/skins/ougen_hx
铁血,欧根亲王(μ兵装),欧根亲王(μ兵装),ougen_idol,exact,assets/铁血/40315_欧根亲王(μ兵装)/skins/ougen_idol
铁血,沙恩霍斯特,沙恩霍斯特,shaenhuosite,exact,assets/铁血/40401_沙恩霍斯特/skins/shaenhuosite
铁血,沙恩霍斯特,雪豹与白梅,shaenhuosite_2,exact,assets/铁血/40401_沙恩霍斯特/skins/shaenhuosite_2
铁血,海因里希亲王,海因里希亲王,haiyinlixi,exact,assets/铁血/40309_海因里希亲王/skins/haiyinlixi
铁血,海因里希亲王,花火烂漫的春绘卷,haiyinlixi_3,exact,assets/铁血/40309_海因里希亲王/skins/haiyinlixi_3
铁血,海因里希亲王,泳池边的救生兔(?),haiyinlixi_2,exact,assets/铁血/40309_海因里希亲王/skins/haiyinlixi_2
铁血,海因里希亲王,暗处的秘密老大？,haiyinlixi_5,exact,assets/铁血/40309_海因里希亲王/skins/haiyinlixi_5
铁血,海因里希亲王,专属舞台·Heinrich,haiyinlixi_4,exact,assets/铁血/40309_海因里希亲王/skins/haiyinlixi_4
铁血,海因里希亲王,特殊素材 · haiyinlixi_2_hx,haiyinlixi_2_hx,variant,assets/铁血/40309_海因里希亲王/skins/haiyinlixi_2_hx
铁血,海因里希亲王,特殊素材 · haiyinlixi_3_hx,haiyinlixi_3_hx,variant,assets/铁血/40309_海因里希亲王/skins/haiyinlixi_3_hx
铁血,海因里希亲王,特殊素材 · haiyinlixi_5_hx,haiyinlixi_5_hx,variant,assets/铁血/40309_海因里希亲王/skins/haiyinlixi_5_hx
铁血,海因里希亲王,特殊素材 · haiyinlixi_hx,haiyinlixi_hx,variant,assets/铁血/40309_海因里希亲王/skins/haiyinlixi_hx
铁血,科隆,科隆,kelong,exact,assets/铁血/40203_科隆/skins/kelong
铁血,科隆,科隆.改,kelong_g,exact,assets/铁血/40203_科隆/skins/kelong_g
铁血,约克,约克,yueke_ger,exact,assets/铁血/40311_约克/skins/yueke_ger
铁血,约克,朱月的破坏者,yueke_ger_2,exact,assets/铁血/40311_约克/skins/yueke_ger_2
铁血,约克,相伴于泳池之夜,yueke_ger_3,exact,assets/铁血/40311_约克/skins/yueke_ger_3
铁血,约克,幻夜绮舞,yueke_ger_4,exact,assets/铁血/40311_约克/skins/yueke_ger_4
铁血,纽伦堡,纽伦堡,niulunbao,exact,assets/铁血/40205_纽伦堡/skins/niulunbao
铁血,纽伦堡,正月的漫游,niulunbao_2,exact,assets/铁血/40205_纽伦堡/skins/niulunbao_2
铁血,罗恩,罗恩,luoen,exact,assets/铁血/49901_罗恩/skins/luoen
铁血,罗恩,暗红色的微笑,luoen_2,exact,assets/铁血/49901_罗恩/skins/luoen_2
铁血,罗恩,苍翠的安眠曲,luoen_4,exact,assets/铁血/49901_罗恩/skins/luoen_4
铁血,罗恩,暗夜的悸动,luoen_5,exact,assets/铁血/49901_罗恩/skins/luoen_5
铁血,罗恩,拥抱深渊,luoen_h,exact,assets/铁血/49901_罗恩/skins/luoen_h
铁血,罗恩(μ兵装),罗恩(μ兵装),luoen_idol,exact,assets/铁血/40308_罗恩(μ兵装)/skins/luoen_idol
铁血,美因茨,美因茨,meiyinci,exact,assets/铁血/49903_美因茨/skins/meiyinci
铁血,美因茨,薄雾轻纱,meiyinci_2,exact,assets/铁血/49903_美因茨/skins/meiyinci_2
铁血,美因茨,静雅之所的安逸,meiyinci_3,exact,assets/铁血/49903_美因茨/skins/meiyinci_3
铁血,腓特烈·卡尔,腓特烈·卡尔,feiteliekaer,exact,assets/铁血/40314_腓特烈·卡尔/skins/feiteliekaer
铁血,腓特烈·卡尔,沉溺于爱的游戏,feiteliekaer_2,exact,assets/铁血/40314_腓特烈·卡尔/skins/feiteliekaer_2
铁血,腓特烈·卡尔,夏日防晒计划,feiteliekaer_3,exact,assets/铁血/40314_腓特烈·卡尔/skins/feiteliekaer_3
铁血,腓特烈·卡尔,午夜频道,feiteliekaer_4,exact,assets/铁血/40314_腓特烈·卡尔/skins/feiteliekaer_4
铁血,腓特烈大帝,腓特烈大帝,feiteliedadi,exact,assets/铁血/49902_腓特烈大帝/skins/feiteliedadi
铁血,腓特烈大帝,雅乐的黯衣,feiteliedadi_2,exact,assets/铁血/49902_腓特烈大帝/skins/feiteliedadi_2
铁血,腓特烈大帝,相会于盛夏之夜,feiteliedadi_3,exact,assets/铁血/49902_腓特烈大帝/skins/feiteliedadi_3
铁血,腓特烈大帝,红封之礼,feiteliedadi_4,exact,assets/铁血/49902_腓特烈大帝/skins/feiteliedadi_4
铁血,腓特烈大帝,携心夜烛,feiteliedadi_5,exact,assets/铁血/49902_腓特烈大帝/skins/feiteliedadi_5
铁血,腓特烈大帝,摇篮的Zeremonie,feiteliedadi_h,exact,assets/铁血/49902_腓特烈大帝/skins/feiteliedadi_h
铁血,腓特烈大帝,特殊素材 · feiteliedadi_2_hx,feiteliedadi_2_hx,variant,assets/铁血/49902_腓特烈大帝/skins/feiteliedadi_2_hx
铁血,腓特烈大帝,特殊素材 · feiteliedadi_h_hx,feiteliedadi_h_hx,variant,assets/铁血/49902_腓特烈大帝/skins/feiteliedadi_h_hx
铁血,腓特烈大帝,特殊素材 · feiteliedadi_hx,feiteliedadi_hx,variant,assets/铁血/49902_腓特烈大帝/skins/feiteliedadi_hx
铁血,莫里茨亲王,莫里茨亲王,molici,exact,assets/铁血/40317_莫里茨亲王/skins/molici
铁血,莫里茨亲王,神灯小姐的愿望游戏,molici_2,exact,assets/铁血/40317_莫里茨亲王/skins/molici_2
铁血,莱比锡,莱比锡,laibixi,exact,assets/铁血/40204_莱比锡/skins/laibixi
铁血,莱比锡,前台接待·练习中,laibixi_2,exact,assets/铁血/40204_莱比锡/skins/laibixi_2
铁血,莱比锡,莱比锡.改,laibixi_g,exact,assets/铁血/40204_莱比锡/skins/laibixi_g
铁血,菲利克斯·舒尔茨,菲利克斯·舒尔茨,feilikesishuerci,exact,assets/铁血/49908_菲利克斯·舒尔茨/skins/feilikesishuerci
铁血,菲利克斯·舒尔茨,甜蜜的“报复”,feilikesishuerci_2,exact,assets/铁血/49908_菲利克斯·舒尔茨/skins/feilikesishuerci_2
铁血,葛兹·冯·伯利欣根,葛兹·冯·伯利欣根,gezi,exact,assets/铁血/40507_葛兹·冯·伯利欣根/skins/gezi
铁血,葛兹·冯·伯利欣根,赤红之月的幻想,gezi_2,exact,assets/铁血/40507_葛兹·冯·伯利欣根/skins/gezi_2
铁血,葛兹·冯·伯利欣根,特殊素材 · gezi_bianfu,gezi_bianfu,variant,assets/铁血/40507_葛兹·冯·伯利欣根/skins/gezi_bianfu
铁血,阿达尔伯特亲王,阿达尔伯特亲王,adaerbote,exact,assets/铁血/40310_阿达尔伯特亲王/skins/adaerbote
铁血,阿达尔伯特亲王,闭店后的特别时光,adaerbote_2,exact,assets/铁血/40310_阿达尔伯特亲王/skins/adaerbote_2
铁血,阿达尔伯特亲王,浴室中的小小意外,adaerbote_3,exact,assets/铁血/40310_阿达尔伯特亲王/skins/adaerbote_3
铁血,阿达尔伯特亲王,黑与白的魔术师,adaerbote_4,exact,assets/铁血/40310_阿达尔伯特亲王/skins/adaerbote_4
铁血,雷根斯堡,雷根斯堡,leigensibao,exact,assets/铁血/40210_雷根斯堡/skins/leigensibao
铁血,雷根斯堡,暗之龙，光之岸,leigensibao_2,exact,assets/铁血/40210_雷根斯堡/skins/leigensibao_2
铁血,雷根斯堡,仓库中的暗之龙,leigensibao_3,exact,assets/铁血/40210_雷根斯堡/skins/leigensibao_3
铁血,马克斯·殷麦曼,马克斯·殷麦曼,makesi,exact,assets/铁血/49911_马克斯·殷麦曼/skins/makesi
铁血,马格德堡,马格德堡,magedebao,exact,assets/铁血/40206_马格德堡/skins/magedebao
铁血,马格德堡,扫除？喵喵骚乱！,magedebao_3,exact,assets/铁血/40206_马格德堡/skins/magedebao_3
铁血,马格德堡,艳阳闪耀的假日,magedebao_2,exact,assets/铁血/40206_马格德堡/skins/magedebao_2
铁血,鲁普雷希特亲王,鲁普雷希特亲王,lupuleixite,exact,assets/铁血/49907_鲁普雷希特亲王/skins/lupuleixite
铁血,鲁普雷希特亲王,腾龙戏春？,lupuleixite_2,exact,assets/铁血/49907_鲁普雷希特亲王/skins/lupuleixite_2
铁血,鲁普雷希特亲王,Midnight Pearl,lupuleixite_3,exact,assets/铁血/49907_鲁普雷希特亲王/skins/lupuleixite_3
铁血,齐柏林伯爵,齐柏林伯爵,qibolin,exact,assets/铁血/40701_齐柏林伯爵/skins/qibolin
铁血,齐柏林伯爵,沙滩上的乌尔德,qibolin_2,exact,assets/铁血/40701_齐柏林伯爵/skins/qibolin_2
铁血,齐柏林伯爵,红幔下的微醺,qibolin_3,exact,assets/铁血/40701_齐柏林伯爵/skins/qibolin_3
东煌,伏波,伏波,fubo,exact,assets/东煌/50109_伏波/skins/fubo
东煌,伏波,淘趣闹新春,fubo_2,exact,assets/东煌/50109_伏波/skins/fubo_2
东煌,华甲,华甲,huajia,exact,assets/东煌/50602_华甲/skins/huajia
东煌,华甲,欢乐喜庆僵尸夜,huajia_2,exact,assets/东煌/50602_华甲/skins/huajia_2
东煌,华甲,若漆之光,huajia_3,exact,assets/东煌/50602_华甲/skins/huajia_3
东煌,华甲,华甲.改,huajia_g,exact,assets/东煌/50602_华甲/skins/huajia_g
东煌,华甲,特殊素材 · huajia_2_hx,huajia_2_hx,variant,assets/东煌/50602_华甲/skins/huajia_2_hx
东煌,哈尔滨,哈尔滨,haerbin,exact,assets/东煌/59901_哈尔滨/skins/haerbin
东煌,哈尔滨,奔放的水天一色,haerbin_2,exact,assets/东煌/59901_哈尔滨/skins/haerbin_2
东煌,哈尔滨,奢享于盛夏之滨,haerbin_3,exact,assets/东煌/59901_哈尔滨/skins/haerbin_3
东煌,哈尔滨,牡丹红,haerbin_h,exact,assets/东煌/59901_哈尔滨/skins/haerbin_h
东煌,太原,太原,taiyuan,exact,assets/东煌/50104_太原/skins/taiyuan
东煌,太原,金蛇闹春,taiyuan_2,exact,assets/东煌/50104_太原/skins/taiyuan_2
东煌,太原,共枕的心跳,taiyuan_3,exact,assets/东煌/50104_太原/skins/taiyuan_3
东煌,太原,太原.改,taiyuan_g,exact,assets/东煌/50104_太原/skins/taiyuan_g
东煌,宁海,宁海,ninghai,exact,assets/东煌/50202_宁海/skins/ninghai
东煌,宁海,食欲之夏,ninghai_2,exact,assets/东煌/50202_宁海/skins/ninghai_2
东煌,宁海,月宫玉兔,ninghai_3,exact,assets/东煌/50202_宁海/skins/ninghai_3
东煌,宁海,东煌姐妹！·N,ninghai_4,exact,assets/东煌/50202_宁海/skins/ninghai_4
东煌,宁海,新年旅游！,ninghai_5,exact,assets/东煌/50202_宁海/skins/ninghai_5
东煌,宁海,姹紫盛筵,ninghai_6,exact,assets/东煌/50202_宁海/skins/ninghai_6
东煌,宁海,大宝的伙伴！,ninghai_7,exact,assets/东煌/50202_宁海/skins/ninghai_7
东煌,宁海,慌乱的新春厨房,ninghai_8,exact,assets/东煌/50202_宁海/skins/ninghai_8
东煌,宁海,宁海.改,ninghai_g,exact,assets/东煌/50202_宁海/skins/ninghai_g
东煌,定安,定安,dingan,exact,assets/东煌/51901_定安/skins/dingan
东煌,定安,红红火火度勤春,dingan_2,exact,assets/东煌/51901_定安/skins/dingan_2
东煌,定安,秘密市场调研？！,dingan_3,exact,assets/东煌/51901_定安/skins/dingan_3
东煌,定安,特殊素材 · dingan_2_hx,dingan_2_hx,variant,assets/东煌/51901_定安/skins/dingan_2_hx
东煌,定安,特殊素材 · dingan_hx,dingan_hx,variant,assets/东煌/51901_定安/skins/dingan_hx
东煌,寰昌,寰昌,huanchang,exact,assets/东煌/50401_寰昌/skins/huanchang
东煌,寰昌,月下蹁跹,huanchang_2,exact,assets/东煌/50401_寰昌/skins/huanchang_2
东煌,平海,平海,pinghai,exact,assets/东煌/50203_平海/skins/pinghai
东煌,平海,游兴之夏,pinghai_2,exact,assets/东煌/50203_平海/skins/pinghai_2
东煌,平海,桂花月兔,pinghai_3,exact,assets/东煌/50203_平海/skins/pinghai_3
东煌,平海,东煌姐妹！·P,pinghai_4,exact,assets/东煌/50203_平海/skins/pinghai_4
东煌,平海,美食大远征！,pinghai_5,exact,assets/东煌/50203_平海/skins/pinghai_5
东煌,平海,甜蜜嫣红,pinghai_6,exact,assets/东煌/50203_平海/skins/pinghai_6
东煌,平海,二宝的伙伴！,pinghai_7,exact,assets/东煌/50203_平海/skins/pinghai_7
东煌,平海,热闹的盛宴准备,pinghai_8,exact,assets/东煌/50203_平海/skins/pinghai_8
东煌,平海,平海.改,pinghai_g,exact,assets/东煌/50203_平海/skins/pinghai_g
东煌,应瑞,应瑞,yingrui,exact,assets/东煌/50204_应瑞/skins/yingrui
东煌,应瑞,寒松雪暖,yingrui_2,exact,assets/东煌/50204_应瑞/skins/yingrui_2
东煌,应瑞,松戏梅·其上,yingrui_3,exact,assets/东煌/50204_应瑞/skins/yingrui_3
东煌,应瑞,碧波清夏,yingrui_4,exact,assets/东煌/50204_应瑞/skins/yingrui_4
东煌,应瑞,应瑞·改,yingrui_g,exact,assets/东煌/50204_应瑞/skins/yingrui_g
东煌,建武,建武,jianwu,exact,assets/东煌/50301_建武/skins/jianwu
东煌,建武,妆点，只为今夜,jianwu_2,exact,assets/东煌/50301_建武/skins/jianwu_2
东煌,建武,妆点，只为今夜,jianwu_3,exact,assets/东煌/50301_建武/skins/jianwu_3
东煌,建武,彻夜的杰作,jianwu_4,exact,assets/东煌/50301_建武/skins/jianwu_4
东煌,彰武,彰武,zhangwu,exact,assets/东煌/50302_彰武/skins/zhangwu
东煌,彰武,一枝春欲放,zhangwu_2,exact,assets/东煌/50302_彰武/skins/zhangwu_2
东煌,抚顺,抚顺,fushun,exact,assets/东煌/50102_抚顺/skins/fushun
东煌,抚顺,“钓”包游戏,fushun_2,exact,assets/东煌/50102_抚顺/skins/fushun_2
东煌,抚顺,抚顺.改,fushun_g,exact,assets/东煌/50102_抚顺/skins/fushun_g
东煌,济安,济安,jian,exact,assets/东煌/50209_济安/skins/jian
东煌,济安,华灯夜游,jian_2,exact,assets/东煌/50209_济安/skins/jian_2
东煌,济安,异域绮梦,jian_3,exact,assets/东煌/50209_济安/skins/jian_3
东煌,海圻,海圻,haiqi,exact,assets/东煌/50208_海圻/skins/haiqi
东煌,海圻,清池乐舞,haiqi_2,exact,assets/东煌/50208_海圻/skins/haiqi_2
东煌,海天,海天,haitian,exact,assets/东煌/50207_海天/skins/haitian
东煌,海天,书香水榭,haitian_2,exact,assets/东煌/50207_海天/skins/haitian_2
东煌,海天,翩若飞仙,haitian_3,exact,assets/东煌/50207_海天/skins/haitian_3
东煌,海天,秋夜漫游,haitian_4,exact,assets/东煌/50207_海天/skins/haitian_4
东煌,海天,巧手凝情伴香酥,haitian_5,exact,assets/东煌/50207_海天/skins/haitian_5
东煌,海天,鸾凤和鸣,haitian_h,exact,assets/东煌/50207_海天/skins/haitian_h
东煌,海容,海容,hairong,exact,assets/东煌/50210_海容/skins/hairong
东煌,海容,枫染印象,hairong_2,exact,assets/东煌/50210_海容/skins/hairong_2
东煌,海筹,海筹,haichou,exact,assets/东煌/50212_海筹/skins/haichou
东煌,海筹,醒梦芳醇,haichou_2,exact,assets/东煌/50212_海筹/skins/haichou_2
东煌,肇和,肇和,zhaohe,exact,assets/东煌/50205_肇和/skins/zhaohe
东煌,肇和,花枝映梅,zhaohe_2,exact,assets/东煌/50205_肇和/skins/zhaohe_2
东煌,肇和,松戏梅·其下,zhaohe_3,exact,assets/东煌/50205_肇和/skins/zhaohe_3
东煌,肇和,碧波耀阳,zhaohe_4,exact,assets/东煌/50205_肇和/skins/zhaohe_4
东煌,肇和,肇和·改,zhaohe_g,exact,assets/东煌/50205_肇和/skins/zhaohe_g
东煌,虎贲,虎贲,huben,exact,assets/东煌/50106_虎贲/skins/huben
东煌,虎贲,舞虎迎春,huben_2,exact,assets/东煌/50106_虎贲/skins/huben_2
东煌,逸仙,逸仙,yixian,exact,assets/东煌/50201_逸仙/skins/yixian
东煌,逸仙,膏发凝脂,yixian_2,exact,assets/东煌/50201_逸仙/skins/yixian_2
东煌,逸仙,清茶氤氲,yixian_3,exact,assets/东煌/50201_逸仙/skins/yixian_3
东煌,逸仙,细浪扶风,yixian_4,exact,assets/东煌/50201_逸仙/skins/yixian_4
东煌,逸仙,凤冠霞帔,yixian_h,exact,assets/东煌/50201_逸仙/skins/yixian_h
东煌,逸仙,逸仙.改,yixian_g,exact,assets/东煌/50201_逸仙/skins/yixian_g
东煌,镇海,镇海,zhenhai,exact,assets/东煌/50601_镇海/skins/zhenhai
东煌,镇海,奇奢华苑,zhenhai_2,exact,assets/东煌/50601_镇海/skins/zhenhai_2
东煌,镇海,潋滟水色,zhenhai_3,exact,assets/东煌/50601_镇海/skins/zhenhai_3
东煌,镇海,翠园佳绣,zhenhai_4,exact,assets/东煌/50601_镇海/skins/zhenhai_4
东煌,镇海,锦帐良宵,zhenhai_h,exact,assets/东煌/50601_镇海/skins/zhenhai_h
东煌,镇海,镇海.改,zhenhai_g,exact,assets/东煌/50601_镇海/skins/zhenhai_g
东煌,长春,长春,changchun,exact,assets/东煌/50103_长春/skins/changchun
东煌,长春,春之嬉,changchun_2,exact,assets/东煌/50103_长春/skins/changchun_2
东煌,长春,“红”运当头,changchun_3,exact,assets/东煌/50103_长春/skins/changchun_3
东煌,长春,长春.改,changchun_g,exact,assets/东煌/50103_长春/skins/changchun_g
东煌,长风,长风,changfeng,exact,assets/东煌/50108_长风/skins/changfeng
东煌,长风,温馨的大扫除时间,changfeng_2,exact,assets/东煌/50108_长风/skins/changfeng_2
东煌,长风,天青胜玉,changfeng_3,exact,assets/东煌/50108_长风/skins/changfeng_3
东煌,鞍山,鞍山,anshan,exact,assets/东煌/50101_鞍山/skins/anshan
东煌,鞍山,和平的号角,anshan_2,exact,assets/东煌/50101_鞍山/skins/anshan_2
东煌,鞍山,夕照伊人,anshan_3,exact,assets/东煌/50101_鞍山/skins/anshan_3
东煌,鞍山,鞍山.改,anshan_g,exact,assets/东煌/50101_鞍山/skins/anshan_g
东煌,飞云,飞云,feiyun,exact,assets/东煌/50107_飞云/skins/feiyun
东煌,飞云,飞云在天,feiyun_2,exact,assets/东煌/50107_飞云/skins/feiyun_2
东煌,飞云,飞云大人的糖衣炮弹,feiyun_3,exact,assets/东煌/50107_飞云/skins/feiyun_3
东煌,龙武,龙武,longwu,exact,assets/东煌/50105_龙武/skins/longwu
东煌,龙武,腾龙新春宴,longwu_2,exact,assets/东煌/50105_龙武/skins/longwu_2
东煌,龙武,悠然碧海行,longwu_3,exact,assets/东煌/50105_龙武/skins/longwu_3
撒丁帝国,乌戈里诺·维瓦尔迪,乌戈里诺·维瓦尔迪,wugelini,exact,assets/撒丁帝国/60112_乌戈里诺·维瓦尔迪/skins/wugelini
撒丁帝国,乌戈里诺·维瓦尔迪,意外捕获·稀有款！,wugelini_2,exact,assets/撒丁帝国/60112_乌戈里诺·维瓦尔迪/skins/wugelini_2
撒丁帝国,利托里奥,利托里奥,lituoliao,exact,assets/撒丁帝国/60502_利托里奥/skins/lituoliao
撒丁帝国,利托里奥,那不勒斯之光,lituoliao_2,exact,assets/撒丁帝国/60502_利托里奥/skins/lituoliao_2
撒丁帝国,利托里奥,Calabria Aurea,lituoliao_3,exact,assets/撒丁帝国/60502_利托里奥/skins/lituoliao_3
撒丁帝国,利托里奥,居家私人时间,lituoliao_4,exact,assets/撒丁帝国/60502_利托里奥/skins/lituoliao_4
撒丁帝国,利托里奥,雨中的等候,lituoliao_5,exact,assets/撒丁帝国/60502_利托里奥/skins/lituoliao_5
撒丁帝国,加富尔伯爵,加富尔伯爵,jiafuerbojue,exact,assets/撒丁帝国/60505_加富尔伯爵/skins/jiafuerbojue
撒丁帝国,加富尔伯爵,激战的盛夏海滩,jiafuerbojue_2,exact,assets/撒丁帝国/60505_加富尔伯爵/skins/jiafuerbojue_2
撒丁帝国,博尔扎诺,博尔扎诺,boerzhanuo,exact,assets/撒丁帝国/60305_博尔扎诺/skins/boerzhanuo
撒丁帝国,博尔扎诺,旋舞之刻,boerzhanuo_2,exact,assets/撒丁帝国/60305_博尔扎诺/skins/boerzhanuo_2
撒丁帝国,博尔扎诺,漂流荒岛与神秘宝藏,boerzhanuo_3,exact,assets/撒丁帝国/60305_博尔扎诺/skins/boerzhanuo_3
撒丁帝国,博尔扎诺,独属二人的灯火夜,boerzhanuo_4,exact,assets/撒丁帝国/60305_博尔扎诺/skins/boerzhanuo_4
撒丁帝国,埃曼努埃尔·佩萨格诺,埃曼努埃尔·佩萨格诺,aimannuaier,exact,assets/撒丁帝国/60109_埃曼努埃尔·佩萨格诺/skins/aimannuaier
撒丁帝国,埃曼努埃尔·佩萨格诺,后台准备时间,aimannuaier_2,exact,assets/撒丁帝国/60109_埃曼努埃尔·佩萨格诺/skins/aimannuaier_2
撒丁帝国,天鹰,天鹰,tianying,exact,assets/撒丁帝国/60701_天鹰/skins/tianying
撒丁帝国,天鹰,阳光与浅潮的假日,tianying_2,exact,assets/撒丁帝国/60701_天鹰/skins/tianying_2
撒丁帝国,天鹰,绿苑的优雅花园,tianying_3,exact,assets/撒丁帝国/60701_天鹰/skins/tianying_3
撒丁帝国,天鹰,特殊素材 · tianying_2_hx,tianying_2_hx,variant,assets/撒丁帝国/60701_天鹰/skins/tianying_2_hx
撒丁帝国,安德烈亚·多利亚,安德烈亚·多利亚,andelieyaduoliya,exact,assets/撒丁帝国/60507_安德烈亚·多利亚/skins/andelieyaduoliya
撒丁帝国,安德烈亚·多利亚,安心舒适之旅,andelieyaduoliya_2,exact,assets/撒丁帝国/60507_安德烈亚·多利亚/skins/andelieyaduoliya_2
撒丁帝国,尼科洛索·达雷科,尼科洛索·达雷科,daleike,exact,assets/撒丁帝国/60106_尼科洛索·达雷科/skins/daleike
撒丁帝国,尼科洛索·达雷科,出航前的余兴,daleike_2,exact,assets/撒丁帝国/60106_尼科洛索·达雷科/skins/daleike_2
撒丁帝国,巴托洛梅奥·科莱奥尼,巴托洛梅奥·科莱奥尼,batuoluomeiao,exact,assets/撒丁帝国/60203_巴托洛梅奥·科莱奥尼/skins/batuoluomeiao
撒丁帝国,巴托洛梅奥·科莱奥尼,艳后的浪漫攻心计,batuoluomeiao_2,exact,assets/撒丁帝国/60203_巴托洛梅奥·科莱奥尼/skins/batuoluomeiao_2
撒丁帝国,巴拉卡少校,巴拉卡少校,balaka,exact,assets/撒丁帝国/60803_巴拉卡少校/skins/balaka
撒丁帝国,巴拉卡少校,死亡之神的戏谑,balaka_2,exact,assets/撒丁帝国/60803_巴拉卡少校/skins/balaka_2
撒丁帝国,帝国,帝国,diguo,exact,assets/撒丁帝国/60702_帝国/skins/diguo
撒丁帝国,帝国,图书管理员的倦怠,diguo_2,exact,assets/撒丁帝国/60702_帝国/skins/diguo_2
撒丁帝国,帝国,醉忘今宵,diguo_3,exact,assets/撒丁帝国/60702_帝国/skins/diguo_3
撒丁帝国,庞培·马格诺,庞培·马格诺,pangpeimagenuo,exact,assets/撒丁帝国/60107_庞培·马格诺/skins/pangpeimagenuo
撒丁帝国,庞培·马格诺,八分音符的美梦,pangpeimagenuo_2,exact,assets/撒丁帝国/60107_庞培·马格诺/skins/pangpeimagenuo_2
撒丁帝国,弗朗西斯科·卡拉乔洛,弗朗西斯科·卡拉乔洛,fulangxisike,exact,assets/撒丁帝国/60509_弗朗西斯科·卡拉乔洛/skins/fulangxisike
撒丁帝国,弗朗西斯科·卡拉乔洛,灯光下的自白,fulangxisike_2,exact,assets/撒丁帝国/60509_弗朗西斯科·卡拉乔洛/skins/fulangxisike_2
撒丁帝国,戈里齐亚,戈里齐亚,geliqiya,exact,assets/撒丁帝国/60306_戈里齐亚/skins/geliqiya
撒丁帝国,戈里齐亚,办公室的“隔阂”,geliqiya_2,exact,assets/撒丁帝国/60306_戈里齐亚/skins/geliqiya_2
撒丁帝国,戈里齐亚,间谍行动大失败！,geliqiya_3,exact,assets/撒丁帝国/60306_戈里齐亚/skins/geliqiya_3
撒丁帝国,扎拉,扎拉,zhala,exact,assets/撒丁帝国/60302_扎拉/skins/zhala
撒丁帝国,扎拉,泳池边的“偶遇”,zhala_2,exact,assets/撒丁帝国/60302_扎拉/skins/zhala_2
撒丁帝国,托里拆利,托里拆利,tuolichaili,exact,assets/撒丁帝国/60801_托里拆利/skins/tuolichaili
撒丁帝国,托里拆利,阴暗的沙滩一角,tuolichaili_2,exact,assets/撒丁帝国/60801_托里拆利/skins/tuolichaili_2
撒丁帝国,托里拆利,特殊素材 · tuolichaili_hx,tuolichaili_hx,variant,assets/撒丁帝国/60801_托里拆利/skins/tuolichaili_hx
撒丁帝国,拉斐尔,拉斐尔,lafeier,exact,assets/撒丁帝国/60508_拉斐尔/skins/lafeier
撒丁帝国,拉斐尔,爱与美的秘密珍藏,lafeier_2,exact,assets/撒丁帝国/60508_拉斐尔/skins/lafeier_2
撒丁帝国,拉斐尔,共绘的魔术杰作,lafeier_3,exact,assets/撒丁帝国/60508_拉斐尔/skins/lafeier_3
撒丁帝国,文琴佐·焦贝蒂,文琴佐·焦贝蒂,wenqinzuojiaobeidi,exact,assets/撒丁帝国/60103_文琴佐·焦贝蒂/skins/wenqinzuojiaobeidi
撒丁帝国,文琴佐·焦贝蒂,“淑女”的邀约,wenqinzuojiaobeidi_3,exact,assets/撒丁帝国/60103_文琴佐·焦贝蒂/skins/wenqinzuojiaobeidi_3
撒丁帝国,朱利奥·凯撒,朱利奥·凯撒,kaisa,exact,assets/撒丁帝国/60506_朱利奥·凯撒/skins/kaisa
撒丁帝国,朱利奥·凯撒,锻炼达人？,kaisa_2,exact,assets/撒丁帝国/60506_朱利奥·凯撒/skins/kaisa_2
撒丁帝国,朱利奥·凯撒,阳光下的Alta marea,kaisa_3,exact,assets/撒丁帝国/60506_朱利奥·凯撒/skins/kaisa_3
撒丁帝国,朱利奥·凯撒,特殊素材 · kaisa_3_hx,kaisa_3_hx,variant,assets/撒丁帝国/60506_朱利奥·凯撒/skins/kaisa_3_hx
撒丁帝国,朱塞佩·加里波第,朱塞佩·加里波第,zhusaipei,exact,assets/撒丁帝国/60202_朱塞佩·加里波第/skins/zhusaipei
撒丁帝国,朱塞佩·加里波第,纯黑羽翼的雅致,zhusaipei_2,exact,assets/撒丁帝国/60202_朱塞佩·加里波第/skins/zhusaipei_2
撒丁帝国,波拉,波拉,bola,exact,assets/撒丁帝国/60303_波拉/skins/bola
撒丁帝国,波拉,水边的事故？,bola_2,exact,assets/撒丁帝国/60303_波拉/skins/bola_2
撒丁帝国,焦苏埃·卡尔杜齐,焦苏埃·卡尔杜齐,jiaosuai,exact,assets/撒丁帝国/60111_焦苏埃·卡尔杜齐/skins/jiaosuai
撒丁帝国,焦苏埃·卡尔杜齐,定格的诗篇,jiaosuai_2,exact,assets/撒丁帝国/60111_焦苏埃·卡尔杜齐/skins/jiaosuai_2
撒丁帝国,特伦托,特伦托,teluntuo,exact,assets/撒丁帝国/60301_特伦托/skins/teluntuo
撒丁帝国,特伦托,盛夏的多重诱惑？,teluntuo_2,exact,assets/撒丁帝国/60301_特伦托/skins/teluntuo_2
撒丁帝国,的里雅斯特,的里雅斯特,diliyasite,exact,assets/撒丁帝国/60304_的里雅斯特/skins/diliyasite
撒丁帝国,的里雅斯特,期待的便当时间？,diliyasite_2,exact,assets/撒丁帝国/60304_的里雅斯特/skins/diliyasite_2
撒丁帝国,的里雅斯特,热气蒸腾温泉夜,diliyasite_3,exact,assets/撒丁帝国/60304_的里雅斯特/skins/diliyasite_3
撒丁帝国,的里雅斯特,墨雅夜韵,diliyasite_4,exact,assets/撒丁帝国/60304_的里雅斯特/skins/diliyasite_4
撒丁帝国,维托里奥·库尼贝尔蒂,维托里奥·库尼贝尔蒂,kunibeierdi,exact,assets/撒丁帝国/69903_维托里奥·库尼贝尔蒂/skins/kunibeierdi
撒丁帝国,维托里奥·库尼贝尔蒂,猫的习性研究,kunibeierdi_2,exact,assets/撒丁帝国/69903_维托里奥·库尼贝尔蒂/skins/kunibeierdi_2
撒丁帝国,维托里奥·维内托,维托里奥·维内托,weineituo,exact,assets/撒丁帝国/60501_维托里奥·维内托/skins/weineituo
撒丁帝国,维托里奥·维内托,拉斯佩齐亚之花,weineituo_2,exact,assets/撒丁帝国/60501_维托里奥·维内托/skins/weineituo_2
撒丁帝国,罗马,罗马,luoma,exact,assets/撒丁帝国/60503_罗马/skins/luoma
撒丁帝国,罗马,午夜的白天鹅,luoma_2,exact,assets/撒丁帝国/60503_罗马/skins/luoma_2
撒丁帝国,罗马,罗马的假日,luoma_4,exact,assets/撒丁帝国/60503_罗马/skins/luoma_4
撒丁帝国,罗马,特殊素材 · chess_luoma,chess_luoma,variant,assets/撒丁帝国/60503_罗马/skins/chess_luoma
撒丁帝国,莱昂纳多·达·芬奇,莱昂纳多·达·芬奇,dafenqi,exact,assets/撒丁帝国/60802_莱昂纳多·达·芬奇/skins/dafenqi
撒丁帝国,莱昂纳多·达·芬奇,湖畔的小天鹅,dafenqi_2,exact,assets/撒丁帝国/60802_莱昂纳多·达·芬奇/skins/dafenqi_2
撒丁帝国,莱昂纳多·达·芬奇,摇摆兔女郎,dafenqi_3,exact,assets/撒丁帝国/60802_莱昂纳多·达·芬奇/skins/dafenqi_3
撒丁帝国,西北风,西北风,xibeifeng,exact,assets/撒丁帝国/60104_西北风/skins/xibeifeng
撒丁帝国,西北风,独处的沙滩一角,xibeifeng_2,exact,assets/撒丁帝国/60104_西北风/skins/xibeifeng_2
撒丁帝国,西南风,西南风,xinanfeng,exact,assets/撒丁帝国/60105_西南风/skins/xinanfeng
撒丁帝国,西南风,水手向西南进发！,xinanfeng_2,exact,assets/撒丁帝国/60105_西南风/skins/xinanfeng_2
撒丁帝国,那不勒斯,那不勒斯,nabulesi,exact,assets/撒丁帝国/69902_那不勒斯/skins/nabulesi
撒丁帝国,那不勒斯,Dreamy Night,nabulesi_2,exact,assets/撒丁帝国/69902_那不勒斯/skins/nabulesi_2
撒丁帝国,阿尔弗雷多·奥里亚尼,阿尔弗雷多·奥里亚尼,aerfuleiduo,exact,assets/撒丁帝国/60108_阿尔弗雷多·奥里亚尼/skins/aerfuleiduo
撒丁帝国,阿尔弗雷多·奥里亚尼,华丽的Vivace,aerfuleiduo_2,exact,assets/撒丁帝国/60108_阿尔弗雷多·奥里亚尼/skins/aerfuleiduo_2
撒丁帝国,阿尔贝托·迪·朱塞诺,阿尔贝托·迪·朱塞诺,aerbeituo,exact,assets/撒丁帝国/60204_阿尔贝托·迪·朱塞诺/skins/aerbeituo
撒丁帝国,阿尔贝托·迪·朱塞诺,华丽的“意外”,aerbeituo_2,exact,assets/撒丁帝国/60204_阿尔贝托·迪·朱塞诺/skins/aerbeituo_2
撒丁帝国,阿布鲁齐公爵,阿布鲁齐公爵,abuluqi,exact,assets/撒丁帝国/60201_阿布鲁齐公爵/skins/abuluqi
撒丁帝国,阿布鲁齐公爵,漆黑的人鱼公主,abuluqi_2,exact,assets/撒丁帝国/60201_阿布鲁齐公爵/skins/abuluqi_2
撒丁帝国,阿蒂利奥·雷戈洛,阿蒂利奥·雷戈洛,adiliao,exact,assets/撒丁帝国/60110_阿蒂利奥·雷戈洛/skins/adiliao
撒丁帝国,阿蒂利奥·雷戈洛,灵感之巢,adiliao_2,exact,assets/撒丁帝国/60110_阿蒂利奥·雷戈洛/skins/adiliao_2
撒丁帝国,阿蒂利奥·雷戈洛,云端降落的天使,adiliao_3,exact,assets/撒丁帝国/60110_阿蒂利奥·雷戈洛/skins/adiliao_3
撒丁帝国,阿蒂利奥·雷戈洛,特殊素材 · chess_adiliao,chess_adiliao,variant,assets/撒丁帝国/60110_阿蒂利奥·雷戈洛/skins/chess_adiliao
撒丁帝国,马可波罗,马可波罗,makeboluo,exact,assets/撒丁帝国/69901_马可波罗/skins/makeboluo
撒丁帝国,马可波罗,Lovely Million,makeboluo_2,exact,assets/撒丁帝国/69901_马可波罗/skins/makeboluo_2
撒丁帝国,马可波罗,好戏开幕！惊奇Show,makeboluo_3,exact,assets/撒丁帝国/69901_马可波罗/skins/makeboluo_3
撒丁帝国,龙骑兵,龙骑兵,longqibing,exact,assets/撒丁帝国/60102_龙骑兵/skins/longqibing
撒丁帝国,龙骑兵,清爽的夏日Choice,longqibing_2,exact,assets/撒丁帝国/60102_龙骑兵/skins/longqibing_2
北方联合,伏尔加,伏尔加,fuerjia,exact,assets/北方联合/70701_伏尔加/skins/fuerjia
北方联合,伏尔加,超美味·AR侦探体验？,fuerjia_2,exact,assets/北方联合/70701_伏尔加/skins/fuerjia_2
北方联合,伏罗希洛夫,伏罗希洛夫,fuluoxiluofu,exact,assets/北方联合/70207_伏罗希洛夫/skins/fuluoxiluofu
北方联合,伏罗希洛夫,山间暖雪,fuluoxiluofu_2,exact,assets/北方联合/70207_伏罗希洛夫/skins/fuluoxiluofu_2
北方联合,伏罗希洛夫,特殊的亲密预演,fuluoxiluofu_3,exact,assets/北方联合/70207_伏罗希洛夫/skins/fuluoxiluofu_3
北方联合,伏罗希洛夫,特殊素材 · fuluoxiluofu_hx,fuluoxiluofu_hx,variant,assets/北方联合/70207_伏罗希洛夫/skins/fuluoxiluofu_hx
北方联合,凶猛,凶猛,xiongmeng,exact,assets/北方联合/70112_凶猛/skins/xiongmeng
北方联合,凶猛,艺术反叛,xiongmeng_2,exact,assets/北方联合/70112_凶猛/skins/xiongmeng_2
北方联合,博加特里,博加特里,bojiateli,exact,assets/北方联合/70210_博加特里/skins/bojiateli
北方联合,博加特里,情感数据维护中,bojiateli_2,exact,assets/北方联合/70210_博加特里/skins/bojiateli_2
北方联合,博加特里,特殊素材 · bojiateli_ro,bojiateli_ro,variant,assets/北方联合/70210_博加特里/skins/bojiateli_ro
北方联合,古比雪夫,古比雪夫,gubixuefu,exact,assets/北方联合/70205_古比雪夫/skins/gubixuefu
北方联合,古比雪夫,银弦的向导兵,gubixuefu_2,exact,assets/北方联合/70205_古比雪夫/skins/gubixuefu_2
北方联合,古比雪夫,雨夜的蓝色心情,gubixuefu_3,exact,assets/北方联合/70205_古比雪夫/skins/gubixuefu_3
北方联合,喀山,喀山,kashan,exact,assets/北方联合/70509_喀山/skins/kashan
北方联合,喀山,温煦晨光,kashan_2,exact,assets/北方联合/70509_喀山/skins/kashan_2
北方联合,喀琅施塔得,喀琅施塔得,kalangshitade,exact,assets/北方联合/71801_喀琅施塔得/skins/kalangshitade
北方联合,喀琅施塔得,突击行动开始！,kalangshitade_2,exact,assets/北方联合/71801_喀琅施塔得/skins/kalangshitade_2
北方联合,喀琅施塔得,动物特工,kalangshitade_3,exact,assets/北方联合/71801_喀琅施塔得/skins/kalangshitade_3
北方联合,基洛夫,基洛夫,jiluofu,exact,assets/北方联合/70204_基洛夫/skins/jiluofu
北方联合,基洛夫,居家咖啡时间,jiluofu_2,exact,assets/北方联合/70204_基洛夫/skins/jiluofu_2
北方联合,基洛夫,疾速截击,jiluofu_3,exact,assets/北方联合/70204_基洛夫/skins/jiluofu_3
北方联合,基洛夫,巅峰之星,jiluofu_4,exact,assets/北方联合/70204_基洛夫/skins/jiluofu_4
北方联合,基辅,基辅,jifu,exact,assets/北方联合/70110_基辅/skins/jifu
北方联合,基辅,夜巷的银色奏鸣曲,jifu_2,exact,assets/北方联合/70110_基辅/skins/jifu_2
北方联合,基辅,冰上的精灵,jifu_3,exact,assets/北方联合/70110_基辅/skins/jifu_3
北方联合,塔什干,塔什干,tashigan,exact,assets/北方联合/70104_塔什干/skins/tashigan
北方联合,塔什干,受缚的巡洋舰,tashigan_2,exact,assets/北方联合/70104_塔什干/skins/tashigan_2
北方联合,塔什干,天蓝色的休息日,tashigan_3,exact,assets/北方联合/70104_塔什干/skins/tashigan_3
北方联合,塔什干,独属于你的邀约,tashigan_4,exact,assets/北方联合/70104_塔什干/skins/tashigan_4
北方联合,塔什干(μ兵装),塔什干(μ兵装),tashigan_idol,exact,assets/北方联合/70105_塔什干(μ兵装)/skins/tashigan_idol
北方联合,塔林,塔林,talin,exact,assets/北方联合/70301_塔林/skins/talin
北方联合,塔林,Pilsner·Nostalgic,talin_3,exact,assets/北方联合/70301_塔林/skins/talin_3
北方联合,塔林,是！长官！,talin_2,exact,assets/北方联合/70301_塔林/skins/talin_2
北方联合,塔林,情满月圆,talin_4,exact,assets/北方联合/70301_塔林/skins/talin_4
北方联合,塞瓦斯托波尔,塞瓦斯托波尔,saiwasituoboer,exact,assets/北方联合/70507_塞瓦斯托波尔/skins/saiwasituoboer
北方联合,塞瓦斯托波尔,不止微醺？,saiwasituoboer_2,exact,assets/北方联合/70507_塞瓦斯托波尔/skins/saiwasituoboer_2
北方联合,塞瓦斯托波尔,特殊素材 · saiwasituoboer_hx,saiwasituoboer_hx,variant,assets/北方联合/70507_塞瓦斯托波尔/skins/saiwasituoboer_hx
北方联合,契卡洛夫,契卡洛夫,qikaluofu,exact,assets/北方联合/79901_契卡洛夫/skins/qikaluofu
北方联合,契卡洛夫,黄昏的假日海滨,qikaluofu_2,exact,assets/北方联合/79901_契卡洛夫/skins/qikaluofu_2
北方联合,奥列格,奥列格,aoliege,exact,assets/北方联合/70208_奥列格/skins/aoliege
北方联合,奥列格,壁炉旁的慵懒时光,aoliege_2,exact,assets/北方联合/70208_奥列格/skins/aoliege_2
北方联合,威严,威严,weiyan,exact,assets/北方联合/70102_威严/skins/weiyan
北方联合,威严,囚牢里的危险兔,weiyan_2,exact,assets/北方联合/70102_威严/skins/weiyan_2
北方联合,威严,武器改造计划？,weiyan_3,exact,assets/北方联合/70102_威严/skins/weiyan_3
北方联合,威严,突袭！暗黑基地！,weiyan_4,exact,assets/北方联合/70102_威严/skins/weiyan_4
北方联合,威严,别样的品茶时光,weiyan_5,exact,assets/北方联合/70102_威严/skins/weiyan_5
北方联合,威严,野兔和蒸汽房,weiyan_6,exact,assets/北方联合/70102_威严/skins/weiyan_6
北方联合,库尔斯克,库尔斯克,kuersike,exact,assets/北方联合/70302_库尔斯克/skins/kuersike
北方联合,库尔斯克,雾中雪狼,kuersike_2,exact,assets/北方联合/70302_库尔斯克/skins/kuersike_2
北方联合,库尔斯克,靡丽绮色,kuersike_3,exact,assets/北方联合/70302_库尔斯克/skins/kuersike_3
北方联合,库尔斯克,特殊素材 · kuersike_hx,kuersike_hx,variant,assets/北方联合/70302_库尔斯克/skins/kuersike_hx
北方联合,恰巴耶夫,恰巴耶夫,qiabayefu,exact,assets/北方联合/70203_恰巴耶夫/skins/qiabayefu
北方联合,恰巴耶夫,拘束的白骑兵,qiabayefu_2,exact,assets/北方联合/70203_恰巴耶夫/skins/qiabayefu_2
北方联合,恰巴耶夫,白骑兵的假日,qiabayefu_3,exact,assets/北方联合/70203_恰巴耶夫/skins/qiabayefu_3
北方联合,恰巴耶夫,夏夜青蓝,qiabayefu_4,exact,assets/北方联合/70203_恰巴耶夫/skins/qiabayefu_4
北方联合,恰巴耶夫,白骑兵的旋律,qiabayefu_5,exact,assets/北方联合/70203_恰巴耶夫/skins/qiabayefu_5
北方联合,摩尔曼斯克,摩尔曼斯克,moermansike,exact,assets/北方联合/70206_摩尔曼斯克/skins/moermansike
北方联合,摩尔曼斯克,纯白雪景,moermansike_2,exact,assets/北方联合/70206_摩尔曼斯克/skins/moermansike_2
北方联合,摩尔曼斯克,一室幽香,moermansike_3,exact,assets/北方联合/70206_摩尔曼斯克/skins/moermansike_3
北方联合,明斯克,明斯克,mingsike,exact,assets/北方联合/70103_明斯克/skins/mingsike
北方联合,明斯克,霹雳典狱长,mingsike_2,exact,assets/北方联合/70103_明斯克/skins/mingsike_2
北方联合,水星纪念,水星纪念,shuixingjinian,exact,assets/北方联合/70202_水星纪念/skins/shuixingjinian
北方联合,水星纪念,囚牢与诱惑,shuixingjinian_2,exact,assets/北方联合/70202_水星纪念/skins/shuixingjinian_2
北方联合,水星纪念,樱桃与休息时间,shuixingjinian_4,exact,assets/北方联合/70202_水星纪念/skins/shuixingjinian_4
北方联合,水星纪念,愉快的“待机”时间,shuixingjinian_3,exact,assets/北方联合/70202_水星纪念/skins/shuixingjinian_3
北方联合,水星纪念,爱意满满巧克力,shuixingjinian_5,exact,assets/北方联合/70202_水星纪念/skins/shuixingjinian_5
北方联合,水星纪念,衣帽间里的小心思,shuixingjinian_6,exact,assets/北方联合/70202_水星纪念/skins/shuixingjinian_6
北方联合,水星纪念,水星纪念.改,shuixingjinian_g,exact,assets/北方联合/70202_水星纪念/skins/shuixingjinian_g
北方联合,水星纪念,特殊素材 · chess_shuixingjinian,chess_shuixingjinian,variant,assets/北方联合/70202_水星纪念/skins/chess_shuixingjinian
北方联合,波尔塔瓦,波尔塔瓦,boertawa,exact,assets/北方联合/70508_波尔塔瓦/skins/boertawa
北方联合,波尔塔瓦,决断的优雅女王,boertawa_2,exact,assets/北方联合/70508_波尔塔瓦/skins/boertawa_2
北方联合,洪亮,洪亮,hongliang,exact,assets/北方联合/70108_洪亮/skins/hongliang
北方联合,洪亮,清晨的呼唤！,hongliang_2,exact,assets/北方联合/70108_洪亮/skins/hongliang_2
北方联合,火力,火力,huoli,exact,assets/北方联合/70111_火力/skins/huoli
北方联合,火力,正义新星,huoli_2,exact,assets/北方联合/70111_火力/skins/huoli_2
北方联合,灵敏,灵敏,lingmin,exact,assets/北方联合/70109_灵敏/skins/lingmin
北方联合,灵敏,天才生物机械师？,lingmin_2,exact,assets/北方联合/70109_灵敏/skins/lingmin_2
北方联合,甘古特,甘古特,gangute,exact,assets/北方联合/70501_甘古特/skins/gangute
北方联合,甘古特,坚定的执行者,gangute_2,exact,assets/北方联合/70501_甘古特/skins/gangute_2
北方联合,甘古特,挚爱伏特加,gangute_3,exact,assets/北方联合/70501_甘古特/skins/gangute_3
北方联合,神速,神速,shensu,exact,assets/北方联合/70106_神速/skins/shensu
北方联合,神速,悠哉游戏时光,shensu_2,exact,assets/北方联合/70106_神速/skins/shensu_2
北方联合,神速,夜班护士诊疗中,shensu_4,exact,assets/北方联合/70106_神速/skins/shensu_4
北方联合,红色山脉,红色山脉,hongseshanmai,exact,assets/北方联合/70209_红色山脉/skins/hongseshanmai
北方联合,红色山脉,盲打练习：触觉麻将,hongseshanmai_2,exact,assets/北方联合/70209_红色山脉/skins/hongseshanmai_2
北方联合,纳希莫夫海军上将,纳希莫夫海军上将,naximofu,exact,assets/北方联合/79902_纳希莫夫海军上将/skins/naximofu
北方联合,纳希莫夫海军上将,聚光灯下的初体验,naximofu_2,exact,assets/北方联合/79902_纳希莫夫海军上将/skins/naximofu_2
北方联合,纳希莫夫海军上将,新启之日,naximofu_3,exact,assets/北方联合/79902_纳希莫夫海军上将/skins/naximofu_3
北方联合,纳希莫夫海军上将,机械师的满分应援,naximofu_4,exact,assets/北方联合/79902_纳希莫夫海军上将/skins/naximofu_4
北方联合,苏维埃同盟,苏维埃同盟,suweiaitongmeng,exact,assets/北方联合/70502_苏维埃同盟/skins/suweiaitongmeng
北方联合,苏维埃同盟,天幕危机,suweiaitongmeng_2,exact,assets/北方联合/70502_苏维埃同盟/skins/suweiaitongmeng_2
北方联合,苏维埃同盟,缠丝审讯,suweiaitongmeng_3,exact,assets/北方联合/70502_苏维埃同盟/skins/suweiaitongmeng_3
北方联合,苏维埃同盟,缠丝审讯,suweiaitongmeng_4,exact,assets/北方联合/70502_苏维埃同盟/skins/suweiaitongmeng_4
北方联合,苏维埃罗西亚,苏维埃罗西亚,suweiailuoxiya,exact,assets/北方联合/70505_苏维埃罗西亚/skins/suweiailuoxiya
北方联合,苏维埃罗西亚,怠惰的监视者,suweiailuoxiya_2,exact,assets/北方联合/70505_苏维埃罗西亚/skins/suweiailuoxiya_2
北方联合,苏维埃贝拉罗斯,苏维埃贝拉罗斯,suweiaibeilaluosi,exact,assets/北方联合/70504_苏维埃贝拉罗斯/skins/suweiaibeilaluosi
北方联合,苏维埃贝拉罗斯,消磨时间的方式,suweiaibeilaluosi_2,exact,assets/北方联合/70504_苏维埃贝拉罗斯/skins/suweiaibeilaluosi_2
北方联合,苏维埃贝拉罗斯,涟漪与白纱,suweiaibeilaluosi_3,exact,assets/北方联合/70504_苏维埃贝拉罗斯/skins/suweiaibeilaluosi_3
北方联合,莫斯科,莫斯科,mosike,exact,assets/北方联合/70303_莫斯科/skins/mosike
北方联合,莫斯科,待君落子之时,mosike_2,exact,assets/北方联合/70303_莫斯科/skins/mosike_2
北方联合,迪米特里·顿斯科伊,迪米特里·顿斯科伊,dimiteli,exact,assets/北方联合/79903_迪米特里·顿斯科伊/skins/dimiteli
北方联合,迪米特里·顿斯科伊,兔兔的床边服务,dimiteli_2,exact,assets/北方联合/79903_迪米特里·顿斯科伊/skins/dimiteli_2
北方联合,阿尔汉格尔斯克,阿尔汉格尔斯克,aerhangeersike,exact,assets/北方联合/70506_阿尔汉格尔斯克/skins/aerhangeersike
北方联合,阿尔汉格尔斯克,择日而航,aerhangeersike_2,exact,assets/北方联合/70506_阿尔汉格尔斯克/skins/aerhangeersike_2
北方联合,阿尔汉格尔斯克,与魔女同行,aerhangeersike_3,exact,assets/北方联合/70506_阿尔汉格尔斯克/skins/aerhangeersike_3
北方联合,阿芙乐尔,阿芙乐尔,afuleer,exact,assets/北方联合/70201_阿芙乐尔/skins/afuleer
北方联合,阿芙乐尔,囚塔中的曙光公主,afuleer_2,exact,assets/北方联合/70201_阿芙乐尔/skins/afuleer_2
北方联合,阿芙乐尔,略勉强的角色扮演?,afuleer_3,exact,assets/北方联合/70201_阿芙乐尔/skins/afuleer_3
北方联合,阿芙乐尔,微醺的海风,afuleer_4,exact,assets/北方联合/70201_阿芙乐尔/skins/afuleer_4
北方联合,雷鸣,雷鸣,leiming,exact,assets/北方联合/70107_雷鸣/skins/leiming
北方联合,雷鸣,梦幻的阅读时光,leiming_2,exact,assets/北方联合/70107_雷鸣/skins/leiming_2
北方联合,顽皮,顽皮,wanpi,exact,assets/北方联合/70113_顽皮/skins/wanpi
北方联合,顽皮,乘风披挂跃琼霄,wanpi_2,exact,assets/北方联合/70113_顽皮/skins/wanpi_2
自由鸢尾,伴尔维,伴尔维,banerwei,exact,assets/自由鸢尾/80702_伴尔维/skins/banerwei
自由鸢尾,伴尔维,俩人的柔软体操,banerwei_2,exact,assets/自由鸢尾/80702_伴尔维/skins/banerwei_2
自由鸢尾,伴尔维,清凉的甜蜜滋味,banerwei_3,exact,assets/自由鸢尾/80702_伴尔维/skins/banerwei_3
自由鸢尾,倔强,倔强,juejiang,exact,assets/自由鸢尾/80104_倔强/skins/juejiang
自由鸢尾,倔强,沙滩上的魔法使(?),juejiang_2,exact,assets/自由鸢尾/80104_倔强/skins/juejiang_2
自由鸢尾,凯旋,凯旋,kaixuan,exact,assets/自由鸢尾/80101_凯旋/skins/kaixuan
自由鸢尾,可怖,可怖,kebu,exact,assets/自由鸢尾/80107_可怖/skins/kebu
自由鸢尾,可怖,静寂，微眠，安宁之白,kebu_3,exact,assets/自由鸢尾/80107_可怖/skins/kebu_3
自由鸢尾,可怖,阳光、大海、圣洁之青,kebu_2,exact,assets/自由鸢尾/80107_可怖/skins/kebu_2
自由鸢尾,吉尚,吉尚,jishang,exact,assets/自由鸢尾/80203_吉尚/skins/jishang
自由鸢尾,吉尚,冰上的魔女,jishang_2,exact,assets/自由鸢尾/80203_吉尚/skins/jishang_2
自由鸢尾,吉尚,Milk&Kiss,jishang_3,exact,assets/自由鸢尾/80203_吉尚/skins/jishang_3
自由鸢尾,圣女贞德,圣女贞德,shengnvzhende,exact,assets/自由鸢尾/80202_圣女贞德/skins/shengnvzhende
自由鸢尾,圣女贞德,海之圣女,shengnvzhende_2,exact,assets/自由鸢尾/80202_圣女贞德/skins/shengnvzhende_2
自由鸢尾,圣女贞德,灯火佳期，江河共许,shengnvzhende_3,exact,assets/自由鸢尾/80202_圣女贞德/skins/shengnvzhende_3
自由鸢尾,埃米尔·贝尔汀,埃米尔·贝尔汀,aimierbeierding,exact,assets/自由鸢尾/80201_埃米尔·贝尔汀/skins/aimierbeierding
自由鸢尾,埃米尔·贝尔汀,蓝色海岸,aimierbeierding_2,exact,assets/自由鸢尾/80201_埃米尔·贝尔汀/skins/aimierbeierding_2
自由鸢尾,埃米尔·贝尔汀,「女仆」浪漫,aimierbeierding_3,exact,assets/自由鸢尾/80201_埃米尔·贝尔汀/skins/aimierbeierding_3
自由鸢尾,埃米尔·贝尔汀,芬芳的舞姬,aimierbeierding_4,exact,assets/自由鸢尾/80201_埃米尔·贝尔汀/skins/aimierbeierding_4
自由鸢尾,埃米尔·贝尔汀,闪耀的“魔法”,aimierbeierding_5,exact,assets/自由鸢尾/80201_埃米尔·贝尔汀/skins/aimierbeierding_5
自由鸢尾,埃米尔·贝尔汀,埃米尔·贝尔汀.改,aimierbeierding_g,exact,assets/自由鸢尾/80201_埃米尔·贝尔汀/skins/aimierbeierding_g
自由鸢尾,大胆,大胆,dadan,exact,assets/自由鸢尾/80105_大胆/skins/dadan
自由鸢尾,大胆,汗水浸润的冰凉邂逅,dadan_2,exact,assets/自由鸢尾/80105_大胆/skins/dadan_2
自由鸢尾,布伦努斯,布伦努斯,bulunnusi,exact,assets/自由鸢尾/80302_布伦努斯/skins/bulunnusi
自由鸢尾,布伦努斯,夜幕下的演奏者,bulunnusi_2,exact,assets/自由鸢尾/80302_布伦努斯/skins/bulunnusi_2
自由鸢尾,布伦努斯,演奏者的夜想曲,bulunnusi_3,exact,assets/自由鸢尾/80302_布伦努斯/skins/bulunnusi_3
自由鸢尾,布雷斯特,布雷斯特,buleisite,exact,assets/自由鸢尾/89903_布雷斯特/skins/buleisite
自由鸢尾,布雷斯特,苍海织歌,buleisite_2,exact,assets/自由鸢尾/89903_布雷斯特/skins/buleisite_2
自由鸢尾,布雷斯特,良夜春景,buleisite_3,exact,assets/自由鸢尾/89903_布雷斯特/skins/buleisite_3
自由鸢尾,无惧,无惧,wuju,exact,assets/自由鸢尾/80106_无惧/skins/wuju
自由鸢尾,无惧,炙焰冲刺！,wuju_2,exact,assets/自由鸢尾/80106_无惧/skins/wuju_2
自由鸢尾,暴风雨,暴风雨,baofengyu,exact,assets/自由鸢尾/89905_暴风雨/skins/baofengyu
自由鸢尾,瑟堡,瑟堡,sebao,exact,assets/自由鸢尾/81801_瑟堡/skins/sebao
自由鸢尾,瑟堡,布偶熊里面的是……？,sebao_2,exact,assets/自由鸢尾/81801_瑟堡/skins/sebao_2
自由鸢尾,福尔班,福尔班,fuerban,exact,assets/自由鸢尾/80102_福尔班/skins/fuerban
自由鸢尾,福尔班,纯白花语,fuerban_2,exact,assets/自由鸢尾/80102_福尔班/skins/fuerban_2
自由鸢尾,福尔班,学园的见习骑士,fuerban_3,exact,assets/自由鸢尾/80102_福尔班/skins/fuerban_3
自由鸢尾,福尔班,香槟盛宴,fuerban_4,exact,assets/自由鸢尾/80102_福尔班/skins/fuerban_4
自由鸢尾,福尔班,誓约的神圣花束,fuerban_h,exact,assets/自由鸢尾/80102_福尔班/skins/fuerban_h
自由鸢尾,福尔班,福尔班.改,fuerban_g,exact,assets/自由鸢尾/80102_福尔班/skins/fuerban_g
自由鸢尾,絮库夫,絮库夫,xukufu,exact,assets/自由鸢尾/80801_絮库夫/skins/xukufu
自由鸢尾,絮库夫,购物时光！,xukufu_2,exact,assets/自由鸢尾/80801_絮库夫/skins/xukufu_2
自由鸢尾,絮库夫,Loisirs balnéaires,xukufu_3,exact,assets/自由鸢尾/80801_絮库夫/skins/xukufu_3
自由鸢尾,絮弗伦,絮弗伦,xufulun,exact,assets/自由鸢尾/80301_絮弗伦/skins/xufulun
自由鸢尾,絮弗伦,心跳加速Accident,xufulun_2,exact,assets/自由鸢尾/80301_絮弗伦/skins/xufulun_2
自由鸢尾,絮弗伦,华美无双,xufulun_3,exact,assets/自由鸢尾/80301_絮弗伦/skins/xufulun_3
自由鸢尾,贝亚德,贝亚德,beiyade,exact,assets/自由鸢尾/89904_贝亚德/skins/beiyade
自由鸢尾,贝亚德,骑士的修行之“兔”！,beiyade_2,exact,assets/自由鸢尾/89904_贝亚德/skins/beiyade_2
自由鸢尾,贝亚恩,贝亚恩,beiyaen,exact,assets/自由鸢尾/80701_贝亚恩/skins/beiyaen
自由鸢尾,贝亚恩,夏日救生站,beiyaen_2,exact,assets/自由鸢尾/80701_贝亚恩/skins/beiyaen_2
自由鸢尾,贝劳森林,贝劳森林,beilaosenlin,exact,assets/自由鸢尾/80601_贝劳森林/skins/beilaosenlin
自由鸢尾,贝劳森林,水色疗愈,beilaosenlin_2,exact,assets/自由鸢尾/80601_贝劳森林/skins/beilaosenlin_2
自由鸢尾,路易九世,路易九世,luyijiushi,exact,assets/自由鸢尾/89901_路易九世/skins/luyijiushi
自由鸢尾,路易九世,华服的圣骑士,luyijiushi_2,exact,assets/自由鸢尾/89901_路易九世/skins/luyijiushi_2
自由鸢尾,路易九世,瑰丽的执勤人,luyijiushi_3,exact,assets/自由鸢尾/89901_路易九世/skins/luyijiushi_3
自由鸢尾,路易九世,微醺的静谧时光,luyijiushi_4,exact,assets/自由鸢尾/89901_路易九世/skins/luyijiushi_4
自由鸢尾,迪凯纳,迪凯纳,dikaina,exact,assets/自由鸢尾/80303_迪凯纳/skins/dikaina
自由鸢尾,迪凯纳,深红的热夜,dikaina_2,exact,assets/自由鸢尾/80303_迪凯纳/skins/dikaina_2
自由鸢尾,迪盖·特鲁因,迪盖·特鲁因,digaiteluyin,exact,assets/自由鸢尾/80204_迪盖·特鲁因/skins/digaiteluyin
自由鸢尾,迪盖·特鲁因,温泉边的捕食者,digaiteluyin_2,exact,assets/自由鸢尾/80204_迪盖·特鲁因/skins/digaiteluyin_2
自由鸢尾,里昂,里昂,liang,exact,assets/自由鸢尾/80502_里昂/skins/liang
自由鸢尾,里昂,双人特训？,liang_2,exact,assets/自由鸢尾/80502_里昂/skins/liang_2
自由鸢尾,阿尔萨斯,阿尔萨斯,aersasi,exact,assets/自由鸢尾/80503_阿尔萨斯/skins/aersasi
自由鸢尾,阿尔萨斯,盛夏的圣迹,aersasi_2,exact,assets/自由鸢尾/80503_阿尔萨斯/skins/aersasi_2
自由鸢尾,阿尔萨斯,圣宵之鬼的微醺,aersasi_3,exact,assets/自由鸢尾/80503_阿尔萨斯/skins/aersasi_3
自由鸢尾,阿罗芒什,阿罗芒什,aluomangshi,exact,assets/自由鸢尾/80602_阿罗芒什/skins/aluomangshi
自由鸢尾,阿罗芒什,足尖弓矢,aluomangshi_2,exact,assets/自由鸢尾/80602_阿罗芒什/skins/aluomangshi_2
自由鸢尾,香槟,香槟,xiangbin,exact,assets/自由鸢尾/89902_香槟/skins/xiangbin
自由鸢尾,香槟,初梦蓝彩,xiangbin_2,exact,assets/自由鸢尾/89902_香槟/skins/xiangbin_2
自由鸢尾,香槟,久远赞颂,xiangbin_h,exact,assets/自由鸢尾/89902_香槟/skins/xiangbin_h
自由鸢尾,马塞纳,马塞纳,masaina,exact,assets/自由鸢尾/80401_马塞纳/skins/masaina
自由鸢尾,马塞纳,醉甜之泉,masaina_2,exact,assets/自由鸢尾/80401_马塞纳/skins/masaina_2
自由鸢尾,马耶·布雷泽,马耶·布雷泽,mayebuleize,exact,assets/自由鸢尾/80108_马耶·布雷泽/skins/mayebuleize
自由鸢尾,马耶·布雷泽,女骑士的最后倔强！,mayebuleize_3,exact,assets/自由鸢尾/80108_马耶·布雷泽/skins/mayebuleize_3
自由鸢尾,马耶·布雷泽,糖分小憩,mayebuleize_2,exact,assets/自由鸢尾/80108_马耶·布雷泽/skins/mayebuleize_2
自由鸢尾,鲁莽,鲁莽,lumang,exact,assets/自由鸢尾/80103_鲁莽/skins/lumang
自由鸢尾,鲁莽,盛夏Festival！,lumang_2,exact,assets/自由鸢尾/80103_鲁莽/skins/lumang_2
自由鸢尾,鲁莽,Dream.Dolce,lumang_3,exact,assets/自由鸢尾/80103_鲁莽/skins/lumang_3
自由鸢尾,鲁莽,跃动的步伐,lumang_4,exact,assets/自由鸢尾/80103_鲁莽/skins/lumang_4
自由鸢尾,鲁莽(μ兵装),鲁莽(μ兵装),lumang_idol,exact,assets/自由鸢尾/80109_鲁莽(μ兵装)/skins/lumang_idol
自由鸢尾,黎塞留,黎塞留,lisailiu,exact,assets/自由鸢尾/80501_黎塞留/skins/lisailiu
自由鸢尾,黎塞留,潮风的Fleuron,lisailiu_2,exact,assets/自由鸢尾/80501_黎塞留/skins/lisailiu_2
自由鸢尾,黎塞留,常緑Rêve prophétique,lisailiu_3,exact,assets/自由鸢尾/80501_黎塞留/skins/lisailiu_3
维希教廷,不屈,不屈,buqu,exact,assets/维希教廷/90113_不屈/skins/buqu
维希教廷,不屈,“小红帽”的烦恼,buqu_2,exact,assets/维希教廷/90113_不屈/skins/buqu_2
维希教廷,不屈,寒冬全力配送中！,buqu_3,exact,assets/维希教廷/90113_不屈/skins/buqu_3
维希教廷,不屈,全力以赴的伪装监听！,buqu_4,exact,assets/维希教廷/90113_不屈/skins/buqu_4
维希教廷,克莱蒙梭,克莱蒙梭,kelaimengsuo,exact,assets/维希教廷/90502_克莱蒙梭/skins/kelaimengsuo
维希教廷,克莱蒙梭,金日煦风,kelaimengsuo_2,exact,assets/维希教廷/90502_克莱蒙梭/skins/kelaimengsuo_2
维希教廷,凯尔圣,凯尔圣,kaiersheng,exact,assets/维希教廷/90104_凯尔圣/skins/kaiersheng
维希教廷,凯尔圣,阳光下的跑者,kaiersheng_2,exact,assets/维希教廷/90104_凯尔圣/skins/kaiersheng_2
维希教廷,凯尔圣,神圣的怜悯并非恶事？,kaiersheng_3,exact,assets/维希教廷/90104_凯尔圣/skins/kaiersheng_3
维希教廷,加斯科涅,加斯科涅,jiasikenie,exact,assets/维希教廷/99901_加斯科涅/skins/jiasikenie
维希教廷,加斯科涅,夏季环境应对外装,jiasikenie_2,exact,assets/维希教廷/99901_加斯科涅/skins/jiasikenie_2
维希教廷,加斯科涅,旅情机巧,jiasikenie_3,exact,assets/维希教廷/99901_加斯科涅/skins/jiasikenie_3
维希教廷,加斯科涅(μ兵装),加斯科涅(μ兵装),jiasikenie_idol,exact,assets/维希教廷/90503_加斯科涅(μ兵装)/skins/jiasikenie_idol
维希教廷,勒马尔,勒马尔,lemaer,exact,assets/维希教廷/90101_勒马尔/skins/lemaer
维希教廷,勒马尔,闪耀的夏天,lemaer_2,exact,assets/维希教廷/90101_勒马尔/skins/lemaer_2
维希教廷,勒马尔,闪耀的幸福学园,lemaer_3,exact,assets/维希教廷/90101_勒马尔/skins/lemaer_3
维希教廷,勒马尔,华丽的宴会登场,lemaer_4,exact,assets/维希教廷/90101_勒马尔/skins/lemaer_4
维希教廷,勒马尔,勒马尔.改,lemaer_g,exact,assets/维希教廷/90101_勒马尔/skins/lemaer_g
维希教廷,勒马尔,特殊素材 · lemaer_ghost,lemaer_ghost,variant,assets/维希教廷/90101_勒马尔/skins/lemaer_ghost
维希教廷,塔尔图,塔尔图,taertu,exact,assets/维希教廷/90102_塔尔图/skins/taertu
维希教廷,塔尔图,多虑的盛夏,taertu_2,exact,assets/维希教廷/90102_塔尔图/skins/taertu_2
维希教廷,弗兰德尔,弗兰德尔,fulandeer,exact,assets/维希教廷/99902_弗兰德尔/skins/fulandeer
维希教廷,弗兰德尔,愿恕爱怜之罪,fulandeer_2,exact,assets/维希教廷/99902_弗兰德尔/skins/fulandeer_2
维希教廷,恶毒,恶毒,edu,exact,assets/维希教廷/90111_恶毒/skins/edu
维希教廷,恶毒,懒懒的星期天,edu_2,exact,assets/维希教廷/90111_恶毒/skins/edu_2
维希教廷,恶毒,秘密基地的Mercredi,edu_3,exact,assets/维希教廷/90111_恶毒/skins/edu_3
维希教廷,恶毒,懒懒的白兔,edu_4,exact,assets/维希教廷/90111_恶毒/skins/edu_4
维希教廷,恶毒(μ兵装),恶毒(μ兵装),edu_idol,exact,assets/维希教廷/90112_恶毒(μ兵装)/skins/edu_idol
维希教廷,拉·加利索尼埃,拉·加利索尼埃,jialisuoniye,exact,assets/维希教廷/90201_拉·加利索尼埃/skins/jialisuoniye
维希教廷,拉·加利索尼埃,无垢的Piscine,jialisuoniye_2,exact,assets/维希教廷/90201_拉·加利索尼埃/skins/jialisuoniye_2
维希教廷,拉·加利索尼埃,春晓醉梦,jialisuoniye_4,exact,assets/维希教廷/90201_拉·加利索尼埃/skins/jialisuoniye_4
维希教廷,拉·加利索尼埃,黑猫与南瓜之夜,jialisuoniye_3,exact,assets/维希教廷/90201_拉·加利索尼埃/skins/jialisuoniye_3
维希教廷,拉·加利索尼埃,特殊素材 · jialisuoniye_3_hx,jialisuoniye_3_hx,variant,assets/维希教廷/90201_拉·加利索尼埃/skins/jialisuoniye_3_hx
维希教廷,敦刻尔克,敦刻尔克,dunkeerke,exact,assets/维希教廷/90401_敦刻尔克/skins/dunkeerke
维希教廷,敦刻尔克,“甜蜜”夏日,dunkeerke_2,exact,assets/维希教廷/90401_敦刻尔克/skins/dunkeerke_2
维希教廷,敦刻尔克,午后三时的Venus,dunkeerke_3,exact,assets/维希教廷/90401_敦刻尔克/skins/dunkeerke_3
维希教廷,斯特拉斯堡,斯特拉斯堡,sitelasibao,exact,assets/维希教廷/90402_斯特拉斯堡/skins/sitelasibao
维希教廷,斯特拉斯堡,赛场上的电子妖精,sitelasibao_2,exact,assets/维希教廷/90402_斯特拉斯堡/skins/sitelasibao_2
维希教廷,斯特拉斯堡,特殊素材 · sitelasibao_2_hx,sitelasibao_2_hx,variant,assets/维希教廷/90402_斯特拉斯堡/skins/sitelasibao_2_hx
维希教廷,果敢,果敢,guogan,exact,assets/维希教廷/90114_果敢/skins/guogan
维希教廷,果敢,伞下的守护,guogan_2,exact,assets/维希教廷/90114_果敢/skins/guogan_2
维希教廷,沃克兰,沃克兰,wokelan,exact,assets/维希教廷/90103_沃克兰/skins/wokelan
维希教廷,沃克兰,天然纯真夏日骑士,wokelan_2,exact,assets/维希教廷/90103_沃克兰/skins/wokelan_2
维希教廷,沃克兰,全自动交响乐？,wokelan_3,exact,assets/维希教廷/90103_沃克兰/skins/wokelan_3
维希教廷,沃克兰,异世界的“不速之客”,wokelan_4,exact,assets/维希教廷/90103_沃克兰/skins/wokelan_4
维希教廷,沃克兰,特殊素材 · chess_wokelan,chess_wokelan,variant,assets/维希教廷/90103_沃克兰/skins/chess_wokelan
维希教廷,福煦,福煦,fuxu,exact,assets/维希教廷/90301_福煦/skins/fuxu
维希教廷,福煦,虹彩的rendez-vous,fuxu_2,exact,assets/维希教廷/90301_福煦/skins/fuxu_2
维希教廷,福煦,耀眼的女管家,fuxu_3,exact,assets/维希教廷/90301_福煦/skins/fuxu_3
维希教廷,福煦,特殊素材 · chess_fuxu,chess_fuxu,variant,assets/维希教廷/90301_福煦/skins/chess_fuxu
维希教廷,花剑,花剑,huajian,exact,assets/维希教廷/90105_花剑/skins/huajian
维希教廷,花剑,幸运之夜,huajian_2,exact,assets/维希教廷/90105_花剑/skins/huajian_2
维希教廷,莫加多尔,莫加多尔,mojiaduoer,exact,assets/维希教廷/90107_莫加多尔/skins/mojiaduoer
维希教廷,莫加多尔,静谧一隅的燥热,mojiaduoer_2,exact,assets/维希教廷/90107_莫加多尔/skins/mojiaduoer_2
维希教廷,莫加多尔,嗅诊的护理天使,mojiaduoer_3,exact,assets/维希教廷/90107_莫加多尔/skins/mojiaduoer_3
维希教廷,莫加多尔,共坠的渴慕,mojiaduoer_4,exact,assets/维希教廷/90107_莫加多尔/skins/mojiaduoer_4
维希教廷,莫加多尔,共坠的渴慕,mojiaduoer_5,exact,assets/维希教廷/90107_莫加多尔/skins/mojiaduoer_5
维希教廷,让·巴尔,让·巴尔,rangbaer,exact,assets/维希教廷/90501_让·巴尔/skins/rangbaer
维希教廷,让·巴尔,不羁的BloodStone,rangbaer_2,exact,assets/维希教廷/90501_让·巴尔/skins/rangbaer_2
维希教廷,让·巴尔,秘密的Après midi,rangbaer_3,exact,assets/维希教廷/90501_让·巴尔/skins/rangbaer_3
维希教廷,让·巴尔,舶刀Première neige,rangbaer_4,exact,assets/维希教廷/90501_让·巴尔/skins/rangbaer_4
维希教廷,让·巴尔,灯映星展,rangbaer_5,exact,assets/维希教廷/90501_让·巴尔/skins/rangbaer_5
维希教廷,迪普莱克斯,迪普莱克斯,dipulaikesi,exact,assets/维希教廷/90303_迪普莱克斯/skins/dipulaikesi
维希教廷,迪普莱克斯,Final Check,dipulaikesi_2,exact,assets/维希教廷/90303_迪普莱克斯/skins/dipulaikesi_2
维希教廷,重剑,重剑,zhongjian,exact,assets/维希教廷/90106_重剑/skins/zhongjian
维希教廷,重剑,角落的小小骑士,zhongjian_2,exact,assets/维希教廷/90106_重剑/skins/zhongjian_2
维希教廷,阿尔及利亚,阿尔及利亚,aerjiliya,exact,assets/维希教廷/90302_阿尔及利亚/skins/aerjiliya
维希教廷,阿尔及利亚,白沙天堂,aerjiliya_2,exact,assets/维希教廷/90302_阿尔及利亚/skins/aerjiliya_2
维希教廷,阿尔及利亚,红桃皇后的审判,aerjiliya_3,exact,assets/维希教廷/90302_阿尔及利亚/skins/aerjiliya_3
维希教廷,霞飞,霞飞,xiafei,exact,assets/维希教廷/90701_霞飞/skins/xiafei
维希教廷,霞飞,笼中的白雪公主,xiafei_2,exact,assets/维希教廷/90701_霞飞/skins/xiafei_2
维希教廷,霞飞,至高乐园,xiafei_3,exact,assets/维希教廷/90701_霞飞/skins/xiafei_3
维希教廷,霞飞,祝福的起步冲刺,xiafei_4,exact,assets/维希教廷/90701_霞飞/skins/xiafei_4
维希教廷,霞飞,特殊素材 · xiafei_boss,xiafei_boss,variant,assets/维希教廷/90701_霞飞/skins/xiafei_boss
维希教廷,马赛曲,马赛曲,masaiqu,exact,assets/维希教廷/90202_马赛曲/skins/masaiqu
维希教廷,马赛曲,战斗天使的健身训练,masaiqu_2,exact,assets/维希教廷/90202_马赛曲/skins/masaiqu_2
郁金王国,七省,七省,qisheng,exact,assets/郁金王国/110201_七省/skins/qisheng
郁金王国,七省,相依偎的温度,qisheng_2,exact,assets/郁金王国/110201_七省/skins/qisheng_2
郁金王国,埃佛森,埃佛森,aifosen,exact,assets/郁金王国/110101_埃佛森/skins/aifosen
郁金王国,埃佛森,落于窗台的暖阳,aifosen_2,exact,assets/郁金王国/110101_埃佛森/skins/aifosen_2
郁金王国,埃佛森,红树林的守护精灵,aifosen_3,exact,assets/郁金王国/110101_埃佛森/skins/aifosen_3
郁金王国,金狮,金狮,jinshi,exact,assets/郁金王国/119901_金狮/skins/jinshi
郁金王国,金狮,朦胧的宠溺时刻,jinshi_2,exact,assets/郁金王国/119901_金狮/skins/jinshi_2
晶环联盟,瓦尔帕莱索,瓦尔帕莱索,waerpalaisuo,exact,assets/晶环联盟/129901_瓦尔帕莱索/skins/waerpalaisuo
飓风,冈依沙瓦号,冈依沙瓦号,gangyishawa,exact,assets/飓风/960007_冈依沙瓦号/skins/gangyishawa
飓风,冈依沙瓦号,被封印的美人鱼,gangyishawa_2,exact,assets/飓风/960007_冈依沙瓦号/skins/gangyishawa_2
飓风,冈依沙瓦号,真我的显影,gangyishawa_3,exact,assets/飓风/960007_冈依沙瓦号/skins/gangyishawa_3
飓风,冈依沙瓦号,特殊素材 · gangyishawa_baoxiang,gangyishawa_baoxiang,variant,assets/飓风/960007_冈依沙瓦号/skins/gangyishawa_baoxiang
飓风,冒险号,冒险号,maoxianhao,exact,assets/飓风/960016_冒险号/skins/maoxianhao
飓风,冒险号,多疑领主的晚宴,maoxianhao_2,exact,assets/飓风/960016_冒险号/skins/maoxianhao_2
飓风,加里冒险号,加里冒险号,jialimaoxian,exact,assets/飓风/960006_加里冒险号/skins/jialimaoxian
飓风,加里冒险号,赤月下的“晚餐会”,jialimaoxian_2,exact,assets/飓风/960006_加里冒险号/skins/jialimaoxian_2
飓风,和睦号,和睦号,hemuhao,exact,assets/飓风/960009_和睦号/skins/hemuhao
飓风,和睦号,友好的弗兰肯,hemuhao_2,exact,assets/飓风/960009_和睦号/skins/hemuhao_2
飓风,圣马丁号,圣马丁号,shengmading,exact,assets/飓风/960002_圣马丁号/skins/shengmading
飓风,圣马丁号,光辉之影,shengmading_2,exact,assets/飓风/960002_圣马丁号/skins/shengmading_2
飓风,安妮女王复仇号,安妮女王复仇号,anninvwang,exact,assets/飓风/960012_安妮女王复仇号/skins/anninvwang
飓风,安妮女王复仇号,隐秘之拥的呼唤,anninvwang_2,exact,assets/飓风/960012_安妮女王复仇号/skins/anninvwang_2
飓风,幻想号,幻想号,huanxianghao,exact,assets/飓风/960008_幻想号/skins/huanxianghao
飓风,幻想号,颤动心房的“恐怖”,huanxianghao_2,exact,assets/飓风/960008_幻想号/skins/huanxianghao_2
飓风,朴茨茅斯冒险号,朴茨茅斯冒险号,pucimaosi,exact,assets/飓风/960010_朴茨茅斯冒险号/skins/pucimaosi
飓风,朴茨茅斯冒险号,精心准备的“惊喜”,pucimaosi_2,exact,assets/飓风/960010_朴茨茅斯冒险号/skins/pucimaosi_2
飓风,海豚号,海豚号,haitunhao,exact,assets/飓风/960011_海豚号/skins/haitunhao
飓风,海豚号,复苏的魔咒,haitunhao_2,exact,assets/飓风/960011_海豚号/skins/haitunhao_2
飓风,玛丽·西莱斯特号,玛丽·西莱斯特号,mali,exact,assets/飓风/960004_玛丽·西莱斯特号/skins/mali
飓风,玛丽·西莱斯特号,幽夜冥神,mali_2,exact,assets/飓风/960004_玛丽·西莱斯特号/skins/mali_2
飓风,珍珠号,珍珠号,zhenzhuhao,exact,assets/飓风/960014_珍珠号/skins/zhenzhuhao
飓风,珍珠号,魔堡中的堕天使,zhenzhuhao_2,exact,assets/飓风/960014_珍珠号/skins/zhenzhuhao_2
飓风,皇家詹姆斯号,皇家詹姆斯号,huangjiazhanmusi,exact,assets/飓风/960015_皇家詹姆斯号/skins/huangjiazhanmusi
飓风,皇家詹姆斯号,初生禁忌的啜吸,huangjiazhanmusi_2,exact,assets/飓风/960015_皇家詹姆斯号/skins/huangjiazhanmusi_2
飓风,皇家财富号,皇家财富号,huangjiacaifu,exact,assets/飓风/960001_皇家财富号/skins/huangjiacaifu
飓风,皇家财富号,邪神（?）的“美餐”,huangjiacaifu_2,exact,assets/飓风/960001_皇家财富号/skins/huangjiacaifu_2
飓风,皇家财富号,海边的约定,huangjiacaifu_3,exact,assets/飓风/960001_皇家财富号/skins/huangjiacaifu_3
飓风,维达号,维达号,weida,exact,assets/飓风/960005_维达号/skins/weida
飓风,维达号,慵懒的黑天使,weida_2,exact,assets/飓风/960005_维达号/skins/weida_2
飓风,莱姆号,莱姆号,laimuhao,exact,assets/飓风/960013_莱姆号/skins/laimuhao
飓风,莱姆号,魔蚀下的悸动,laimuhao_2,exact,assets/飓风/960013_莱姆号/skins/laimuhao_2
飓风,金鹿号,金鹿号,jinluhao,exact,assets/飓风/960003_金鹿号/skins/jinluhao
飓风,金鹿号,古堡中的恐怖淑女,jinluhao_2,exact,assets/飓风/960003_金鹿号/skins/jinluhao_2
飓风,金鹿号,微笑的白色魅影,jinluhao_3,exact,assets/飓风/960003_金鹿号/skins/jinluhao_3
飓风,金鹿号,微笑的白色魅影,jinluhao_4,exact,assets/飓风/960003_金鹿号/skins/jinluhao_4
META,U-556·META,U-556·META,u556_alter,exact,assets/META/970801_U-556·META/skins/u556_alter
META,亚利桑那·META,亚利桑那·META,yalisangna_alter,exact,assets/META/970503_亚利桑那·META/skins/yalisangna_alter
META,伊丽莎白女王·META,伊丽莎白女王·META,yilishabai_alter,exact,assets/META/970504_伊丽莎白女王·META/skins/yilishabai_alter
META,光荣·META,光荣·META,guangrong_alter,exact,assets/META/970707_光荣·META/skins/guangrong_alter
META,克利夫兰·META,克利夫兰·META,kelifulan_alter,exact,assets/META/970209_克利夫兰·META/skins/kelifulan_alter
META,内华达·META,内华达·META,neihuada_alter,exact,assets/META/970509_内华达·META/skins/neihuada_alter
META,凤翔·META,凤翔·META,fengxiang_alter,exact,assets/META/970604_凤翔·META/skins/fengxiang_alter
META,博伊西·META,博伊西·META,boyixi_alter,exact,assets/META/970208_博伊西·META/skins/boyixi_alter
META,博尔扎诺·META,博尔扎诺·META,boerzhanuo_alter,exact,assets/META/970306_博尔扎诺·META/skins/boerzhanuo_alter
META,反击·META,反击·META,fanji_alter,exact,assets/META/970403_反击·META/skins/fanji_alter
META,吸血鬼·META,吸血鬼·META,xixuegui_alter,exact,assets/META/970105_吸血鬼·META/skins/xixuegui_alter
META,命运女神·META,命运女神·META,mingyunnvshen_alter,exact,assets/META/970102_命运女神·META/skins/mingyunnvshen_alter
META,基洛夫·META,基洛夫·META,jiluofu_alter,exact,assets/META/970206_基洛夫·META/skins/jiluofu_alter
META,声望·META,声望·META,shengwang_alter,exact,assets/META/970404_声望·META/skins/shengwang_alter
META,夕立·META,夕立·META,xili_alter,exact,assets/META/970109_夕立·META/skins/xili_alter
META,大凤·META,大凤·META,dafeng_alter,exact,assets/META/970705_大凤·META/skins/dafeng_alter
META,大黄蜂·META,大黄蜂·META,dahuangfeng_alter,exact,assets/META/970706_大黄蜂·META/skins/dahuangfeng_alter
META,女灶神·META,女灶神·META,zaoshen_alter,exact,assets/META/971201_女灶神·META/skins/zaoshen_alter
META,威奇塔·META,威奇塔·META,weiqita_alter,exact,assets/META/970304_威奇塔·META/skins/weiqita_alter
META,孟菲斯·META,孟菲斯·META,mengfeisi_alter,exact,assets/META/970202_孟菲斯·META/skins/mengfeisi_alter
META,安德烈亚·多利亚·META,安德烈亚·多利亚·META,andelieyaduoliya_alter,exact,assets/META/970508_安德烈亚·多利亚·META/skins/andelieyaduoliya_alter
META,山城·META,山城·META,shancheng_alter,exact,assets/META/970502_山城·META/skins/shancheng_alter
META,布里斯托尔·META,布里斯托尔·META,bulisituoer_alter,exact,assets/META/970112_布里斯托尔·META/skins/bulisituoer_alter
META,希佩尔海军上将·META,希佩尔海军上将·META,xipeierhaijunshangjiang_alter,exact,assets/META/970305_希佩尔海军上将·META/skins/xipeierhaijunshangjiang_alter
META,扶桑·META,扶桑·META,fusang_alter,exact,assets/META/970501_扶桑·META/skins/fusang_alter
META,拉·加利索尼埃·META ,拉·加利索尼埃·META ,jialisuoniye_alter,exact,assets/META/970204_拉·加利索尼埃·META/skins/jialisuoniye_alter
META,拉·加利索尼埃·META ,特殊素材 · jialisuoniye_alter_hx,jialisuoniye_alter_hx,variant,assets/META/970204_拉·加利索尼埃·META/skins/jialisuoniye_alter_hx
META,敦刻尔克·META,敦刻尔克·META,dunkeerke_alter,exact,assets/META/970406_敦刻尔克·META/skins/dunkeerke_alter
META,旗风·META,旗风·META,qifeng_alter,exact,assets/META/970103_旗风·META/skins/qifeng_alter
META,易北·META,易北·META,yibei_alter,exact,assets/META/970605_易北·META/skins/yibei_alter
META,普林斯顿·META,普林斯顿·META,pulinsidun_alter,exact,assets/META/970603_普林斯顿·META/skins/pulinsidun_alter
META,朱利奥·凯撒·META,朱利奥·凯撒·META,kaisa_alter,exact,assets/META/970507_朱利奥·凯撒·META/skins/kaisa_alter
META,杜威·META,杜威·META,duwei_alter,exact,assets/META/970110_杜威·META/skins/duwei_alter
META,柯尼斯堡·META,柯尼斯堡·META,kenisibao_alter,exact,assets/META/970212_柯尼斯堡·META/skins/kenisibao_alter
META,格伦维尔·META,格伦维尔·META,gelunweier_alter,exact,assets/META/970107_格伦维尔·META/skins/gelunweier_alter
META,格奈森瑙·META,格奈森瑙·META,genaisennao_alter,exact,assets/META/970401_格奈森瑙·META/skins/genaisennao_alter
META,比叡·META,比叡·META,birui_alter,exact,assets/META/970405_比叡·META/skins/birui_alter
META,水星纪念·META,水星纪念·META,shuixingjinian_alter,exact,assets/META/970207_水星纪念·META/skins/shuixingjinian_alter
META,江风·META,江风·META,jiangfeng_alter,exact,assets/META/970108_江风·META/skins/jiangfeng_alter
META,江风·META,特殊素材 · jiangfeng_alter_shadow,jiangfeng_alter_shadow,variant,assets/META/970108_江风·META/skins/jiangfeng_alter_shadow
META,沙恩霍斯特·META,沙恩霍斯特·META,shaenhuosite_alter,exact,assets/META/970402_沙恩霍斯特·META/skins/shaenhuosite_alter
META,海伦娜·META,海伦娜·META,hailunna_alter,exact,assets/META/970201_海伦娜·META/skins/hailunna_alter
META,特伦托·META,特伦托·META,teluntuo_alter,exact,assets/META/970301_特伦托·META/skins/teluntuo_alter
META,猎人·META,猎人·META,lieren_alter,exact,assets/META/970101_猎人·META/skins/lieren_alter
META,甘古特·META,甘古特·META,gangute_alter,exact,assets/META/970510_甘古特·META/skins/gangute_alter
META,皇家方舟·META,皇家方舟·META,huangjiafangzhou_alter,exact,assets/META/970702_皇家方舟·META/skins/huangjiafangzhou_alter
META,神通·META,神通·META,shentong_alter,exact,assets/META/970205_神通·META/skins/shentong_alter
META,福煦·META,福煦·META,fuxu_alter,exact,assets/META/970303_福煦·META/skins/fuxu_alter
META,科隆·META,科隆·META,kelong_alter,exact,assets/META/970210_科隆·META/skins/kelong_alter
META,约克城·META,约克城·META,yuekecheng_alter,exact,assets/META/970708_约克城·META/skins/yuekecheng_alter
META,纽伦堡·META,纽伦堡·META,niulunbao_alter,exact,assets/META/970213_纽伦堡·META/skins/niulunbao_alter
META,罗德尼·META,罗德尼·META,luodeni_alter,exact,assets/META/970505_罗德尼·META/skins/luodeni_alter
META,胜利·META,胜利·META,shengli_alter,exact,assets/META/970709_胜利·META/skins/shengli_alter
META,苍龙·META,苍龙·META,canglong_alter,exact,assets/META/970703_苍龙·META/skins/canglong_alter
META,萨拉托加·META,萨拉托加·META,salatuojia_alter,exact,assets/META/970710_萨拉托加·META/skins/salatuojia_alter
META,谢菲尔德·META,谢菲尔德·META,xiefeierde_alter,exact,assets/META/970203_谢菲尔德·META/skins/xiefeierde_alter
META,贝亚恩·META,贝亚恩·META,beiyaen_alter,exact,assets/META/970704_贝亚恩·META/skins/beiyaen_alter
META,金伯利·META,金伯利·META,jinboli_alter,exact,assets/META/970104_金伯利·META/skins/jinboli_alter
META,长门·META,长门·META,changmen_alter,exact,assets/META/970506_长门·META/skins/changmen_alter
META,阿尔及利亚·META,阿尔及利亚·META,aerjiliya_alter,exact,assets/META/970302_阿尔及利亚·META/skins/aerjiliya_alter
META,隼鹰·META,隼鹰·META,sunying_alter,exact,assets/META/970602_隼鹰·META/skins/sunying_alter
META,雷根斯堡·META,雷根斯堡·META,leigensibao_alter,exact,assets/META/970211_雷根斯堡·META/skins/leigensibao_alter
META,霞·META,霞·META,xia_alter,exact,assets/META/970106_霞·META/skins/xia_alter
META,飞鹰·META,飞鹰·META,feiying_alter,exact,assets/META/970601_飞鹰·META/skins/feiying_alter
META,飞龙·META,飞龙·META,feilong_alter,exact,assets/META/970701_飞龙·META/skins/feilong_alter
META,黑暗界·META,黑暗界·META,heianjie_alter,exact,assets/META/971301_黑暗界·META/skins/heianjie_alter
META,龙骑兵·META,龙骑兵·META,longqibing_alter,exact,assets/META/970111_龙骑兵·META/skins/longqibing_alter
其他,泛用型布里,泛用型布里,gin,exact,assets/其他/10000_泛用型布里/skins/gin
其他,泛用型布里,泛用型强化武装(工作用),gin_2,exact,assets/其他/10000_泛用型布里/skins/gin_2
其他,泛用型布里,变身！魔法少女★buli！,gin_3,exact,assets/其他/10000_泛用型布里/skins/gin_3
其他,特装型布里MKIII,特装型布里MKIII,buli_super,exact,assets/其他/10002_特装型布里MKIII/skins/buli_super
其他,特装型布里MKIII,BurinBurin★正义使者,buli_super_2,exact,assets/其他/10002_特装型布里MKIII/skins/buli_super_2
其他,试作型布里MKII,试作型布里MKII,kin,exact,assets/其他/10001_试作型布里MKII/skins/kin
其他,试作型布里MKII,试作型先进兵装(摄影用),kin_2,exact,assets/其他/10001_试作型布里MKII/skins/kin_2
海王星,圣黑之心,圣黑之心,hdn202_1,exact,assets/海王星/1010006_圣黑之心/skins/hdn202_1
海王星,圣黑之心,女神的微笑,hdn202_2,exact,assets/海王星/1010006_圣黑之心/skins/hdn202_2
海王星,布兰,布兰,hdn301,exact,assets/海王星/1010003_布兰/skins/hdn301
海王星,涅普顿,涅普顿,hdn101,exact,assets/海王星/1010001_涅普顿/skins/hdn101
海王星,绀紫之心,绀紫之心,hdn102_1,exact,assets/海王星/1010005_绀紫之心/skins/hdn102_1
海王星,绀紫之心,女神的约定,hdn102_2,exact,assets/海王星/1010005_绀紫之心/skins/hdn102_2
海王星,群白之心,群白之心,hdn302_1,exact,assets/海王星/1010007_群白之心/skins/hdn302_1
海王星,群白之心,女神的羞怯,hdn302_2,exact,assets/海王星/1010007_群白之心/skins/hdn302_2
海王星,翡绿之心,翡绿之心,hdn402_1,exact,assets/海王星/1010008_翡绿之心/skins/hdn402_1
海王星,翡绿之心,女神的一刻,hdn402_2,exact,assets/海王星/1010008_翡绿之心/skins/hdn402_2
海王星,诺瓦露,诺瓦露,hdn201,exact,assets/海王星/1010002_诺瓦露/skins/hdn201
海王星,贝露,贝露,hdn401,exact,assets/海王星/1010004_贝露/skins/hdn401
哔哩哔哩,22,22,22,exact,assets/哔哩哔哩/1020001_22/skins/22
哔哩哔哩,33,33,33,exact,assets/哔哩哔哩/1020002_33/skins/33
传颂之物,久远,久远,jiuyuan,exact,assets/传颂之物/1030001_久远/skins/jiuyuan
传颂之物,久远,久远(传颂之物),jiuyuan_2,exact,assets/传颂之物/1030001_久远/skins/jiuyuan_2
传颂之物,乌璐露,乌璐露,wululu,exact,assets/传颂之物/1030004_乌璐露/skins/wululu
传颂之物,乌璐露,乌璐露(传颂之物),wululu_2,exact,assets/传颂之物/1030004_乌璐露/skins/wululu_2
传颂之物,猫音,猫音,maoyin,exact,assets/传颂之物/1030002_猫音/skins/maoyin
传颂之物,猫音,猫音(传颂之物),maoyin_2,exact,assets/传颂之物/1030002_猫音/skins/maoyin_2
传颂之物,芙米露露,芙米露露,fumilulu,exact,assets/传颂之物/1030006_芙米露露/skins/fumilulu
传颂之物,芙米露露,芙米露露(传颂之物),fumilulu_2,exact,assets/传颂之物/1030006_芙米露露/skins/fumilulu_2
传颂之物,萨拉娜,萨拉娜,salana,exact,assets/传颂之物/1030005_萨拉娜/skins/salana
传颂之物,萨拉娜,萨拉娜(传颂之物),salana_2,exact,assets/传颂之物/1030005_萨拉娜/skins/salana_2
传颂之物,露露缇耶,露露缇耶,lulutiye,exact,assets/传颂之物/1030003_露露缇耶/skins/lulutiye
传颂之物,露露缇耶,露露缇耶(传颂之物),lulutiye_2,exact,assets/传颂之物/1030003_露露缇耶/skins/lulutiye_2
KizunaAI,绊爱,绊爱,aijiangdd,exact,assets/KizunaAI/1040001_绊爱/skins/aijiangdd
KizunaAI,绊爱,Sakura Festival,aijiangdd_2,exact,assets/KizunaAI/1040001_绊爱/skins/aijiangdd_2
KizunaAI,绊爱·Anniversary,绊爱·Anniversary,aijiangcv,exact,assets/KizunaAI/1040003_绊爱·Anniversary/skins/aijiangcv
KizunaAI,绊爱·Elegant,绊爱·Elegant,aijiangcl,exact,assets/KizunaAI/1040002_绊爱·Elegant/skins/aijiangcl
KizunaAI,绊爱·SuperGamer,绊爱·SuperGamer,aijiangbb,exact,assets/KizunaAI/1040004_绊爱·SuperGamer/skins/aijiangbb
hololive,夏色祭,夏色祭,vtuber_matsuri,exact,assets/hololive/1050004_夏色祭/skins/vtuber_matsuri
hololive,夏色祭,祭的居家日,vtuber_matsuri_2,exact,assets/hololive/1050004_夏色祭/skins/vtuber_matsuri_2
hololive,大神澪,大神澪,vtuber_mio,exact,assets/hololive/1050007_大神澪/skins/vtuber_mio
hololive,大神澪,Summer Vacance,vtuber_mio_2,exact,assets/hololive/1050007_大神澪/skins/vtuber_mio_2
hololive,时乃空,时乃空,vtuber_sora,exact,assets/hololive/1050002_时乃空/skins/vtuber_sora
hololive,时乃空,晴空之夏,vtuber_sora_2,exact,assets/hololive/1050002_时乃空/skins/vtuber_sora_2
hololive,湊阿库娅,湊阿库娅,vtuber_aqua,exact,assets/hololive/1050003_湊阿库娅/skins/vtuber_aqua
hololive,湊阿库娅,海之女仆,vtuber_aqua_2,exact,assets/hololive/1050003_湊阿库娅/skins/vtuber_aqua_2
hololive,白上吹雪,白上吹雪,vtuber_fubuki,exact,assets/hololive/1050001_白上吹雪/skins/vtuber_fubuki
hololive,白上吹雪,沙滩之狐,vtuber_fubuki_2,exact,assets/hololive/1050001_白上吹雪/skins/vtuber_fubuki_2
hololive,百鬼绫目,百鬼绫目,vtuber_ayame,exact,assets/hololive/1050005_百鬼绫目/skins/vtuber_ayame
hololive,百鬼绫目,夏之百鬼,vtuber_ayame_2,exact,assets/hololive/1050005_百鬼绫目/skins/vtuber_ayame_2
hololive,紫咲诗音,紫咲诗音,vtuber_shion,exact,assets/hololive/1050006_紫咲诗音/skins/vtuber_shion
hololive,紫咲诗音,虚拟魔法使,vtuber_shion_2,exact,assets/hololive/1050006_紫咲诗音/skins/vtuber_shion_2
维纳斯假期,伊莉丝,伊莉丝,yilisi_doa,exact,assets/维纳斯假期/1060010_伊莉丝/skins/yilisi_doa
维纳斯假期,伊莉丝,某位女神的午后,yilisi_2_doa,exact,assets/维纳斯假期/1060010_伊莉丝/skins/yilisi_2_doa
维纳斯假期,凪咲,凪咲,zhixiao_doa,exact,assets/维纳斯假期/1060005_凪咲/skins/zhixiao_doa
维纳斯假期,凪咲,蓝天好心情,zhixiao_2_doa,exact,assets/维纳斯假期/1060005_凪咲/skins/zhixiao_2_doa
维纳斯假期,千乃,千乃,qiannai_doa,exact,assets/维纳斯假期/1060015_千乃/skins/qiannai_doa
维纳斯假期,千乃,可爱动物装,qiannai_2_doa,exact,assets/维纳斯假期/1060015_千乃/skins/qiannai_2_doa
维纳斯假期,女天狗,女天狗,nvtiangou_doa,exact,assets/维纳斯假期/1060006_女天狗/skins/nvtiangou_doa
维纳斯假期,女天狗,红枫与温泉假日,nvtiangou_2_doa,exact,assets/维纳斯假期/1060006_女天狗/skins/nvtiangou_2_doa
维纳斯假期,派蒂,派蒂,paidi_doa,exact,assets/维纳斯假期/1060014_派蒂/skins/paidi_doa
维纳斯假期,派蒂,毛茸茸乐园,paidi_2_doa,exact,assets/维纳斯假期/1060014_派蒂/skins/paidi_2_doa
维纳斯假期,海咲,海咲,haixiao_doa,exact,assets/维纳斯假期/1060004_海咲/skins/haixiao_doa
维纳斯假期,海咲,金色的特别摄影,haixiao_2_doa,exact,assets/维纳斯假期/1060004_海咲/skins/haixiao_2_doa
维纳斯假期,海咲,夜空盛放之花,haixiao_3_doa,exact,assets/维纳斯假期/1060004_海咲/skins/haixiao_3_doa
维纳斯假期,玛莉萝丝,玛莉萝丝,maliluosi_doa,exact,assets/维纳斯假期/1060001_玛莉萝丝/skins/maliluosi_doa
维纳斯假期,玛莉萝丝,浪花与小恶魔从者,maliluosi_2_doa,exact,assets/维纳斯假期/1060001_玛莉萝丝/skins/maliluosi_2_doa
维纳斯假期,玛莉萝丝,热气蒸腾的女神,maliluosi_3_doa,exact,assets/维纳斯假期/1060001_玛莉萝丝/skins/maliluosi_3_doa
维纳斯假期,环,环,huan_doa,exact,assets/维纳斯假期/1060009_环/skins/huan_doa
维纳斯假期,环,女神的沐浴时间,huan_2_doa,exact,assets/维纳斯假期/1060009_环/skins/huan_2_doa
维纳斯假期,穗香,穗香,suixiang_doa,exact,assets/维纳斯假期/1060002_穗香/skins/suixiang_doa
维纳斯假期,穗香,礁石边的盛夏天使,suixiang_2_doa,exact,assets/维纳斯假期/1060002_穗香/skins/suixiang_2_doa
维纳斯假期,筑紫,筑紫,zhuzi_doa,exact,assets/维纳斯假期/1060013_筑紫/skins/zhuzi_doa
维纳斯假期,筑紫,Dream Machine,zhuzi_2_doa,exact,assets/维纳斯假期/1060013_筑紫/skins/zhuzi_2_doa
维纳斯假期,莫妮卡,莫妮卡,monika_doa,exact,assets/维纳斯假期/1060007_莫妮卡/skins/monika_doa
维纳斯假期,莫妮卡,特别的红心Ace,monika_2_doa,exact,assets/维纳斯假期/1060007_莫妮卡/skins/monika_2_doa
维纳斯假期,雫,雫,na_doa,exact,assets/维纳斯假期/1060011_雫/skins/na_doa
维纳斯假期,雫,于潮间嬉戏的少女,na_2_doa,exact,assets/维纳斯假期/1060011_雫/skins/na_2_doa
维纳斯假期,霞,霞,xia_doa,exact,assets/维纳斯假期/1060003_霞/skins/xia_doa
维纳斯假期,霞,水边的霞光,xia_2_doa,exact,assets/维纳斯假期/1060003_霞/skins/xia_2_doa
维纳斯假期,露娜,露娜,luna_doa,exact,assets/维纳斯假期/1060008_露娜/skins/luna_doa
维纳斯假期,露娜,沙滩上的女神,luna_2_doa,exact,assets/维纳斯假期/1060008_露娜/skins/luna_2_doa
维纳斯假期,香迪,香迪,xiangdi_doa,exact,assets/维纳斯假期/1060012_香迪/skins/xiangdi_doa
维纳斯假期,香迪,魅惑的特调饮品,xiangdi_2_doa,exact,assets/维纳斯假期/1060012_香迪/skins/xiangdi_2_doa
偶像大师,三浦 梓,三浦 梓,zi,exact,assets/偶像大师/1070004_三浦 梓/skins/zi
偶像大师,三浦 梓,盛夏的休憩之所,zi_2,exact,assets/偶像大师/1070004_三浦 梓/skins/zi_2
偶像大师,双海亚美,双海亚美,yamei,exact,assets/偶像大师/1070006_双海亚美/skins/yamei
偶像大师,双海亚美,大太鼓、夏之华,yamei_2,exact,assets/偶像大师/1070006_双海亚美/skins/yamei_2
偶像大师,双海真美,双海真美,zhenmei,exact,assets/偶像大师/1070007_双海真美/skins/zhenmei
偶像大师,双海真美,性感嘉年华！,zhenmei_2,exact,assets/偶像大师/1070007_双海真美/skins/zhenmei_2
偶像大师,天海春香,天海春香,chunxiang,exact,assets/偶像大师/1070001_天海春香/skins/chunxiang
偶像大师,天海春香,喧嚣中的静谧,chunxiang_2,exact,assets/偶像大师/1070001_天海春香/skins/chunxiang_2
偶像大师,如月千早,如月千早,qianzao,exact,assets/偶像大师/1070002_如月千早/skins/qianzao
偶像大师,如月千早,水月镜花,qianzao_2,exact,assets/偶像大师/1070002_如月千早/skins/qianzao_2
偶像大师,水濑伊织,水濑伊织,yizhi,exact,assets/偶像大师/1070003_水濑伊织/skins/yizhi
偶像大师,水濑伊织,黄昏的小秘密,yizhi_2,exact,assets/偶像大师/1070003_水濑伊织/skins/yizhi_2
偶像大师,秋月律子,秋月律子,lvzi,exact,assets/偶像大师/1070005_秋月律子/skins/lvzi
偶像大师,秋月律子,盛夏时光·乒乓对决,lvzi_2,exact,assets/偶像大师/1070005_秋月律子/skins/lvzi_2
SSSS,公主,公主,gongzhu,exact,assets/SSSS/1080009_公主/skins/gongzhu
SSSS,公主,晚酌时间,gongzhu_2,exact,assets/SSSS/1080009_公主/skins/gongzhu_2
SSSS,南梦芽,南梦芽,mengya,exact,assets/SSSS/1080005_南梦芽/skins/mengya
SSSS,南梦芽,窗沿的美梦,mengya_2,exact,assets/SSSS/1080005_南梦芽/skins/mengya_2
SSSS,南梦芽,晨间日常,mengya_3,exact,assets/SSSS/1080005_南梦芽/skins/mengya_3
SSSS,奈美子,奈美子,naimeizi,exact,assets/SSSS/1080004_奈美子/skins/naimeizi
SSSS,奈美子,街头的相遇,naimeizi_2,exact,assets/SSSS/1080004_奈美子/skins/naimeizi_2
SSSS,宝多六花,宝多六花,baoduoliuhua,exact,assets/SSSS/1080001_宝多六花/skins/baoduoliuhua
SSSS,宝多六花,晴空的车站,baoduoliuhua_2,exact,assets/SSSS/1080001_宝多六花/skins/baoduoliuhua_2
SSSS,宝多六花,家居小憩,baoduoliuhua_3,exact,assets/SSSS/1080001_宝多六花/skins/baoduoliuhua_3
SSSS,新条茜,新条茜,qian,exact,assets/SSSS/1080002_新条茜/skins/qian
SSSS,新条茜,两人独处的休息日,qian_2,exact,assets/SSSS/1080002_新条茜/skins/qian_2
SSSS,新条茜,秘密房间,qian_3,exact,assets/SSSS/1080002_新条茜/skins/qian_3
SSSS,第二代,第二代,erdaimu,exact,assets/SSSS/1080008_第二代/skins/erdaimu
SSSS,第二代,私人时间,erdaimu_2,exact,assets/SSSS/1080008_第二代/skins/erdaimu_2
SSSS,莲,莲,lian,exact,assets/SSSS/1080003_莲/skins/lian
SSSS,莲,港区采访放送中！,lian_2,exact,assets/SSSS/1080003_莲/skins/lian_2
SSSS,貉,貉,he,exact,assets/SSSS/1080007_貉/skins/he
SSSS,貉,金色的步行道,he_2,exact,assets/SSSS/1080007_貉/skins/he_2
SSSS,飞鸟川千濑,飞鸟川千濑,qianlai,exact,assets/SSSS/1080006_飞鸟川千濑/skins/qianlai
SSSS,飞鸟川千濑,与你同游的天空,qianlai_2,exact,assets/SSSS/1080006_飞鸟川千濑/skins/qianlai_2
SSSS,飞鸟川千濑,洗衣房时光,qianlai_3,exact,assets/SSSS/1080006_飞鸟川千濑/skins/qianlai_3
Atelier Ryza,卡菈·伊迪亚斯,卡菈·伊迪亚斯,kala,exact,assets/Atelier Ryza/1090006_卡菈·伊迪亚斯/skins/kala
Atelier Ryza,卡菈·伊迪亚斯,族长大厨,kala_2,exact,assets/Atelier Ryza/1090006_卡菈·伊迪亚斯/skins/kala_2
Atelier Ryza,帕特莉夏·阿贝尔海姆,帕特莉夏·阿贝尔海姆,patelixia,exact,assets/Atelier Ryza/1090003_帕特莉夏·阿贝尔海姆/skins/patelixia
Atelier Ryza,帕特莉夏·阿贝尔海姆,虚实交映的放松时间,patelixia_2,exact,assets/Atelier Ryza/1090003_帕特莉夏·阿贝尔海姆/skins/patelixia_2
Atelier Ryza,科洛蒂娅·巴兰茨,科洛蒂娅·巴兰茨,keluodiya,exact,assets/Atelier Ryza/1090002_科洛蒂娅·巴兰茨/skins/keluodiya
Atelier Ryza,科洛蒂娅·巴兰茨,晚安前的夜话,keluodiya_2,exact,assets/Atelier Ryza/1090002_科洛蒂娅·巴兰茨/skins/keluodiya_2
Atelier Ryza,莉拉·德西亚斯,莉拉·德西亚斯,lila,exact,assets/Atelier Ryza/1090004_莉拉·德西亚斯/skins/lila
Atelier Ryza,莉拉·德西亚斯,月下的邂逅,lila_2,exact,assets/Atelier Ryza/1090004_莉拉·德西亚斯/skins/lila_2
Atelier Ryza,莱莎琳·斯托特,莱莎琳·斯托特,laisha,exact,assets/Atelier Ryza/1090001_莱莎琳·斯托特/skins/laisha
Atelier Ryza,莱莎琳·斯托特,熬夜的炼金术士,laisha_2,exact,assets/Atelier Ryza/1090001_莱莎琳·斯托特/skins/laisha_2
Atelier Ryza,莱莎琳·斯托特,料理挑战！,laisha_3,exact,assets/Atelier Ryza/1090001_莱莎琳·斯托特/skins/laisha_3
Atelier Ryza,赛莉·古劳斯,赛莉·古劳斯,saili,exact,assets/Atelier Ryza/1090005_赛莉·古劳斯/skins/saili
Atelier Ryza,赛莉·古劳斯,星月夜的妖精,saili_2,exact,assets/Atelier Ryza/1090005_赛莉·古劳斯/skins/saili_2
闪乱神乐,夕烧,夕烧,xishao,exact,assets/闪乱神乐/1100007_夕烧/skins/xishao
闪乱神乐,夕烧,蓝天碧海,xishao_2,exact,assets/闪乱神乐/1100007_夕烧/skins/xishao_2
闪乱神乐,斑鸠,斑鸠,banjiu,exact,assets/闪乱神乐/1100002_斑鸠/skins/banjiu
闪乱神乐,斑鸠,片刻小憩,banjiu_2,exact,assets/闪乱神乐/1100002_斑鸠/skins/banjiu_2
闪乱神乐,焰,焰,yan,exact,assets/闪乱神乐/1100003_焰/skins/yan
闪乱神乐,焰,钓鱼大师,yan_2,exact,assets/闪乱神乐/1100003_焰/skins/yan_2
闪乱神乐,紫,紫,zi_shanluan,exact,assets/闪乱神乐/1100006_紫/skins/zi_shanluan
闪乱神乐,紫,被困公主的忧郁,zi_2_shanluan,exact,assets/闪乱神乐/1100006_紫/skins/zi_2_shanluan
闪乱神乐,雪不归,雪不归,xuebugui,exact,assets/闪乱神乐/1100005_雪不归/skins/xuebugui
闪乱神乐,雪不归,落日魔女,xuebugui_2,exact,assets/闪乱神乐/1100005_雪不归/skins/xuebugui_2
闪乱神乐,雪泉,雪泉,xuequan,exact,assets/闪乱神乐/1100004_雪泉/skins/xuequan
闪乱神乐,雪泉,午后时光,xuequan_2,exact,assets/闪乱神乐/1100004_雪泉/skins/xuequan_2
闪乱神乐,飞鸟,飞鸟,feiniao,exact,assets/闪乱神乐/1100001_飞鸟/skins/feiniao
闪乱神乐,飞鸟,蔚蓝大海,feiniao_2,exact,assets/闪乱神乐/1100001_飞鸟/skins/feiniao_2
To LOVE-Ru,古手川唯,古手川唯,gushouchuan_tolove,exact,assets/To LOVE-Ru/1110006_古手川唯/skins/gushouchuan_tolove
To LOVE-Ru,古手川唯,风纪委员的休息日,gushouchuan_2_tolove,exact,assets/To LOVE-Ru/1110006_古手川唯/skins/gushouchuan_2_tolove
To LOVE-Ru,娜娜·阿丝达·戴比路克,娜娜·阿丝达·戴比路克,nana_tolove,exact,assets/To LOVE-Ru/1110002_娜娜·阿丝达·戴比路克/skins/nana_tolove
To LOVE-Ru,娜娜·阿丝达·戴比路克,游戏时刻,nana_2_tolove,exact,assets/To LOVE-Ru/1110002_娜娜·阿丝达·戴比路克/skins/nana_2_tolove
To LOVE-Ru,梦梦·贝莉雅·戴比路克,梦梦·贝莉雅·戴比路克,mengmeng_tolove,exact,assets/To LOVE-Ru/1110003_梦梦·贝莉雅·戴比路克/skins/mengmeng_tolove
To LOVE-Ru,梦梦·贝莉雅·戴比路克,“梦”醒时分,mengmeng_2_tolove,exact,assets/To LOVE-Ru/1110003_梦梦·贝莉雅·戴比路克/skins/mengmeng_2_tolove
To LOVE-Ru,菈菈·撒塔琳·戴比路克,菈菈·撒塔琳·戴比路克,lala_tolove,exact,assets/To LOVE-Ru/1110001_菈菈·撒塔琳·戴比路克/skins/lala_tolove
To LOVE-Ru,菈菈·撒塔琳·戴比路克,被束缚的王女殿下,lala_2_tolove,exact,assets/To LOVE-Ru/1110001_菈菈·撒塔琳·戴比路克/skins/lala_2_tolove
To LOVE-Ru,西连寺春菜,西连寺春菜,xiliansi_tolove,exact,assets/To LOVE-Ru/1110005_西连寺春菜/skins/xiliansi_tolove
To LOVE-Ru,西连寺春菜,静谧的谈心之夜,xiliansi_2_tolove,exact,assets/To LOVE-Ru/1110005_西连寺春菜/skins/xiliansi_2_tolove
To LOVE-Ru,金色暗影,金色暗影,jinseanying_tolove,exact,assets/To LOVE-Ru/1110004_金色暗影/skins/jinseanying_tolove
To LOVE-Ru,金色暗影,朋友们的睡衣装备,jinseanying_2_tolove,exact,assets/To LOVE-Ru/1110004_金色暗影/skins/jinseanying_2_tolove
BLACK★ROCK SHOOTER,BLACK★ROCK SHOOTER,BLACK★ROCK SHOOTER,heiyansheshou,exact,assets/BLACK★ROCK SHOOTER/1120001_BLACK★ROCK SHOOTER/skins/heiyansheshou
BLACK★ROCK SHOOTER,BLACK★ROCK SHOOTER,黑之女神,heiyansheshou_2,exact,assets/BLACK★ROCK SHOOTER/1120001_BLACK★ROCK SHOOTER/skins/heiyansheshou_2
BLACK★ROCK SHOOTER,DEAD MASTER,DEAD MASTER,siwangzhuzai,exact,assets/BLACK★ROCK SHOOTER/1120002_DEAD MASTER/skins/siwangzhuzai
BLACK★ROCK SHOOTER,DEAD MASTER,战士的小憩,siwangzhuzai_2,exact,assets/BLACK★ROCK SHOOTER/1120002_DEAD MASTER/skins/siwangzhuzai_2
Atelier Yumia,优米雅·利斯菲尔德,优米雅·利斯菲尔德,youmiya,exact,assets/Atelier Yumia/1130001_优米雅·利斯菲尔德/skins/youmiya
Atelier Yumia,优米雅·利斯菲尔德,我们家的甜点师,youmiya_2,exact,assets/Atelier Yumia/1130001_优米雅·利斯菲尔德/skins/youmiya_2
Atelier Yumia,妮娜·弗里德,妮娜·弗里德,nina,exact,assets/Atelier Yumia/1130003_妮娜·弗里德/skins/nina
Atelier Yumia,妮娜·弗里德,Cafe & Diner mode,nina_2,exact,assets/Atelier Yumia/1130003_妮娜·弗里德/skins/nina_2
Atelier Yumia,艾菈·冯·杜勒,艾菈·冯·杜勒,aila,exact,assets/Atelier Yumia/1130002_艾菈·冯·杜勒/skins/aila
Atelier Yumia,艾菈·冯·杜勒,假日的户外风格,aila_2,exact,assets/Atelier Yumia/1130002_艾菈·冯·杜勒/skins/aila_2
Atelier Yumia,蕾妮雅,蕾妮雅,leiniya,exact,assets/Atelier Yumia/1130004_蕾妮雅/skins/leiniya
Atelier Yumia,蕾妮雅,夏日假期,leiniya_2,exact,assets/Atelier Yumia/1130004_蕾妮雅/skins/leiniya_2
danmachi,琉·璃昂,琉·璃昂,liuliang,exact,assets/danmachi/1140002_琉·璃昂/skins/liuliang
danmachi,琉·璃昂,在夜晚的酒馆中,liuliang_2,exact,assets/danmachi/1140002_琉·璃昂/skins/liuliang_2
danmachi,赫斯缇雅,赫斯缇雅,hesitiya,exact,assets/danmachi/1140001_赫斯缇雅/skins/hesitiya
danmachi,赫斯缇雅,God Vacation！,hesitiya_2,exact,assets/danmachi/1140001_赫斯缇雅/skins/hesitiya_2
Date A Live,五河琴里,五河琴里,qinli,exact,assets/Date A Live/1150003_五河琴里/skins/qinli
Date A Live,五河琴里,水边的女神,qinli_2,exact,assets/Date A Live/1150003_五河琴里/skins/qinli_2
Date A Live,八舞耶俱矢・八舞夕弦,八舞耶俱矢・八舞夕弦,bawu,exact,assets/Date A Live/1150006_八舞耶俱矢・八舞夕弦/skins/bawu
Date A Live,八舞耶俱矢・八舞夕弦,Blue Ocean Rendezvous,bawu_2,exact,assets/Date A Live/1150006_八舞耶俱矢・八舞夕弦/skins/bawu_2
Date A Live,八舞耶俱矢・八舞夕弦,特殊素材 · bawu_2_l,bawu_2_l,variant,assets/Date A Live/1150006_八舞耶俱矢・八舞夕弦/skins/bawu_2_l
Date A Live,八舞耶俱矢・八舞夕弦,特殊素材 · bawu_2_r,bawu_2_r,variant,assets/Date A Live/1150006_八舞耶俱矢・八舞夕弦/skins/bawu_2_r
Date A Live,八舞耶俱矢・八舞夕弦,特殊素材 · bawu_l,bawu_l,variant,assets/Date A Live/1150006_八舞耶俱矢・八舞夕弦/skins/bawu_l
Date A Live,八舞耶俱矢・八舞夕弦,特殊素材 · bawu_r,bawu_r,variant,assets/Date A Live/1150006_八舞耶俱矢・八舞夕弦/skins/bawu_r
Date A Live,四糸乃,四糸乃,sisinai,exact,assets/Date A Live/1150004_四糸乃/skins/sisinai
Date A Live,四糸乃,秘密基地,sisinai_2,exact,assets/Date A Live/1150004_四糸乃/skins/sisinai_2
Date A Live,四糸乃,特殊素材 · sisinai_jianzhuang,sisinai_jianzhuang,variant,assets/Date A Live/1150004_四糸乃/skins/sisinai_jianzhuang
Date A Live,夜刀神十香,夜刀神十香,shixiang,exact,assets/Date A Live/1150001_夜刀神十香/skins/shixiang
Date A Live,夜刀神十香,小憩时光,shixiang_2,exact,assets/Date A Live/1150001_夜刀神十香/skins/shixiang_2
Date A Live,时崎狂三,时崎狂三,kuangsan,exact,assets/Date A Live/1150005_时崎狂三/skins/kuangsan
Date A Live,时崎狂三,双生蔷薇,kuangsan_2,exact,assets/Date A Live/1150005_时崎狂三/skins/kuangsan_2
Date A Live,鸢一折纸,鸢一折纸,zhezhi,exact,assets/Date A Live/1150002_鸢一折纸/skins/zhezhi
Date A Live,鸢一折纸,司掌魅惑的精灵,zhezhi_2,exact,assets/Date A Live/1150002_鸢一折纸/skins/zhezhi_2
NieR Automata,2B,2B,2b,exact,assets/NieR Automata/1170002_2B/skins/2b
NieR Automata,2B,须臾的休憩,2b_2,exact,assets/NieR Automata/1170002_2B/skins/2b_2
NieR Automata,A2,A2,a2,exact,assets/NieR Automata/1170001_A2/skins/a2
NieR Automata,A2,禁忌的果实,a2_2,exact,assets/NieR Automata/1170001_A2/skins/a2_2
未识别 / 其他,FC-1,FC-1,fc-1,exact,assets/未识别 _ 其他/900292_FC-1/skins/fc-1
未识别 / 其他,FC-31,FC-31,fc-31,exact,assets/未识别 _ 其他/900293_FC-31/skins/fc-31
未识别 / 其他,J-10,J-10,j-10,exact,assets/未识别 _ 其他/900290_J-10/skins/j-10
未识别 / 其他,J-15,J-15,j-15,exact,assets/未识别 _ 其他/900291_J-15/skins/j-15
未识别 / 其他,J-20,J-20,j-20,exact,assets/未识别 _ 其他/900294_J-20/skins/j-20
未识别 / 其他,仲裁者·提尔瑞特·VII,仲裁者·提尔瑞特·VII,sairenboss24,exact,assets/未识别 _ 其他/900538_仲裁者·提尔瑞特·VII/skins/sairenboss24
未识别 / 其他,仲裁者·提尔瑞特·VII,特殊素材 · sairenboss24_fuyoupao,sairenboss24_fuyoupao,variant,assets/未识别 _ 其他/900538_仲裁者·提尔瑞特·VII/skins/sairenboss24_fuyoupao
未识别 / 其他,仲裁者·提尔瑞特·VII,特殊素材 · sairenboss24_jijia,sairenboss24_jijia,variant,assets/未识别 _ 其他/900538_仲裁者·提尔瑞特·VII/skins/sairenboss24_jijia
未识别 / 其他,企业,企业,qiye_dark,exact,assets/未识别 _ 其他/900072_企业/skins/qiye_dark
未识别 / 其他,利根,利根,ligen,exact,assets/未识别 _ 其他/900013_利根/skins/ligen
未识别 / 其他,古立特,古立特,gulite_robot3,exact,assets/未识别 _ 其他/1080010_古立特/skins/gulite_robot3
未识别 / 其他,埃塞克斯·META,埃塞克斯·META,aisaikesi_alter,exact,assets/未识别 _ 其他/900406_埃塞克斯·META/skins/aisaikesi_alter
未识别 / 其他,好人理查德,好人理查德,haorenlichade_alter,exact,assets/未识别 _ 其他/900322_好人理查德/skins/haorenlichade_alter
未识别 / 其他,悠悠假日私语时,悠悠假日私语时,tansuozhe_2,exact,assets/未识别 _ 其他/990003_悠悠假日私语时/skins/tansuozhe_2
未识别 / 其他,构建者,构建者,sairenboss11,exact,assets/未识别 _ 其他/900506_构建者/skins/sairenboss11
未识别 / 其他,清除者,清除者,qingchuzhe,exact,assets/未识别 _ 其他/900219_清除者/skins/qingchuzhe
未识别 / 其他,灵敏·META,灵敏·META,lingmin_alter,exact,assets/未识别 _ 其他/900549_灵敏·META/skins/lingmin_alter
未识别 / 其他,狂战帝王古立特,狂战帝王古立特,gulite_robot1,exact,assets/未识别 _ 其他/1080012_狂战帝王古立特/skins/gulite_robot1
未识别 / 其他,电光机王,电光机王,gulite_robot4,exact,assets/未识别 _ 其他/1080011_电光机王/skins/gulite_robot4
未识别 / 其他,罗马,罗马,luoma_ghost,exact,assets/未识别 _ 其他/900329_罗马/skins/luoma_ghost
未识别 / 其他,赤城,赤城,chicheng_alter,exact,assets/未识别 _ 其他/900448_赤城/skins/chicheng_alter
未识别 / 其他,金布里机甲,金布里机甲,jinbulijijia,exact,assets/未识别 _ 其他/900424_金布里机甲/skins/jinbulijijia
未识别 / 其他,马可波罗 王座,马可波罗 王座,makeboluo_jiaohuang,exact,assets/未识别 _ 其他/900536_马可波罗 王座/skins/makeboluo_jiaohuang
未识别 / 其他,马可波罗 王座,马可波罗 王座,makeboluo_wangzuo,exact,assets/未识别 _ 其他/900485_马可波罗 王座/skins/makeboluo_wangzuo
未识别 / 其他,高雄,高雄,gaoxiong_alter,exact,assets/未识别 _ 其他/900189_高雄/skins/gaoxiong_alter
未识别 / 其他,？？？？？,？？？？？,unknown1,exact,assets/未识别 _ 其他/900011_？？？？？/skins/unknown1
未识别 / 其他,？？？？？,？？？？？,unknown3,exact,assets/未识别 _ 其他/900021_？？？？？/skins/unknown3
未识别 / 其他,？？？？？,特殊素材 · unknown3_jianzhuang,unknown3_jianzhuang,variant,assets/未识别 _ 其他/900021_？？？？？/skins/unknown3_jianzhuang
未识别 / 其他,3rd,3rd,3rd,unidentified,assets/未识别 _ 其他/other_3rd_3rd/skins/3rd
未识别 / 其他,aerjiliyadanchuan,aerjiliyadanchuan,aerjiliyadanchuan,unidentified,assets/未识别 _ 其他/other_aerjiliyadanchuan_aerjiliyadanchuan/skins/aerjiliyadanchuan
未识别 / 其他,ai_manjuuu,ai_manjuuu,ai_manjuuu,unidentified,assets/未识别 _ 其他/other_ai_manjuuu_ai_manjuuu/skins/ai_manjuuu
未识别 / 其他,aimierbeierdingdanchuan,aimierbeierdingdanchuan,aimierbeierdingdanchuan,unidentified,assets/未识别 _ 其他/other_aimierbeierdingdanchuan_aimierbeierdingdanchuan/skins/aimierbeierdingdanchuan
未识别 / 其他,bailongdanchuan,bailongdanchuan,bailongdanchuan,unidentified,assets/未识别 _ 其他/other_bailongdanchuan_bailongdanchuan/skins/bailongdanchuan
未识别 / 其他,bailudanchuan,bailudanchuan,bailudanchuan,unidentified,assets/未识别 _ 其他/other_bailudanchuan_bailudanchuan/skins/bailudanchuan
未识别 / 其他,bb_doa,bb_doa,bb_doa,unidentified,assets/未识别 _ 其他/other_bb_doa_bb_doa/skins/bb_doa
未识别 / 其他,bb_gulite,bb_gulite,bb_gulite,unidentified,assets/未识别 _ 其他/other_bb_gulite_bb_gulite/skins/bb_gulite
未识别 / 其他,bb_holo,bb_holo,bb_holo,unidentified,assets/未识别 _ 其他/other_bb_holo_bb_holo/skins/bb_holo
未识别 / 其他,bb_idom,bb_idom,bb_idom,unidentified,assets/未识别 _ 其他/other_bb_idom_bb_idom/skins/bb_idom
未识别 / 其他,bb_jiaotang,bb_jiaotang,bb_jiaotang,unidentified,assets/未识别 _ 其他/other_bb_jiaotang_bb_jiaotang/skins/bb_jiaotang
未识别 / 其他,beikaluolainadanchuan,beikaluolainadanchuan,beikaluolainadanchuan,unidentified,assets/未识别 _ 其他/other_beikaluolainadanchuan_beikaluolainadanchuan/skins/beikaluolainadanchuan
未识别 / 其他,beiyaendanchuan,beiyaendanchuan,beiyaendanchuan,unidentified,assets/未识别 _ 其他/other_beiyaendanchuan_beiyaendanchuan/skins/beiyaendanchuan
未识别 / 其他,bianfuzidan,bianfuzidan,bianfuzidan,unidentified,assets/未识别 _ 其他/other_bianfuzidan_bianfuzidan/skins/bianfuzidan
未识别 / 其他,bianpaojiu,bianpaojiu,bianpaojiu,unidentified,assets/未识别 _ 其他/other_bianpaojiu_bianpaojiu/skins/bianpaojiu
未识别 / 其他,biruiwudaodanchuan1,biruiwudaodanchuan1,biruiwudaodanchuan1,unidentified,assets/未识别 _ 其他/other_biruiwudaodanchuan1_biruiwudaodanchuan1/skins/biruiwudaodanchuan1
未识别 / 其他,bobing,bobing,bobing,unidentified,assets/未识别 _ 其他/other_bobing_bobing/skins/bobing
未识别 / 其他,boss_gulite,boss_gulite,boss_gulite,unidentified,assets/未识别 _ 其他/other_boss_gulite_boss_gulite/skins/boss_gulite
未识别 / 其他,boss_huiguangzhihe,boss_huiguangzhihe,boss_huiguangzhihe,unidentified,assets/未识别 _ 其他/other_boss_huiguangzhihe_boss_huiguangzhihe/skins/boss_huiguangzhihe
未识别 / 其他,boss_juyanlong,boss_juyanlong,boss_juyanlong,unidentified,assets/未识别 _ 其他/other_boss_juyanlong_boss_juyanlong/skins/boss_juyanlong
未识别 / 其他,bulietanidanchuan,bulietanidanchuan,bulietanidanchuan,unidentified,assets/未识别 _ 其他/other_bulietanidanchuan_bulietanidanchuan/skins/bulietanidanchuan
未识别 / 其他,ca_doa,ca_doa,ca_doa,unidentified,assets/未识别 _ 其他/other_ca_doa_ca_doa/skins/ca_doa
未识别 / 其他,ca_gulite,ca_gulite,ca_gulite,unidentified,assets/未识别 _ 其他/other_ca_gulite_ca_gulite/skins/ca_gulite
未识别 / 其他,ca_holo,ca_holo,ca_holo,unidentified,assets/未识别 _ 其他/other_ca_holo_ca_holo/skins/ca_holo
未识别 / 其他,ca_idom,ca_idom,ca_idom,unidentified,assets/未识别 _ 其他/other_ca_idom_ca_idom/skins/ca_idom
未识别 / 其他,ca_jiaotang,ca_jiaotang,ca_jiaotang,unidentified,assets/未识别 _ 其他/other_ca_jiaotang_ca_jiaotang/skins/ca_jiaotang
未识别 / 其他,changliangdanchuan,changliangdanchuan,changliangdanchuan,unidentified,assets/未识别 _ 其他/other_changliangdanchuan_changliangdanchuan/skins/changliangdanchuan
未识别 / 其他,chichengdanchuan_boss,chichengdanchuan_boss,chichengdanchuan_boss,unidentified,assets/未识别 _ 其他/other_chichengdanchuan_boss_chichengdanchuan_boss/skins/chichengdanchuan_boss
未识别 / 其他,chongying_m_boss01,chongying_m_boss01,chongying_m_boss01,unidentified,assets/未识别 _ 其他/other_chongying_m_boss01_chongying_m_boss01/skins/chongying_m_boss01
未识别 / 其他,chongying_m_boss02,chongying_m_boss02,chongying_m_boss02,unidentified,assets/未识别 _ 其他/other_chongying_m_boss02_chongying_m_boss02/skins/chongying_m_boss02
未识别 / 其他,chongying_m_boss03,chongying_m_boss03,chongying_m_boss03,unidentified,assets/未识别 _ 其他/other_chongying_m_boss03_chongying_m_boss03/skins/chongying_m_boss03
未识别 / 其他,chongying_m_boss04,chongying_m_boss04,chongying_m_boss04,unidentified,assets/未识别 _ 其他/other_chongying_m_boss04_chongying_m_boss04/skins/chongying_m_boss04
未识别 / 其他,chongying_m_boss05,chongying_m_boss05,chongying_m_boss05,unidentified,assets/未识别 _ 其他/other_chongying_m_boss05_chongying_m_boss05/skins/chongying_m_boss05
未识别 / 其他,chongying_m_hangmu,chongying_m_hangmu,chongying_m_hangmu,unidentified,assets/未识别 _ 其他/other_chongying_m_hangmu_chongying_m_hangmu/skins/chongying_m_hangmu
未识别 / 其他,chongying_m_qianting,chongying_m_qianting,chongying_m_qianting,unidentified,assets/未识别 _ 其他/other_chongying_m_qianting_chongying_m_qianting/skins/chongying_m_qianting
未识别 / 其他,chongying_m_qingxun,chongying_m_qingxun,chongying_m_qingxun,unidentified,assets/未识别 _ 其他/other_chongying_m_qingxun_chongying_m_qingxun/skins/chongying_m_qingxun
未识别 / 其他,chongying_m_quzhu,chongying_m_quzhu,chongying_m_quzhu,unidentified,assets/未识别 _ 其他/other_chongying_m_quzhu_chongying_m_quzhu/skins/chongying_m_quzhu
未识别 / 其他,chongying_m_zhanlie,chongying_m_zhanlie,chongying_m_zhanlie,unidentified,assets/未识别 _ 其他/other_chongying_m_zhanlie_chongying_m_zhanlie/skins/chongying_m_zhanlie
未识别 / 其他,chongying_m_zhongxun,chongying_m_zhongxun,chongying_m_zhongxun,unidentified,assets/未识别 _ 其他/other_chongying_m_zhongxun_chongying_m_zhongxun/skins/chongying_m_zhongxun
未识别 / 其他,chongying_m_zibao,chongying_m_zibao,chongying_m_zibao,unidentified,assets/未识别 _ 其他/other_chongying_m_zibao_chongying_m_zibao/skins/chongying_m_zibao
未识别 / 其他,chongying_u_boss01,chongying_u_boss01,chongying_u_boss01,unidentified,assets/未识别 _ 其他/other_chongying_u_boss01_chongying_u_boss01/skins/chongying_u_boss01
未识别 / 其他,chongying_u_boss02,chongying_u_boss02,chongying_u_boss02,unidentified,assets/未识别 _ 其他/other_chongying_u_boss02_chongying_u_boss02/skins/chongying_u_boss02
未识别 / 其他,chongying_u_hangmu,chongying_u_hangmu,chongying_u_hangmu,unidentified,assets/未识别 _ 其他/other_chongying_u_hangmu_chongying_u_hangmu/skins/chongying_u_hangmu
未识别 / 其他,chongying_u_qianting,chongying_u_qianting,chongying_u_qianting,unidentified,assets/未识别 _ 其他/other_chongying_u_qianting_chongying_u_qianting/skins/chongying_u_qianting
未识别 / 其他,chongying_u_qingxun,chongying_u_qingxun,chongying_u_qingxun,unidentified,assets/未识别 _ 其他/other_chongying_u_qingxun_chongying_u_qingxun/skins/chongying_u_qingxun
未识别 / 其他,chongying_u_quzhu,chongying_u_quzhu,chongying_u_quzhu,unidentified,assets/未识别 _ 其他/other_chongying_u_quzhu_chongying_u_quzhu/skins/chongying_u_quzhu
未识别 / 其他,chongying_u_zhanlie,chongying_u_zhanlie,chongying_u_zhanlie,unidentified,assets/未识别 _ 其他/other_chongying_u_zhanlie_chongying_u_zhanlie/skins/chongying_u_zhanlie
未识别 / 其他,chongying_u_zhongxun,chongying_u_zhongxun,chongying_u_zhongxun,unidentified,assets/未识别 _ 其他/other_chongying_u_zhongxun_chongying_u_zhongxun/skins/chongying_u_zhongxun
未识别 / 其他,chongying_u_zibao,chongying_u_zibao,chongying_u_zibao,unidentified,assets/未识别 _ 其他/other_chongying_u_zibao_chongying_u_zibao/skins/chongying_u_zibao
未识别 / 其他,chuanneidanchuan,chuanneidanchuan,chuanneidanchuan,unidentified,assets/未识别 _ 其他/other_chuanneidanchuan_chuanneidanchuan/skins/chuanneidanchuan
未识别 / 其他,chuixuedanchuan,chuixuedanchuan,chuixuedanchuan,unidentified,assets/未识别 _ 其他/other_chuixuedanchuan_chuixuedanchuan/skins/chuixuedanchuan
未识别 / 其他,cl_doa,cl_doa,cl_doa,unidentified,assets/未识别 _ 其他/other_cl_doa_cl_doa/skins/cl_doa
未识别 / 其他,cl_gulite,cl_gulite,cl_gulite,unidentified,assets/未识别 _ 其他/other_cl_gulite_cl_gulite/skins/cl_gulite
未识别 / 其他,cl_holo,cl_holo,cl_holo,unidentified,assets/未识别 _ 其他/other_cl_holo_cl_holo/skins/cl_holo
未识别 / 其他,cl_idom,cl_idom,cl_idom,unidentified,assets/未识别 _ 其他/other_cl_idom_cl_idom/skins/cl_idom
未识别 / 其他,cl_jiaotang,cl_jiaotang,cl_jiaotang,unidentified,assets/未识别 _ 其他/other_cl_jiaotang_cl_jiaotang/skins/cl_jiaotang
未识别 / 其他,cv_doa,cv_doa,cv_doa,unidentified,assets/未识别 _ 其他/other_cv_doa_cv_doa/skins/cv_doa
未识别 / 其他,cv_gulite,cv_gulite,cv_gulite,unidentified,assets/未识别 _ 其他/other_cv_gulite_cv_gulite/skins/cv_gulite
未识别 / 其他,cv_holo,cv_holo,cv_holo,unidentified,assets/未识别 _ 其他/other_cv_holo_cv_holo/skins/cv_holo
未识别 / 其他,cv_idom,cv_idom,cv_idom,unidentified,assets/未识别 _ 其他/other_cv_idom_cv_idom/skins/cv_idom
未识别 / 其他,cv_jiaotang,cv_jiaotang,cv_jiaotang,unidentified,assets/未识别 _ 其他/other_cv_jiaotang_cv_jiaotang/skins/cv_jiaotang
未识别 / 其他,dafengdanchuan,dafengdanchuan,dafengdanchuan,unidentified,assets/未识别 _ 其他/other_dafengdanchuan_dafengdanchuan/skins/dafengdanchuan
未识别 / 其他,dd_doa,dd_doa,dd_doa,unidentified,assets/未识别 _ 其他/other_dd_doa_dd_doa/skins/dd_doa
未识别 / 其他,dd_gulite,dd_gulite,dd_gulite,unidentified,assets/未识别 _ 其他/other_dd_gulite_dd_gulite/skins/dd_gulite
未识别 / 其他,dd_holo,dd_holo,dd_holo,unidentified,assets/未识别 _ 其他/other_dd_holo_dd_holo/skins/dd_holo
未识别 / 其他,dd_idom,dd_idom,dd_idom,unidentified,assets/未识别 _ 其他/other_dd_idom_dd_idom/skins/dd_idom
未识别 / 其他,dd_jiaotang,dd_jiaotang,dd_jiaotang,unidentified,assets/未识别 _ 其他/other_dd_jiaotang_dd_jiaotang/skins/dd_jiaotang
未识别 / 其他,deyizhidanchuan,deyizhidanchuan,deyizhidanchuan,unidentified,assets/未识别 _ 其他/other_deyizhidanchuan_deyizhidanchuan/skins/deyizhidanchuan
未识别 / 其他,dh_gongjijian,dh_gongjijian,dh_gongjijian,unidentified,assets/未识别 _ 其他/other_dh_gongjijian_dh_gongjijian/skins/dh_gongjijian
未识别 / 其他,diezhan_hangmu,diezhan_hangmu,diezhan_hangmu,unidentified,assets/未识别 _ 其他/other_diezhan_hangmu_diezhan_hangmu/skins/diezhan_hangmu
未识别 / 其他,diezhan_qianting,diezhan_qianting,diezhan_qianting,unidentified,assets/未识别 _ 其他/other_diezhan_qianting_diezhan_qianting/skins/diezhan_qianting
未识别 / 其他,diezhan_qingxun,diezhan_qingxun,diezhan_qingxun,unidentified,assets/未识别 _ 其他/other_diezhan_qingxun_diezhan_qingxun/skins/diezhan_qingxun
未识别 / 其他,diezhan_quzhu,diezhan_quzhu,diezhan_quzhu,unidentified,assets/未识别 _ 其他/other_diezhan_quzhu_diezhan_quzhu/skins/diezhan_quzhu
未识别 / 其他,diezhan_zhanlie,diezhan_zhanlie,diezhan_zhanlie,unidentified,assets/未识别 _ 其他/other_diezhan_zhanlie_diezhan_zhanlie/skins/diezhan_zhanlie
未识别 / 其他,diezhan_zhongxun,diezhan_zhongxun,diezhan_zhongxun,unidentified,assets/未识别 _ 其他/other_diezhan_zhongxun_diezhan_zhongxun/skins/diezhan_zhongxun
未识别 / 其他,diezhan_zibao,diezhan_zibao,diezhan_zibao,unidentified,assets/未识别 _ 其他/other_diezhan_zibao_diezhan_zibao/skins/diezhan_zibao
未识别 / 其他,doagame_na,doagame_na,doagame_na,unidentified,assets/未识别 _ 其他/other_doagame_na_doagame_na/skins/doagame_na
未识别 / 其他,doagame_paidi,doagame_paidi,doagame_paidi,unidentified,assets/未识别 _ 其他/other_doagame_paidi_doagame_paidi/skins/doagame_paidi
未识别 / 其他,doagame_qiannai,doagame_qiannai,doagame_qiannai,unidentified,assets/未识别 _ 其他/other_doagame_qiannai_doagame_qiannai/skins/doagame_qiannai
未识别 / 其他,doagame_xiangdi,doagame_xiangdi,doagame_xiangdi,unidentified,assets/未识别 _ 其他/other_doagame_xiangdi_doagame_xiangdi/skins/doagame_xiangdi
未识别 / 其他,doagame_yilisi,doagame_yilisi,doagame_yilisi,unidentified,assets/未识别 _ 其他/other_doagame_yilisi_doagame_yilisi/skins/doagame_yilisi
未识别 / 其他,doagame_zhuzi,doagame_zhuzi,doagame_zhuzi,unidentified,assets/未识别 _ 其他/other_doagame_zhuzi_doagame_zhuzi/skins/doagame_zhuzi
未识别 / 其他,duotianshizhizhu,duotianshizhizhu,duotianshizhizhu,unidentified,assets/未识别 _ 其他/other_duotianshizhizhu_duotianshizhizhu/skins/duotianshizhizhu
未识别 / 其他,dushi_hangmu,dushi_hangmu,dushi_hangmu,unidentified,assets/未识别 _ 其他/other_dushi_hangmu_dushi_hangmu/skins/dushi_hangmu
未识别 / 其他,dushi_qianting,dushi_qianting,dushi_qianting,unidentified,assets/未识别 _ 其他/other_dushi_qianting_dushi_qianting/skins/dushi_qianting
未识别 / 其他,dushi_qingxun,dushi_qingxun,dushi_qingxun,unidentified,assets/未识别 _ 其他/other_dushi_qingxun_dushi_qingxun/skins/dushi_qingxun
未识别 / 其他,dushi_quzhu,dushi_quzhu,dushi_quzhu,unidentified,assets/未识别 _ 其他/other_dushi_quzhu_dushi_quzhu/skins/dushi_quzhu
未识别 / 其他,dushi_zhanlie,dushi_zhanlie,dushi_zhanlie,unidentified,assets/未识别 _ 其他/other_dushi_zhanlie_dushi_zhanlie/skins/dushi_zhanlie
未识别 / 其他,dushi_zhongxun,dushi_zhongxun,dushi_zhongxun,unidentified,assets/未识别 _ 其他/other_dushi_zhongxun_dushi_zhongxun/skins/dushi_zhongxun
未识别 / 其他,dushi_zibao,dushi_zibao,dushi_zibao,unidentified,assets/未识别 _ 其他/other_dushi_zibao_dushi_zibao/skins/dushi_zibao
未识别 / 其他,eidsvold,eidsvold,eidsvold,unidentified,assets/未识别 _ 其他/other_eidsvold_eidsvold/skins/eidsvold
未识别 / 其他,elf,elf,elf,unidentified,assets/未识别 _ 其他/other_elf_elf/skins/elf
未识别 / 其他,elf,elf_2,elf_2,unidentified,assets/未识别 _ 其他/other_elf_elf/skins/elf_2
未识别 / 其他,emotion_feiji,emotion_feiji,emotion_feiji,unidentified,assets/未识别 _ 其他/other_emotion_feiji_emotion_feiji/skins/emotion_feiji
未识别 / 其他,emotion_hangmu,emotion_hangmu,emotion_hangmu,unidentified,assets/未识别 _ 其他/other_emotion_hangmu_emotion_hangmu/skins/emotion_hangmu
未识别 / 其他,emotion_qingxun,emotion_qingxun,emotion_qingxun,unidentified,assets/未识别 _ 其他/other_emotion_qingxun_emotion_qingxun/skins/emotion_qingxun
未识别 / 其他,emotion_quzhu,emotion_quzhu,emotion_quzhu,unidentified,assets/未识别 _ 其他/other_emotion_quzhu_emotion_quzhu/skins/emotion_quzhu
未识别 / 其他,emotion_zhanlie,emotion_zhanlie,emotion_zhanlie,unidentified,assets/未识别 _ 其他/other_emotion_zhanlie_emotion_zhanlie/skins/emotion_zhanlie
未识别 / 其他,emotion_zhongxun,emotion_zhongxun,emotion_zhongxun,unidentified,assets/未识别 _ 其他/other_emotion_zhongxun_emotion_zhongxun/skins/emotion_zhongxun
未识别 / 其他,emotion_zibao,emotion_zibao,emotion_zibao,unidentified,assets/未识别 _ 其他/other_emotion_zibao_emotion_zibao/skins/emotion_zibao
未识别 / 其他,fangkongdanchuan,fangkongdanchuan,fangkongdanchuan,unidentified,assets/未识别 _ 其他/other_fangkongdanchuan_fangkongdanchuan/skins/fangkongdanchuan
未识别 / 其他,feijidanchuan,feijidanchuan,feijidanchuan,unidentified,assets/未识别 _ 其他/other_feijidanchuan_feijidanchuan/skins/feijidanchuan
未识别 / 其他,fengfan_ghost_l,fengfan_ghost_l,fengfan_ghost_l,unidentified,assets/未识别 _ 其他/other_fengfan_ghost_l_fengfan_ghost_l/skins/fengfan_ghost_l
未识别 / 其他,fengfan_ghost_m,fengfan_ghost_m,fengfan_ghost_m,unidentified,assets/未识别 _ 其他/other_fengfan_ghost_m_fengfan_ghost_m/skins/fengfan_ghost_m
未识别 / 其他,fengfan_ghost_s,fengfan_ghost_s,fengfan_ghost_s,unidentified,assets/未识别 _ 其他/other_fengfan_ghost_s_fengfan_ghost_s/skins/fengfan_ghost_s
未识别 / 其他,fengfan_ghost_xl,fengfan_ghost_xl,fengfan_ghost_xl,unidentified,assets/未识别 _ 其他/other_fengfan_ghost_xl_fengfan_ghost_xl/skins/fengfan_ghost_xl
未识别 / 其他,fengfan_ghost_yunshu,fengfan_ghost_yunshu,fengfan_ghost_yunshu,unidentified,assets/未识别 _ 其他/other_fengfan_ghost_yunshu_fengfan_ghost_yunshu/skins/fengfan_ghost_yunshu
未识别 / 其他,fengfan_ghost_zibao,fengfan_ghost_zibao,fengfan_ghost_zibao,unidentified,assets/未识别 _ 其他/other_fengfan_ghost_zibao_fengfan_ghost_zibao/skins/fengfan_ghost_zibao
未识别 / 其他,fengfan_haigu_boss01,fengfan_haigu_boss01,fengfan_haigu_boss01,unidentified,assets/未识别 _ 其他/other_fengfan_haigu_boss01_fengfan_haigu_boss01/skins/fengfan_haigu_boss01
未识别 / 其他,fengfan_haigu_boss02,fengfan_haigu_boss02,fengfan_haigu_boss02,unidentified,assets/未识别 _ 其他/other_fengfan_haigu_boss02_fengfan_haigu_boss02/skins/fengfan_haigu_boss02
未识别 / 其他,fengfan_haigu_hangmu,fengfan_haigu_hangmu,fengfan_haigu_hangmu,unidentified,assets/未识别 _ 其他/other_fengfan_haigu_hangmu_fengfan_haigu_hangmu/skins/fengfan_haigu_hangmu
未识别 / 其他,fengfan_haigu_qingxun,fengfan_haigu_qingxun,fengfan_haigu_qingxun,unidentified,assets/未识别 _ 其他/other_fengfan_haigu_qingxun_fengfan_haigu_qingxun/skins/fengfan_haigu_qingxun
未识别 / 其他,fengfan_haigu_quzhu,fengfan_haigu_quzhu,fengfan_haigu_quzhu,unidentified,assets/未识别 _ 其他/other_fengfan_haigu_quzhu_fengfan_haigu_quzhu/skins/fengfan_haigu_quzhu
未识别 / 其他,fengfan_haigu_zhanlie,fengfan_haigu_zhanlie,fengfan_haigu_zhanlie,unidentified,assets/未识别 _ 其他/other_fengfan_haigu_zhanlie_fengfan_haigu_zhanlie/skins/fengfan_haigu_zhanlie
未识别 / 其他,fengfan_haigu_zhongxun,fengfan_haigu_zhongxun,fengfan_haigu_zhongxun,unidentified,assets/未识别 _ 其他/other_fengfan_haigu_zhongxun_fengfan_haigu_zhongxun/skins/fengfan_haigu_zhongxun
未识别 / 其他,fengfan_haigu_zibao,fengfan_haigu_zibao,fengfan_haigu_zibao,unidentified,assets/未识别 _ 其他/other_fengfan_haigu_zibao_fengfan_haigu_zibao/skins/fengfan_haigu_zibao
未识别 / 其他,fengfan_l,fengfan_l,fengfan_l,unidentified,assets/未识别 _ 其他/other_fengfan_l_fengfan_l/skins/fengfan_l
未识别 / 其他,fengfan_lingti_boss01,fengfan_lingti_boss01,fengfan_lingti_boss01,unidentified,assets/未识别 _ 其他/other_fengfan_lingti_boss01_fengfan_lingti_boss01/skins/fengfan_lingti_boss01
未识别 / 其他,fengfan_lingti_boss02,fengfan_lingti_boss02,fengfan_lingti_boss02,unidentified,assets/未识别 _ 其他/other_fengfan_lingti_boss02_fengfan_lingti_boss02/skins/fengfan_lingti_boss02
未识别 / 其他,fengfan_lingti_hangmu,fengfan_lingti_hangmu,fengfan_lingti_hangmu,unidentified,assets/未识别 _ 其他/other_fengfan_lingti_hangmu_fengfan_lingti_hangmu/skins/fengfan_lingti_hangmu
未识别 / 其他,fengfan_lingti_qingxun,fengfan_lingti_qingxun,fengfan_lingti_qingxun,unidentified,assets/未识别 _ 其他/other_fengfan_lingti_qingxun_fengfan_lingti_qingxun/skins/fengfan_lingti_qingxun
未识别 / 其他,fengfan_lingti_quzhu,fengfan_lingti_quzhu,fengfan_lingti_quzhu,unidentified,assets/未识别 _ 其他/other_fengfan_lingti_quzhu_fengfan_lingti_quzhu/skins/fengfan_lingti_quzhu
未识别 / 其他,fengfan_lingti_zhanlie,fengfan_lingti_zhanlie,fengfan_lingti_zhanlie,unidentified,assets/未识别 _ 其他/other_fengfan_lingti_zhanlie_fengfan_lingti_zhanlie/skins/fengfan_lingti_zhanlie
未识别 / 其他,fengfan_lingti_zhongxun,fengfan_lingti_zhongxun,fengfan_lingti_zhongxun,unidentified,assets/未识别 _ 其他/other_fengfan_lingti_zhongxun_fengfan_lingti_zhongxun/skins/fengfan_lingti_zhongxun
未识别 / 其他,fengfan_lingti_zibao,fengfan_lingti_zibao,fengfan_lingti_zibao,unidentified,assets/未识别 _ 其他/other_fengfan_lingti_zibao_fengfan_lingti_zibao/skins/fengfan_lingti_zibao
未识别 / 其他,fengfan_m,fengfan_m,fengfan_m,unidentified,assets/未识别 _ 其他/other_fengfan_m_fengfan_m/skins/fengfan_m
未识别 / 其他,fengfan_s,fengfan_s,fengfan_s,unidentified,assets/未识别 _ 其他/other_fengfan_s_fengfan_s/skins/fengfan_s
未识别 / 其他,fengfan_xl,fengfan_xl,fengfan_xl,unidentified,assets/未识别 _ 其他/other_fengfan_xl_fengfan_xl/skins/fengfan_xl
未识别 / 其他,fengfan_yunshu,fengfan_yunshu,fengfan_yunshu,unidentified,assets/未识别 _ 其他/other_fengfan_yunshu_fengfan_yunshu/skins/fengfan_yunshu
未识别 / 其他,fengfan_zibao,fengfan_zibao,fengfan_zibao,unidentified,assets/未识别 _ 其他/other_fengfan_zibao_fengfan_zibao/skins/fengfan_zibao
未识别 / 其他,fuerjiadanchuan,fuerjiadanchuan,fuerjiadanchuan,unidentified,assets/未识别 _ 其他/other_fuerjiadanchuan_fuerjiadanchuan/skins/fuerjiadanchuan
未识别 / 其他,fufen,fufen,fufen,unidentified,assets/未识别 _ 其他/other_fufen_fufen/skins/fufen
未识别 / 其他,fulaichedanchuan,fulaichedanchuan,fulaichedanchuan,unidentified,assets/未识别 _ 其他/other_fulaichedanchuan_fulaichedanchuan/skins/fulaichedanchuan
未识别 / 其他,fusangdanchuan,fusangdanchuan,fusangdanchuan,unidentified,assets/未识别 _ 其他/other_fusangdanchuan_fusangdanchuan/skins/fusangdanchuan
未识别 / 其他,fusangdanchuan_kizuna,fusangdanchuan_kizuna,fusangdanchuan_kizuna,unidentified,assets/未识别 _ 其他/other_fusangdanchuan_kizuna_fusangdanchuan_kizuna/skins/fusangdanchuan_kizuna
未识别 / 其他,ganraozhe,ganraozhe,ganraozhe,unidentified,assets/未识别 _ 其他/other_ganraozhe_ganraozhe/skins/ganraozhe
未识别 / 其他,gaoxiongdanchuan,gaoxiongdanchuan,gaoxiongdanchuan,unidentified,assets/未识别 _ 其他/other_gaoxiongdanchuan_gaoxiongdanchuan/skins/gaoxiongdanchuan
未识别 / 其他,ghostbb,ghostbb,ghostbb,unidentified,assets/未识别 _ 其他/other_ghostbb_ghostbb/skins/ghostbb
未识别 / 其他,ghostbb2,ghostbb2,ghostbb2,unidentified,assets/未识别 _ 其他/other_ghostbb2_ghostbb2/skins/ghostbb2
未识别 / 其他,ghostca,ghostca,ghostca,unidentified,assets/未识别 _ 其他/other_ghostca_ghostca/skins/ghostca
未识别 / 其他,ghostca2,ghostca2,ghostca2,unidentified,assets/未识别 _ 其他/other_ghostca2_ghostca2/skins/ghostca2
未识别 / 其他,ghostcl,ghostcl,ghostcl,unidentified,assets/未识别 _ 其他/other_ghostcl_ghostcl/skins/ghostcl
未识别 / 其他,ghostcl2,ghostcl2,ghostcl2,unidentified,assets/未识别 _ 其他/other_ghostcl2_ghostcl2/skins/ghostcl2
未识别 / 其他,ghostcv,ghostcv,ghostcv,unidentified,assets/未识别 _ 其他/other_ghostcv_ghostcv/skins/ghostcv
未识别 / 其他,ghostcv2,ghostcv2,ghostcv2,unidentified,assets/未识别 _ 其他/other_ghostcv2_ghostcv2/skins/ghostcv2
未识别 / 其他,ghostdd,ghostdd,ghostdd,unidentified,assets/未识别 _ 其他/other_ghostdd_ghostdd/skins/ghostdd
未识别 / 其他,ghostdd2,ghostdd2,ghostdd2,unidentified,assets/未识别 _ 其他/other_ghostdd2_ghostdd2/skins/ghostdd2
未识别 / 其他,ghostss,ghostss,ghostss,unidentified,assets/未识别 _ 其他/other_ghostss_ghostss/skins/ghostss
未识别 / 其他,ghostss2,ghostss2,ghostss2,unidentified,assets/未识别 _ 其他/other_ghostss2_ghostss2/skins/ghostss2
未识别 / 其他,ghostzibao,ghostzibao,ghostzibao,unidentified,assets/未识别 _ 其他/other_ghostzibao_ghostzibao/skins/ghostzibao
未识别 / 其他,ghostzibao2,ghostzibao2,ghostzibao2,unidentified,assets/未识别 _ 其他/other_ghostzibao2_ghostzibao2/skins/ghostzibao2
未识别 / 其他,gift_linbo,gift_linbo,gift_linbo,unidentified,assets/未识别 _ 其他/other_gift_linbo_gift_linbo/skins/gift_linbo
未识别 / 其他,gjidanchuan,gjidanchuan,gjidanchuan,unidentified,assets/未识别 _ 其他/other_gjidanchuan_gjidanchuan/skins/gjidanchuan
未识别 / 其他,guanghuidanchuan,guanghuidanchuan,guanghuidanchuan,unidentified,assets/未识别 _ 其他/other_guanghuidanchuan_guanghuidanchuan/skins/guanghuidanchuan
未识别 / 其他,gulite_robot2,gulite_robot2,gulite_robot2,unidentified,assets/未识别 _ 其他/other_gulite_robot2_gulite_robot2/skins/gulite_robot2
未识别 / 其他,guyingdanchuan,guyingdanchuan,guyingdanchuan,unidentified,assets/未识别 _ 其他/other_guyingdanchuan_guyingdanchuan/skins/guyingdanchuan
未识别 / 其他,haibao,haibao,haibao,unidentified,assets/未识别 _ 其他/other_haibao_haibao/skins/haibao
未识别 / 其他,haidaoxiufu,haidaoxiufu,haidaoxiufu,unidentified,assets/未识别 _ 其他/other_haidaoxiufu_haidaoxiufu/skins/haidaoxiufu
未识别 / 其他,haigangyunshu,haigangyunshu,haigangyunshu,unidentified,assets/未识别 _ 其他/other_haigangyunshu_haigangyunshu/skins/haigangyunshu
未识别 / 其他,hammer_smash,hammer_smash,hammer_smash,unidentified,assets/未识别 _ 其他/other_hammer_smash_hammer_smash/skins/hammer_smash
未识别 / 其他,hangmu_gulite,hangmu_gulite,hangmu_gulite,unidentified,assets/未识别 _ 其他/other_hangmu_gulite_hangmu_gulite/skins/hangmu_gulite
未识别 / 其他,haorenlichade_m_hangmu,haorenlichade_m_hangmu,haorenlichade_m_hangmu,unidentified,assets/未识别 _ 其他/other_haorenlichade_m_hangmu_haorenlichade_m_hangmu/skins/haorenlichade_m_hangmu
未识别 / 其他,haorenlichade_m_qianting,haorenlichade_m_qianting,haorenlichade_m_qianting,unidentified,assets/未识别 _ 其他/other_haorenlichade_m_qianting_haorenlichade_m_qianting/skins/haorenlichade_m_qianting
未识别 / 其他,haorenlichade_m_qingxun,haorenlichade_m_qingxun,haorenlichade_m_qingxun,unidentified,assets/未识别 _ 其他/other_haorenlichade_m_qingxun_haorenlichade_m_qingxun/skins/haorenlichade_m_qingxun
未识别 / 其他,haorenlichade_m_quzhu,haorenlichade_m_quzhu,haorenlichade_m_quzhu,unidentified,assets/未识别 _ 其他/other_haorenlichade_m_quzhu_haorenlichade_m_quzhu/skins/haorenlichade_m_quzhu
未识别 / 其他,haorenlichade_m_zhanlie,haorenlichade_m_zhanlie,haorenlichade_m_zhanlie,unidentified,assets/未识别 _ 其他/other_haorenlichade_m_zhanlie_haorenlichade_m_zhanlie/skins/haorenlichade_m_zhanlie
未识别 / 其他,haorenlichade_m_zhongxun,haorenlichade_m_zhongxun,haorenlichade_m_zhongxun,unidentified,assets/未识别 _ 其他/other_haorenlichade_m_zhongxun_haorenlichade_m_zhongxun/skins/haorenlichade_m_zhongxun
未识别 / 其他,huoqiupaodan_blue,huoqiupaodan_blue,huoqiupaodan_blue,unidentified,assets/未识别 _ 其他/other_huoqiupaodan_blue_huoqiupaodan_blue/skins/huoqiupaodan_blue
未识别 / 其他,idol_hangmu,idol_hangmu,idol_hangmu,unidentified,assets/未识别 _ 其他/other_idol_hangmu_idol_hangmu/skins/idol_hangmu
未识别 / 其他,idol_qingxun,idol_qingxun,idol_qingxun,unidentified,assets/未识别 _ 其他/other_idol_qingxun_idol_qingxun/skins/idol_qingxun
未识别 / 其他,idol_quzhu,idol_quzhu,idol_quzhu,unidentified,assets/未识别 _ 其他/other_idol_quzhu_idol_quzhu/skins/idol_quzhu
未识别 / 其他,idol_zhanlie,idol_zhanlie,idol_zhanlie,unidentified,assets/未识别 _ 其他/other_idol_zhanlie_idol_zhanlie/skins/idol_zhanlie
未识别 / 其他,idol_zhongxun,idol_zhongxun,idol_zhongxun,unidentified,assets/未识别 _ 其他/other_idol_zhongxun_idol_zhongxun/skins/idol_zhongxun
未识别 / 其他,idomxunzhang,idomxunzhang,idomxunzhang,unidentified,assets/未识别 _ 其他/other_idomxunzhang_idomxunzhang/skins/idomxunzhang
未识别 / 其他,jiafuerdanchuan,jiafuerdanchuan,jiafuerdanchuan,unidentified,assets/未识别 _ 其他/other_jiafuerdanchuan_jiafuerdanchuan/skins/jiafuerdanchuan
未识别 / 其他,jiaotang_white_hangmu,jiaotang_white_hangmu,jiaotang_white_hangmu,unidentified,assets/未识别 _ 其他/other_jiaotang_white_hangmu_jiaotang_white_hangmu/skins/jiaotang_white_hangmu
未识别 / 其他,jiaotang_white_qianting,jiaotang_white_qianting,jiaotang_white_qianting,unidentified,assets/未识别 _ 其他/other_jiaotang_white_qianting_jiaotang_white_qianting/skins/jiaotang_white_qianting
未识别 / 其他,jiaotang_white_qingxun,jiaotang_white_qingxun,jiaotang_white_qingxun,unidentified,assets/未识别 _ 其他/other_jiaotang_white_qingxun_jiaotang_white_qingxun/skins/jiaotang_white_qingxun
未识别 / 其他,jiaotang_white_quzhu,jiaotang_white_quzhu,jiaotang_white_quzhu,unidentified,assets/未识别 _ 其他/other_jiaotang_white_quzhu_jiaotang_white_quzhu/skins/jiaotang_white_quzhu
未识别 / 其他,jiaotang_white_zhanlie,jiaotang_white_zhanlie,jiaotang_white_zhanlie,unidentified,assets/未识别 _ 其他/other_jiaotang_white_zhanlie_jiaotang_white_zhanlie/skins/jiaotang_white_zhanlie
未识别 / 其他,jiaotang_white_zhongxun,jiaotang_white_zhongxun,jiaotang_white_zhongxun,unidentified,assets/未识别 _ 其他/other_jiaotang_white_zhongxun_jiaotang_white_zhongxun/skins/jiaotang_white_zhongxun
未识别 / 其他,jiaotang_white_zibao,jiaotang_white_zibao,jiaotang_white_zibao,unidentified,assets/未识别 _ 其他/other_jiaotang_white_zibao_jiaotang_white_zibao/skins/jiaotang_white_zibao
未识别 / 其他,jichet,jichet,jichet,unidentified,assets/未识别 _ 其他/other_jichet_jichet/skins/jichet
未识别 / 其他,jiguangfasheqi,jiguangfasheqi,jiguangfasheqi,unidentified,assets/未识别 _ 其他/other_jiguangfasheqi_jiguangfasheqi/skins/jiguangfasheqi
未识别 / 其他,jiguangfasheqi_green,jiguangfasheqi_green,jiguangfasheqi_green,unidentified,assets/未识别 _ 其他/other_jiguangfasheqi_green_jiguangfasheqi_green/skins/jiguangfasheqi_green
未识别 / 其他,jinbijiu,jinbijiu,jinbijiu,unidentified,assets/未识别 _ 其他/other_jinbijiu_jinbijiu/skins/jinbijiu
未识别 / 其他,jinghuaqin,jinghuaqin,jinghuaqin,unidentified,assets/未识别 _ 其他/other_jinghuaqin_jinghuaqin/skins/jinghuaqin
未识别 / 其他,jingling_an,jingling_an,jingling_an,unidentified,assets/未识别 _ 其他/other_jingling_an_jingling_an/skins/jingling_an
未识别 / 其他,jingling_bing,jingling_bing,jingling_bing,unidentified,assets/未识别 _ 其他/other_jingling_bing_jingling_bing/skins/jingling_bing
未识别 / 其他,jingling_feng,jingling_feng,jingling_feng,unidentified,assets/未识别 _ 其他/other_jingling_feng_jingling_feng/skins/jingling_feng
未识别 / 其他,jingling_guang,jingling_guang,jingling_guang,unidentified,assets/未识别 _ 其他/other_jingling_guang_jingling_guang/skins/jingling_guang
未识别 / 其他,jingling_huo,jingling_huo,jingling_huo,unidentified,assets/未识别 _ 其他/other_jingling_huo_jingling_huo/skins/jingling_huo
未识别 / 其他,jingling_lei,jingling_lei,jingling_lei,unidentified,assets/未识别 _ 其他/other_jingling_lei_jingling_lei/skins/jingling_lei
未识别 / 其他,jingling_mu,jingling_mu,jingling_mu,unidentified,assets/未识别 _ 其他/other_jingling_mu_jingling_mu/skins/jingling_mu
未识别 / 其他,jingling_yue,jingling_yue,jingling_yue,unidentified,assets/未识别 _ 其他/other_jingling_yue_jingling_yue/skins/jingling_yue
未识别 / 其他,jiu-fan1,jiu-fan1,jiu-fan1,unidentified,assets/未识别 _ 其他/other_jiu-fan1_jiu-fan1/skins/jiu-fan1
未识别 / 其他,jiu-fan2,jiu-fan2,jiu-fan2,unidentified,assets/未识别 _ 其他/other_jiu-fan2_jiu-fan2/skins/jiu-fan2
未识别 / 其他,jiu-fan3,jiu-fan3,jiu-fan3,unidentified,assets/未识别 _ 其他/other_jiu-fan3_jiu-fan3/skins/jiu-fan3
未识别 / 其他,jiu-fan4,jiu-fan4,jiu-fan4,unidentified,assets/未识别 _ 其他/other_jiu-fan4_jiu-fan4/skins/jiu-fan4
未识别 / 其他,jiu-work,jiu-work,jiu-work,unidentified,assets/未识别 _ 其他/other_jiu-work_jiu-work/skins/jiu-work
未识别 / 其他,jiulaimu_emo,jiulaimu_emo,jiulaimu_emo,unidentified,assets/未识别 _ 其他/other_jiulaimu_emo_jiulaimu_emo/skins/jiulaimu_emo
未识别 / 其他,jiulaimu_guowang,jiulaimu_guowang,jiulaimu_guowang,unidentified,assets/未识别 _ 其他/other_jiulaimu_guowang_jiulaimu_guowang/skins/jiulaimu_guowang
未识别 / 其他,jiulaimu_hangmu,jiulaimu_hangmu,jiulaimu_hangmu,unidentified,assets/未识别 _ 其他/other_jiulaimu_hangmu_jiulaimu_hangmu/skins/jiulaimu_hangmu
未识别 / 其他,jiulaimu_qingxun,jiulaimu_qingxun,jiulaimu_qingxun,unidentified,assets/未识别 _ 其他/other_jiulaimu_qingxun_jiulaimu_qingxun/skins/jiulaimu_qingxun
未识别 / 其他,jiulaimu_quzhu,jiulaimu_quzhu,jiulaimu_quzhu,unidentified,assets/未识别 _ 其他/other_jiulaimu_quzhu_jiulaimu_quzhu/skins/jiulaimu_quzhu
未识别 / 其他,jiulaimu_ruanniguai,jiulaimu_ruanniguai,jiulaimu_ruanniguai,unidentified,assets/未识别 _ 其他/other_jiulaimu_ruanniguai_jiulaimu_ruanniguai/skins/jiulaimu_ruanniguai
未识别 / 其他,jiulaimu_shixianggui,jiulaimu_shixianggui,jiulaimu_shixianggui,unidentified,assets/未识别 _ 其他/other_jiulaimu_shixianggui_jiulaimu_shixianggui/skins/jiulaimu_shixianggui
未识别 / 其他,jiulaimu_zhanlie,jiulaimu_zhanlie,jiulaimu_zhanlie,unidentified,assets/未识别 _ 其他/other_jiulaimu_zhanlie_jiulaimu_zhanlie/skins/jiulaimu_zhanlie
未识别 / 其他,jiulaimu_zhongxun,jiulaimu_zhongxun,jiulaimu_zhongxun,unidentified,assets/未识别 _ 其他/other_jiulaimu_zhongxun_jiulaimu_zhongxun/skins/jiulaimu_zhongxun
未识别 / 其他,jiulaimu_zibao,jiulaimu_zibao,jiulaimu_zibao,unidentified,assets/未识别 _ 其他/other_jiulaimu_zibao_jiulaimu_zibao/skins/jiulaimu_zibao
未识别 / 其他,jjidanchuan,jjidanchuan,jjidanchuan,unidentified,assets/未识别 _ 其他/other_jjidanchuan_jjidanchuan/skins/jjidanchuan
未识别 / 其他,kaibaoxiang_boss,kaibaoxiang_boss,kaibaoxiang_boss,unidentified,assets/未识别 _ 其他/other_kaibaoxiang_boss_kaibaoxiang_boss/skins/kaibaoxiang_boss
未识别 / 其他,kaibaoxiang_putong,kaibaoxiang_putong,kaibaoxiang_putong,unidentified,assets/未识别 _ 其他/other_kaibaoxiang_putong_kaibaoxiang_putong/skins/kaibaoxiang_putong
未识别 / 其他,keliemengsuodanchuan,keliemengsuodanchuan,keliemengsuodanchuan,unidentified,assets/未识别 _ 其他/other_keliemengsuodanchuan_keliemengsuodanchuan/skins/keliemengsuodanchuan
未识别 / 其他,kelifulandanchuan,kelifulandanchuan,kelifulandanchuan,unidentified,assets/未识别 _ 其他/other_kelifulandanchuan_kelifulandanchuan/skins/kelifulandanchuan
未识别 / 其他,keluoladuodanchuan,keluoladuodanchuan,keluoladuodanchuan,unidentified,assets/未识别 _ 其他/other_keluoladuodanchuan_keluoladuodanchuan/skins/keluoladuodanchuan
未识别 / 其他,kenisibaodanchuan,kenisibaodanchuan,kenisibaodanchuan,unidentified,assets/未识别 _ 其他/other_kenisibaodanchuan_kenisibaodanchuan/skins/kenisibaodanchuan
未识别 / 其他,kezhan_hangmu,kezhan_hangmu,kezhan_hangmu,unidentified,assets/未识别 _ 其他/other_kezhan_hangmu_kezhan_hangmu/skins/kezhan_hangmu
未识别 / 其他,kezhan_qingxun,kezhan_qingxun,kezhan_qingxun,unidentified,assets/未识别 _ 其他/other_kezhan_qingxun_kezhan_qingxun/skins/kezhan_qingxun
未识别 / 其他,kezhan_quzhu,kezhan_quzhu,kezhan_quzhu,unidentified,assets/未识别 _ 其他/other_kezhan_quzhu_kezhan_quzhu/skins/kezhan_quzhu
未识别 / 其他,kezhan_zhanlie,kezhan_zhanlie,kezhan_zhanlie,unidentified,assets/未识别 _ 其他/other_kezhan_zhanlie_kezhan_zhanlie/skins/kezhan_zhanlie
未识别 / 其他,kezhan_zhongxun,kezhan_zhongxun,kezhan_zhongxun,unidentified,assets/未识别 _ 其他/other_kezhan_zhongxun_kezhan_zhongxun/skins/kezhan_zhongxun
未识别 / 其他,kezhan_zibao,kezhan_zibao,kezhan_zibao,unidentified,assets/未识别 _ 其他/other_kezhan_zibao_kezhan_zibao/skins/kezhan_zibao
未识别 / 其他,kuangfengdanchuan,kuangfengdanchuan,kuangfengdanchuan,unidentified,assets/未识别 _ 其他/other_kuangfengdanchuan_kuangfengdanchuan/skins/kuangfengdanchuan
未识别 / 其他,lalazhaohuanwu_tolove,lalazhaohuanwu_tolove,lalazhaohuanwu_tolove,unidentified,assets/未识别 _ 其他/other_lalazhaohuanwu_tolove_lalazhaohuanwu_tolove/skins/lalazhaohuanwu_tolove
未识别 / 其他,lenggui,lenggui,lenggui,unidentified,assets/未识别 _ 其他/other_lenggui_lenggui/skins/lenggui
未识别 / 其他,liandedanchuan,liandedanchuan,liandedanchuan,unidentified,assets/未识别 _ 其他/other_liandedanchuan_liandedanchuan/skins/liandedanchuan
未识别 / 其他,lianjin_bb,lianjin_bb,lianjin_bb,unidentified,assets/未识别 _ 其他/other_lianjin_bb_lianjin_bb/skins/lianjin_bb
未识别 / 其他,lianjin_boss1,lianjin_boss1,lianjin_boss1,unidentified,assets/未识别 _ 其他/other_lianjin_boss1_lianjin_boss1/skins/lianjin_boss1
未识别 / 其他,lianjin_boss2,lianjin_boss2,lianjin_boss2,unidentified,assets/未识别 _ 其他/other_lianjin_boss2_lianjin_boss2/skins/lianjin_boss2
未识别 / 其他,lianjin_ca,lianjin_ca,lianjin_ca,unidentified,assets/未识别 _ 其他/other_lianjin_ca_lianjin_ca/skins/lianjin_ca
未识别 / 其他,lianjin_cl,lianjin_cl,lianjin_cl,unidentified,assets/未识别 _ 其他/other_lianjin_cl_lianjin_cl/skins/lianjin_cl
未识别 / 其他,lianjin_cv,lianjin_cv,lianjin_cv,unidentified,assets/未识别 _ 其他/other_lianjin_cv_lianjin_cv/skins/lianjin_cv
未识别 / 其他,lianjin_dd,lianjin_dd,lianjin_dd,unidentified,assets/未识别 _ 其他/other_lianjin_dd_lianjin_dd/skins/lianjin_dd
未识别 / 其他,lianjin_ii_hangmu,lianjin_ii_hangmu,lianjin_ii_hangmu,unidentified,assets/未识别 _ 其他/other_lianjin_ii_hangmu_lianjin_ii_hangmu/skins/lianjin_ii_hangmu
未识别 / 其他,lianjin_ii_qingxun,lianjin_ii_qingxun,lianjin_ii_qingxun,unidentified,assets/未识别 _ 其他/other_lianjin_ii_qingxun_lianjin_ii_qingxun/skins/lianjin_ii_qingxun
未识别 / 其他,lianjin_ii_quzhu,lianjin_ii_quzhu,lianjin_ii_quzhu,unidentified,assets/未识别 _ 其他/other_lianjin_ii_quzhu_lianjin_ii_quzhu/skins/lianjin_ii_quzhu
未识别 / 其他,lianjin_ii_sairenhangmu,lianjin_ii_sairenhangmu,lianjin_ii_sairenhangmu,unidentified,assets/未识别 _ 其他/other_lianjin_ii_sairenhangmu_lianjin_ii_sairenhangmu/skins/lianjin_ii_sairenhangmu
未识别 / 其他,lianjin_ii_sairenqingxun,lianjin_ii_sairenqingxun,lianjin_ii_sairenqingxun,unidentified,assets/未识别 _ 其他/other_lianjin_ii_sairenqingxun_lianjin_ii_sairenqingxun/skins/lianjin_ii_sairenqingxun
未识别 / 其他,lianjin_ii_sairenquzhu,lianjin_ii_sairenquzhu,lianjin_ii_sairenquzhu,unidentified,assets/未识别 _ 其他/other_lianjin_ii_sairenquzhu_lianjin_ii_sairenquzhu/skins/lianjin_ii_sairenquzhu
未识别 / 其他,lianjin_ii_sairenzhanlie,lianjin_ii_sairenzhanlie,lianjin_ii_sairenzhanlie,unidentified,assets/未识别 _ 其他/other_lianjin_ii_sairenzhanlie_lianjin_ii_sairenzhanlie/skins/lianjin_ii_sairenzhanlie
未识别 / 其他,lianjin_ii_sairenzhongxun,lianjin_ii_sairenzhongxun,lianjin_ii_sairenzhongxun,unidentified,assets/未识别 _ 其他/other_lianjin_ii_sairenzhongxun_lianjin_ii_sairenzhongxun/skins/lianjin_ii_sairenzhongxun
未识别 / 其他,lianjin_ii_zhanlie,lianjin_ii_zhanlie,lianjin_ii_zhanlie,unidentified,assets/未识别 _ 其他/other_lianjin_ii_zhanlie_lianjin_ii_zhanlie/skins/lianjin_ii_zhanlie
未识别 / 其他,lianjin_ii_zhongxun,lianjin_ii_zhongxun,lianjin_ii_zhongxun,unidentified,assets/未识别 _ 其他/other_lianjin_ii_zhongxun_lianjin_ii_zhongxun/skins/lianjin_ii_zhongxun
未识别 / 其他,lianjin_qianting,lianjin_qianting,lianjin_qianting,unidentified,assets/未识别 _ 其他/other_lianjin_qianting_lianjin_qianting/skins/lianjin_qianting
未识别 / 其他,lianjin_sairenhangmu,lianjin_sairenhangmu,lianjin_sairenhangmu,unidentified,assets/未识别 _ 其他/other_lianjin_sairenhangmu_lianjin_sairenhangmu/skins/lianjin_sairenhangmu
未识别 / 其他,lianjin_sairenqingxun,lianjin_sairenqingxun,lianjin_sairenqingxun,unidentified,assets/未识别 _ 其他/other_lianjin_sairenqingxun_lianjin_sairenqingxun/skins/lianjin_sairenqingxun
未识别 / 其他,lianjin_sairenquzhu,lianjin_sairenquzhu,lianjin_sairenquzhu,unidentified,assets/未识别 _ 其他/other_lianjin_sairenquzhu_lianjin_sairenquzhu/skins/lianjin_sairenquzhu
未识别 / 其他,lianjin_sairenzhanlie,lianjin_sairenzhanlie,lianjin_sairenzhanlie,unidentified,assets/未识别 _ 其他/other_lianjin_sairenzhanlie_lianjin_sairenzhanlie/skins/lianjin_sairenzhanlie
未识别 / 其他,lianjin_sairenzhongxun,lianjin_sairenzhongxun,lianjin_sairenzhongxun,unidentified,assets/未识别 _ 其他/other_lianjin_sairenzhongxun_lianjin_sairenzhongxun/skins/lianjin_sairenzhongxun
未识别 / 其他,lianjin_zibao,lianjin_zibao,lianjin_zibao,unidentified,assets/未识别 _ 其他/other_lianjin_zibao_lianjin_zibao/skins/lianjin_zibao
未识别 / 其他,lingyangzhe,lingyangzhe_1,lingyangzhe_1,unidentified,assets/未识别 _ 其他/other_lingyangzhe_lingyangzhe/skins/lingyangzhe_1
未识别 / 其他,lingyangzhe,lingyangzhe_2,lingyangzhe_2,unidentified,assets/未识别 _ 其他/other_lingyangzhe_lingyangzhe/skins/lingyangzhe_2
未识别 / 其他,lingyangzhe_boss,lingyangzhe_boss,lingyangzhe_boss,unidentified,assets/未识别 _ 其他/other_lingyangzhe_boss_lingyangzhe_boss/skins/lingyangzhe_boss
未识别 / 其他,loader,loader,loader,unidentified,assets/未识别 _ 其他/other_loader_loader/skins/loader
未识别 / 其他,mahandanchuan,mahandanchuan,mahandanchuan,unidentified,assets/未识别 _ 其他/other_mahandanchuan_mahandanchuan/skins/mahandanchuan
未识别 / 其他,makenidanchuan,makenidanchuan,makenidanchuan,unidentified,assets/未识别 _ 其他/other_makenidanchuan_makenidanchuan/skins/makenidanchuan
未识别 / 其他,mengmengzhaohuanwu1_tolove,mengmengzhaohuanwu1_tolove,mengmengzhaohuanwu1_tolove,unidentified,assets/未识别 _ 其他/other_mengmengzhaohuanwu1_tolove_mengmengzhaohuanwu1_tolove/skins/mengmengzhaohuanwu1_tolove
未识别 / 其他,miaogaodanchuan,miaogaodanchuan,miaogaodanchuan,unidentified,assets/未识别 _ 其他/other_miaogaodanchuan_miaogaodanchuan/skins/miaogaodanchuan
未识别 / 其他,miaogaodanchuan_kizuna,miaogaodanchuan_kizuna,miaogaodanchuan_kizuna,unidentified,assets/未识别 _ 其他/other_miaogaodanchuan_kizuna_miaogaodanchuan_kizuna/skins/miaogaodanchuan_kizuna
未识别 / 其他,mingshidanchuan2,mingshidanchuan2,mingshidanchuan2,unidentified,assets/未识别 _ 其他/other_mingshidanchuan2_mingshidanchuan2/skins/mingshidanchuan2
未识别 / 其他,muyuedanchuan,muyuedanchuan,muyuedanchuan,unidentified,assets/未识别 _ 其他/other_muyuedanchuan_muyuedanchuan/skins/muyuedanchuan
未识别 / 其他,nanguo_hangmu,nanguo_hangmu,nanguo_hangmu,unidentified,assets/未识别 _ 其他/other_nanguo_hangmu_nanguo_hangmu/skins/nanguo_hangmu
未识别 / 其他,nanguo_qingxun,nanguo_qingxun,nanguo_qingxun,unidentified,assets/未识别 _ 其他/other_nanguo_qingxun_nanguo_qingxun/skins/nanguo_qingxun
未识别 / 其他,nanguo_quzhu,nanguo_quzhu,nanguo_quzhu,unidentified,assets/未识别 _ 其他/other_nanguo_quzhu_nanguo_quzhu/skins/nanguo_quzhu
未识别 / 其他,nanguo_yunshu,nanguo_yunshu,nanguo_yunshu,unidentified,assets/未识别 _ 其他/other_nanguo_yunshu_nanguo_yunshu/skins/nanguo_yunshu
未识别 / 其他,nanguo_zhanlie,nanguo_zhanlie,nanguo_zhanlie,unidentified,assets/未识别 _ 其他/other_nanguo_zhanlie_nanguo_zhanlie/skins/nanguo_zhanlie
未识别 / 其他,nanguo_zhongxun,nanguo_zhongxun,nanguo_zhongxun,unidentified,assets/未识别 _ 其他/other_nanguo_zhongxun_nanguo_zhongxun/skins/nanguo_zhongxun
未识别 / 其他,nanguo_zibao,nanguo_zibao,nanguo_zibao,unidentified,assets/未识别 _ 其他/other_nanguo_zibao_nanguo_zibao/skins/nanguo_zibao
未识别 / 其他,nekobox1,nekobox1,nekobox1,unidentified,assets/未识别 _ 其他/other_nekobox1_nekobox1/skins/nekobox1
未识别 / 其他,nekobox2,nekobox2,nekobox2,unidentified,assets/未识别 _ 其他/other_nekobox2_nekobox2/skins/nekobox2
未识别 / 其他,nekobox3,nekobox3,nekobox3,unidentified,assets/未识别 _ 其他/other_nekobox3_nekobox3/skins/nekobox3
未识别 / 其他,nekobox4,nekobox4,nekobox4,unidentified,assets/未识别 _ 其他/other_nekobox4_nekobox4/skins/nekobox4
未识别 / 其他,nuofukedanchuan,nuofukedanchuan,nuofukedanchuan,unidentified,assets/未识别 _ 其他/other_nuofukedanchuan_nuofukedanchuan/skins/nuofukedanchuan
未识别 / 其他,ofs_daqu,ofs_daqu,ofs_daqu,unidentified,assets/未识别 _ 其他/other_ofs_daqu_ofs_daqu/skins/ofs_daqu
未识别 / 其他,ofs_fangkong,ofs_fangkong,ofs_fangkong,unidentified,assets/未识别 _ 其他/other_ofs_fangkong_ofs_fangkong/skins/ofs_fangkong
未识别 / 其他,ofs_hangmu,ofs_hangmu,ofs_hangmu,unidentified,assets/未识别 _ 其他/other_ofs_hangmu_ofs_hangmu/skins/ofs_hangmu
未识别 / 其他,ofs_huwei,ofs_huwei,ofs_huwei,unidentified,assets/未识别 _ 其他/other_ofs_huwei_ofs_huwei/skins/ofs_huwei
未识别 / 其他,ofs_qianting,ofs_qianting,ofs_qianting,unidentified,assets/未识别 _ 其他/other_ofs_qianting_ofs_qianting/skins/ofs_qianting
未识别 / 其他,ofs_qinghang,ofs_qinghang,ofs_qinghang,unidentified,assets/未识别 _ 其他/other_ofs_qinghang_ofs_qinghang/skins/ofs_qinghang
未识别 / 其他,ofs_quzhu,ofs_quzhu,ofs_quzhu,unidentified,assets/未识别 _ 其他/other_ofs_quzhu_ofs_quzhu/skins/ofs_quzhu
未识别 / 其他,ofs_shenshuijian,ofs_shenshuijian,ofs_shenshuijian,unidentified,assets/未识别 _ 其他/other_ofs_shenshuijian_ofs_shenshuijian/skins/ofs_shenshuijian
未识别 / 其他,ofs_weixiu,ofs_weixiu,ofs_weixiu,unidentified,assets/未识别 _ 其他/other_ofs_weixiu_ofs_weixiu/skins/ofs_weixiu
未识别 / 其他,ofs_xunyang,ofs_xunyang,ofs_xunyang,unidentified,assets/未识别 _ 其他/other_ofs_xunyang_ofs_xunyang/skins/ofs_xunyang
未识别 / 其他,ofs_zhanlie,ofs_zhanlie,ofs_zhanlie,unidentified,assets/未识别 _ 其他/other_ofs_zhanlie_ofs_zhanlie/skins/ofs_zhanlie
未识别 / 其他,ofs_zibao,ofs_zibao,ofs_zibao,unidentified,assets/未识别 _ 其他/other_ofs_zibao_ofs_zibao/skins/ofs_zibao
未识别 / 其他,pandan_jupaobrs,pandan_jupaobrs,pandan_jupaobrs,unidentified,assets/未识别 _ 其他/other_pandan_jupaobrs_pandan_jupaobrs/skins/pandan_jupaobrs
未识别 / 其他,pandan_liandaobrs,pandan_liandaobrs,pandan_liandaobrs,unidentified,assets/未识别 _ 其他/other_pandan_liandaobrs_pandan_liandaobrs/skins/pandan_liandaobrs
未识别 / 其他,pengsakeladanchuan,pengsakeladanchuan,pengsakeladanchuan,unidentified,assets/未识别 _ 其他/other_pengsakeladanchuan_pengsakeladanchuan/skins/pengsakeladanchuan
未识别 / 其他,qianhangyulei,qianhangyulei,qianhangyulei,unidentified,assets/未识别 _ 其他/other_qianhangyulei_qianhangyulei/skins/qianhangyulei
未识别 / 其他,qianting_jiaotang,qianting_jiaotang,qianting_jiaotang,unidentified,assets/未识别 _ 其他/other_qianting_jiaotang_qianting_jiaotang/skins/qianting_jiaotang
未识别 / 其他,qianting_kuersike,qianting_kuersike,qianting_kuersike,unidentified,assets/未识别 _ 其他/other_qianting_kuersike_qianting_kuersike/skins/qianting_kuersike
未识别 / 其他,qiantingdanchuan,qiantingdanchuan,qiantingdanchuan,unidentified,assets/未识别 _ 其他/other_qiantingdanchuan_qiantingdanchuan/skins/qiantingdanchuan
未识别 / 其他,qiaozhiwushidanchuan,qiaozhiwushidanchuan,qiaozhiwushidanchuan,unidentified,assets/未识别 _ 其他/other_qiaozhiwushidanchuan_qiaozhiwushidanchuan/skins/qiaozhiwushidanchuan
未识别 / 其他,qibolindanchuan,qibolindanchuan,qibolindanchuan,unidentified,assets/未识别 _ 其他/other_qibolindanchuan_qibolindanchuan/skins/qibolindanchuan
未识别 / 其他,qingxun_gulite,qingxun_gulite,qingxun_gulite,unidentified,assets/未识别 _ 其他/other_qingxun_gulite_qingxun_gulite/skins/qingxun_gulite
未识别 / 其他,qingyedanchuan,qingyedanchuan,qingyedanchuan,unidentified,assets/未识别 _ 其他/other_qingyedanchuan_qingyedanchuan/skins/qingyedanchuan
未识别 / 其他,qinraozhe,qinraozhe,qinraozhe,unidentified,assets/未识别 _ 其他/other_qinraozhe_qinraozhe/skins/qinraozhe
未识别 / 其他,qinraozhe_iv,qinraozhe_iv,qinraozhe_iv,unidentified,assets/未识别 _ 其他/other_qinraozhe_iv_qinraozhe_iv/skins/qinraozhe_iv
未识别 / 其他,qiumodanchuan,qiumodanchuan,qiumodanchuan,unidentified,assets/未识别 _ 其他/other_qiumodanchuan_qiumodanchuan/skins/qiumodanchuan
未识别 / 其他,qiuyuedanchuan,qiuyuedanchuan,qiuyuedanchuan,unidentified,assets/未识别 _ 其他/other_qiuyuedanchuan_qiuyuedanchuan/skins/qiuyuedanchuan
未识别 / 其他,quzhu_gulite,quzhu_gulite,quzhu_gulite,unidentified,assets/未识别 _ 其他/other_quzhu_gulite_quzhu_gulite/skins/quzhu_gulite
未识别 / 其他,redcar,redcar,redcar,unidentified,assets/未识别 _ 其他/other_redcar_redcar/skins/redcar
未识别 / 其他,robot_bulisituoer,robot_bulisituoer,robot_bulisituoer,unidentified,assets/未识别 _ 其他/other_robot_bulisituoer_robot_bulisituoer/skins/robot_bulisituoer
未识别 / 其他,robot_yglh,robot_yglh,robot_yglh,unidentified,assets/未识别 _ 其他/other_robot_yglh_robot_yglh/skins/robot_yglh
未识别 / 其他,sairen10_danchuan,sairen10_danchuan,sairen10_danchuan,unidentified,assets/未识别 _ 其他/other_sairen10_danchuan_sairen10_danchuan/skins/sairen10_danchuan
未识别 / 其他,sairen_youyizhe,sairen_youyizhe,sairen_youyizhe,unidentified,assets/未识别 _ 其他/other_sairen_youyizhe_sairen_youyizhe/skins/sairen_youyizhe
未识别 / 其他,sairenboss10,sairenboss10,sairenboss10,unidentified,assets/未识别 _ 其他/other_sairenboss10_sairenboss10/skins/sairenboss10
未识别 / 其他,sairenboss12,sairenboss12,sairenboss12,unidentified,assets/未识别 _ 其他/other_sairenboss12_sairenboss12/skins/sairenboss12
未识别 / 其他,sairenboss12_pao,sairenboss12_pao,sairenboss12_pao,unidentified,assets/未识别 _ 其他/other_sairenboss12_pao_sairenboss12_pao/skins/sairenboss12_pao
未识别 / 其他,sairenboss15,sairenboss15,sairenboss15,unidentified,assets/未识别 _ 其他/other_sairenboss15_sairenboss15/skins/sairenboss15
未识别 / 其他,sairenboss16,sairenboss16,sairenboss16,unidentified,assets/未识别 _ 其他/other_sairenboss16_sairenboss16/skins/sairenboss16
未识别 / 其他,sairenboss17,sairenboss17,sairenboss17,unidentified,assets/未识别 _ 其他/other_sairenboss17_sairenboss17/skins/sairenboss17
未识别 / 其他,sairenboss17_pao1,sairenboss17_pao1,sairenboss17_pao1,unidentified,assets/未识别 _ 其他/other_sairenboss17_pao1_sairenboss17_pao1/skins/sairenboss17_pao1
未识别 / 其他,sairenboss17_pao2,sairenboss17_pao2,sairenboss17_pao2,unidentified,assets/未识别 _ 其他/other_sairenboss17_pao2_sairenboss17_pao2/skins/sairenboss17_pao2
未识别 / 其他,sairenboss18,sairenboss18,sairenboss18,unidentified,assets/未识别 _ 其他/other_sairenboss18_sairenboss18/skins/sairenboss18
未识别 / 其他,sairenboss19,sairenboss19,sairenboss19,unidentified,assets/未识别 _ 其他/other_sairenboss19_sairenboss19/skins/sairenboss19
未识别 / 其他,sairenboss20,sairenboss20,sairenboss20,unidentified,assets/未识别 _ 其他/other_sairenboss20_sairenboss20/skins/sairenboss20
未识别 / 其他,sairenboss20_pao,sairenboss20_pao,sairenboss20_pao,unidentified,assets/未识别 _ 其他/other_sairenboss20_pao_sairenboss20_pao/skins/sairenboss20_pao
未识别 / 其他,sairenboss25,sairenboss25,sairenboss25,unidentified,assets/未识别 _ 其他/other_sairenboss25_sairenboss25/skins/sairenboss25
未识别 / 其他,sairenboss26,sairenboss26,sairenboss26,unidentified,assets/未识别 _ 其他/other_sairenboss26_sairenboss26/skins/sairenboss26
未识别 / 其他,sairenboss5,sairenboss5,sairenboss5,unidentified,assets/未识别 _ 其他/other_sairenboss5_sairenboss5/skins/sairenboss5
未识别 / 其他,sairenboss5_alter,sairenboss5_alter,sairenboss5_alter,unidentified,assets/未识别 _ 其他/other_sairenboss5_alter_sairenboss5_alter/skins/sairenboss5_alter
未识别 / 其他,sairenboss6,sairenboss6,sairenboss6,unidentified,assets/未识别 _ 其他/other_sairenboss6_sairenboss6/skins/sairenboss6
未识别 / 其他,sairenboss8,sairenboss8,sairenboss8,unidentified,assets/未识别 _ 其他/other_sairenboss8_sairenboss8/skins/sairenboss8
未识别 / 其他,sairenboss9,sairenboss9,sairenboss9,unidentified,assets/未识别 _ 其他/other_sairenboss9_sairenboss9/skins/sairenboss9
未识别 / 其他,sairenboss9-shuimu,sairenboss9-shuimu,sairenboss9-shuimu,unidentified,assets/未识别 _ 其他/other_sairenboss9-shuimu_sairenboss9-shuimu/skins/sairenboss9-shuimu
未识别 / 其他,sairenfeijiboss,sairenfeijiboss,sairenfeijiboss,unidentified,assets/未识别 _ 其他/other_sairenfeijiboss_sairenfeijiboss/skins/sairenfeijiboss
未识别 / 其他,sairenfeijimuti,sairenfeijimuti,sairenfeijimuti,unidentified,assets/未识别 _ 其他/other_sairenfeijimuti_sairenfeijimuti/skins/sairenfeijimuti
未识别 / 其他,sairenfuyoupao1,sairenfuyoupao1,sairenfuyoupao1,unidentified,assets/未识别 _ 其他/other_sairenfuyoupao1_sairenfuyoupao1/skins/sairenfuyoupao1
未识别 / 其他,sairenfuyoupao2,sairenfuyoupao2,sairenfuyoupao2,unidentified,assets/未识别 _ 其他/other_sairenfuyoupao2_sairenfuyoupao2/skins/sairenfuyoupao2
未识别 / 其他,sairenhangmu,sairenhangmu,sairenhangmu,unidentified,assets/未识别 _ 其他/other_sairenhangmu_sairenhangmu/skins/sairenhangmu
未识别 / 其他,sairenhangmu,sairenhangmu_6,sairenhangmu_6,unidentified,assets/未识别 _ 其他/other_sairenhangmu_sairenhangmu/skins/sairenhangmu_6
未识别 / 其他,sairenhangmu_i,sairenhangmu_i,sairenhangmu_i,unidentified,assets/未识别 _ 其他/other_sairenhangmu_i_sairenhangmu_i/skins/sairenhangmu_i
未识别 / 其他,sairenhangmu_ii,sairenhangmu_ii,sairenhangmu_ii,unidentified,assets/未识别 _ 其他/other_sairenhangmu_ii_sairenhangmu_ii/skins/sairenhangmu_ii
未识别 / 其他,sairenhangmu_m,sairenhangmu_m,sairenhangmu_m,unidentified,assets/未识别 _ 其他/other_sairenhangmu_m_sairenhangmu_m/skins/sairenhangmu_m
未识别 / 其他,sairenqianting,sairenqianting,sairenqianting,unidentified,assets/未识别 _ 其他/other_sairenqianting_sairenqianting/skins/sairenqianting
未识别 / 其他,sairenqianting,sairenqianting_6,sairenqianting_6,unidentified,assets/未识别 _ 其他/other_sairenqianting_sairenqianting/skins/sairenqianting_6
未识别 / 其他,sairenqianting_i,sairenqianting_i,sairenqianting_i,unidentified,assets/未识别 _ 其他/other_sairenqianting_i_sairenqianting_i/skins/sairenqianting_i
未识别 / 其他,sairenqianting_ii,sairenqianting_ii,sairenqianting_ii,unidentified,assets/未识别 _ 其他/other_sairenqianting_ii_sairenqianting_ii/skins/sairenqianting_ii
未识别 / 其他,sairenqianting_m,sairenqianting_m,sairenqianting_m,unidentified,assets/未识别 _ 其他/other_sairenqianting_m_sairenqianting_m/skins/sairenqianting_m
未识别 / 其他,sairenqingxun,sairenqingxun,sairenqingxun,unidentified,assets/未识别 _ 其他/other_sairenqingxun_sairenqingxun/skins/sairenqingxun
未识别 / 其他,sairenqingxun,sairenqingxun_6,sairenqingxun_6,unidentified,assets/未识别 _ 其他/other_sairenqingxun_sairenqingxun/skins/sairenqingxun_6
未识别 / 其他,sairenqingxun_i,sairenqingxun_i,sairenqingxun_i,unidentified,assets/未识别 _ 其他/other_sairenqingxun_i_sairenqingxun_i/skins/sairenqingxun_i
未识别 / 其他,sairenqingxun_ii,sairenqingxun_ii,sairenqingxun_ii,unidentified,assets/未识别 _ 其他/other_sairenqingxun_ii_sairenqingxun_ii/skins/sairenqingxun_ii
未识别 / 其他,sairenqingxun_m,sairenqingxun_m,sairenqingxun_m,unidentified,assets/未识别 _ 其他/other_sairenqingxun_m_sairenqingxun_m/skins/sairenqingxun_m
未识别 / 其他,sairenquzhu,sairenquzhu,sairenquzhu,unidentified,assets/未识别 _ 其他/other_sairenquzhu_sairenquzhu/skins/sairenquzhu
未识别 / 其他,sairenquzhu,sairenquzhu_6,sairenquzhu_6,unidentified,assets/未识别 _ 其他/other_sairenquzhu_sairenquzhu/skins/sairenquzhu_6
未识别 / 其他,sairenquzhu_i,sairenquzhu_i,sairenquzhu_i,unidentified,assets/未识别 _ 其他/other_sairenquzhu_i_sairenquzhu_i/skins/sairenquzhu_i
未识别 / 其他,sairenquzhu_ii,sairenquzhu_ii,sairenquzhu_ii,unidentified,assets/未识别 _ 其他/other_sairenquzhu_ii_sairenquzhu_ii/skins/sairenquzhu_ii
未识别 / 其他,sairenquzhu_m,sairenquzhu_m,sairenquzhu_m,unidentified,assets/未识别 _ 其他/other_sairenquzhu_m_sairenquzhu_m/skins/sairenquzhu_m
未识别 / 其他,sairenzhanlie,sairenzhanlie,sairenzhanlie,unidentified,assets/未识别 _ 其他/other_sairenzhanlie_sairenzhanlie/skins/sairenzhanlie
未识别 / 其他,sairenzhanlie,sairenzhanlie_6,sairenzhanlie_6,unidentified,assets/未识别 _ 其他/other_sairenzhanlie_sairenzhanlie/skins/sairenzhanlie_6
未识别 / 其他,sairenzhanlie_i,sairenzhanlie_i,sairenzhanlie_i,unidentified,assets/未识别 _ 其他/other_sairenzhanlie_i_sairenzhanlie_i/skins/sairenzhanlie_i
未识别 / 其他,sairenzhanlie_ii,sairenzhanlie_ii,sairenzhanlie_ii,unidentified,assets/未识别 _ 其他/other_sairenzhanlie_ii_sairenzhanlie_ii/skins/sairenzhanlie_ii
未识别 / 其他,sairenzhanlie_m,sairenzhanlie_m,sairenzhanlie_m,unidentified,assets/未识别 _ 其他/other_sairenzhanlie_m_sairenzhanlie_m/skins/sairenzhanlie_m
未识别 / 其他,sairenzhongxun,sairenzhongxun,sairenzhongxun,unidentified,assets/未识别 _ 其他/other_sairenzhongxun_sairenzhongxun/skins/sairenzhongxun
未识别 / 其他,sairenzhongxun,sairenzhongxun_6,sairenzhongxun_6,unidentified,assets/未识别 _ 其他/other_sairenzhongxun_sairenzhongxun/skins/sairenzhongxun_6
未识别 / 其他,sairenzhongxun_i,sairenzhongxun_i,sairenzhongxun_i,unidentified,assets/未识别 _ 其他/other_sairenzhongxun_i_sairenzhongxun_i/skins/sairenzhongxun_i
未识别 / 其他,sairenzhongxun_ii,sairenzhongxun_ii,sairenzhongxun_ii,unidentified,assets/未识别 _ 其他/other_sairenzhongxun_ii_sairenzhongxun_ii/skins/sairenzhongxun_ii
未识别 / 其他,sairenzhongxun_m,sairenzhongxun_m,sairenzhongxun_m,unidentified,assets/未识别 _ 其他/other_sairenzhongxun_m_sairenzhongxun_m/skins/sairenzhongxun_m
未识别 / 其他,shaenhuositedanchuan,shaenhuositedanchuan,shaenhuositedanchuan,unidentified,assets/未识别 _ 其他/other_shaenhuositedanchuan_shaenhuositedanchuan/skins/shaenhuositedanchuan
未识别 / 其他,shanluan_bb,shanluan_bb,shanluan_bb,unidentified,assets/未识别 _ 其他/other_shanluan_bb_shanluan_bb/skins/shanluan_bb
未识别 / 其他,shanluan_boss,shanluan_boss,shanluan_boss,unidentified,assets/未识别 _ 其他/other_shanluan_boss_shanluan_boss/skins/shanluan_boss
未识别 / 其他,shanluan_ca,shanluan_ca,shanluan_ca,unidentified,assets/未识别 _ 其他/other_shanluan_ca_shanluan_ca/skins/shanluan_ca
未识别 / 其他,shanluan_cl,shanluan_cl,shanluan_cl,unidentified,assets/未识别 _ 其他/other_shanluan_cl_shanluan_cl/skins/shanluan_cl
未识别 / 其他,shanluan_cv,shanluan_cv,shanluan_cv,unidentified,assets/未识别 _ 其他/other_shanluan_cv_shanluan_cv/skins/shanluan_cv
未识别 / 其他,shanluan_dd,shanluan_dd,shanluan_dd,unidentified,assets/未识别 _ 其他/other_shanluan_dd_shanluan_dd/skins/shanluan_dd
未识别 / 其他,shanluan_sairenhangmu,shanluan_sairenhangmu,shanluan_sairenhangmu,unidentified,assets/未识别 _ 其他/other_shanluan_sairenhangmu_shanluan_sairenhangmu/skins/shanluan_sairenhangmu
未识别 / 其他,shanluan_sairenqingxun,shanluan_sairenqingxun,shanluan_sairenqingxun,unidentified,assets/未识别 _ 其他/other_shanluan_sairenqingxun_shanluan_sairenqingxun/skins/shanluan_sairenqingxun
未识别 / 其他,shanluan_sairenquzhu,shanluan_sairenquzhu,shanluan_sairenquzhu,unidentified,assets/未识别 _ 其他/other_shanluan_sairenquzhu_shanluan_sairenquzhu/skins/shanluan_sairenquzhu
未识别 / 其他,shanluan_sairenzhanlie,shanluan_sairenzhanlie,shanluan_sairenzhanlie,unidentified,assets/未识别 _ 其他/other_shanluan_sairenzhanlie_shanluan_sairenzhanlie/skins/shanluan_sairenzhanlie
未识别 / 其他,shanluan_sairenzhongxun,shanluan_sairenzhongxun,shanluan_sairenzhongxun,unidentified,assets/未识别 _ 其他/other_shanluan_sairenzhongxun_shanluan_sairenzhongxun/skins/shanluan_sairenzhongxun
未识别 / 其他,shanluan_ss,shanluan_ss,shanluan_ss,unidentified,assets/未识别 _ 其他/other_shanluan_ss_shanluan_ss/skins/shanluan_ss
未识别 / 其他,shanluan_zibao,shanluan_zibao,shanluan_zibao,unidentified,assets/未识别 _ 其他/other_shanluan_zibao_shanluan_zibao/skins/shanluan_zibao
未识别 / 其他,shebei_dmbrs,shebei_dmbrs,shebei_dmbrs,unidentified,assets/未识别 _ 其他/other_shebei_dmbrs_shebei_dmbrs/skins/shebei_dmbrs
未识别 / 其他,shebei_heiyanbrs,shebei_heiyanbrs,shebei_heiyanbrs,unidentified,assets/未识别 _ 其他/other_shebei_heiyanbrs_shebei_heiyanbrs/skins/shebei_heiyanbrs
未识别 / 其他,shenpanjijia_jihuang,shenpanjijia_jihuang,shenpanjijia_jihuang,unidentified,assets/未识别 _ 其他/other_shenpanjijia_jihuang_shenpanjijia_jihuang/skins/shenpanjijia_jihuang
未识别 / 其他,shenpanjijia_siwang,shenpanjijia_siwang,shenpanjijia_siwang,unidentified,assets/未识别 _ 其他/other_shenpanjijia_siwang_shenpanjijia_siwang/skins/shenpanjijia_siwang
未识别 / 其他,shenpanjijia_zhanzheng,shenpanjijia_zhanzheng,shenpanjijia_zhanzheng,unidentified,assets/未识别 _ 其他/other_shenpanjijia_zhanzheng_shenpanjijia_zhanzheng/skins/shenpanjijia_zhanzheng
未识别 / 其他,shenpanjijia_zhipei,shenpanjijia_zhipei,shenpanjijia_zhipei,unidentified,assets/未识别 _ 其他/other_shenpanjijia_zhipei_shenpanjijia_zhipei/skins/shenpanjijia_zhipei
未识别 / 其他,shenyuanboss1,shenyuanboss1,shenyuanboss1,unidentified,assets/未识别 _ 其他/other_shenyuanboss1_shenyuanboss1/skins/shenyuanboss1
未识别 / 其他,shenyuanboss2,shenyuanboss2,shenyuanboss2,unidentified,assets/未识别 _ 其他/other_shenyuanboss2_shenyuanboss2/skins/shenyuanboss2
未识别 / 其他,shenyuanboss3,shenyuanboss3,shenyuanboss3,unidentified,assets/未识别 _ 其他/other_shenyuanboss3_shenyuanboss3/skins/shenyuanboss3
未识别 / 其他,shenyuanboss4,shenyuanboss4,shenyuanboss4,unidentified,assets/未识别 _ 其他/other_shenyuanboss4_shenyuanboss4/skins/shenyuanboss4
未识别 / 其他,shenyuanboss4_alter,shenyuanboss4_alter,shenyuanboss4_alter,unidentified,assets/未识别 _ 其他/other_shenyuanboss4_alter_shenyuanboss4_alter/skins/shenyuanboss4_alter
未识别 / 其他,shenyuanboss5,shenyuanboss5,shenyuanboss5,unidentified,assets/未识别 _ 其他/other_shenyuanboss5_shenyuanboss5/skins/shenyuanboss5
未识别 / 其他,shenyuanboss5_alter,shenyuanboss5_alter,shenyuanboss5_alter,unidentified,assets/未识别 _ 其他/other_shenyuanboss5_alter_shenyuanboss5_alter/skins/shenyuanboss5_alter
未识别 / 其他,shenyuanboss7,shenyuanboss7,shenyuanboss7,unidentified,assets/未识别 _ 其他/other_shenyuanboss7_shenyuanboss7/skins/shenyuanboss7
未识别 / 其他,shijidanchuan,shijidanchuan,shijidanchuan,unidentified,assets/未识别 _ 其他/other_shijidanchuan_shijidanchuan/skins/shijidanchuan
未识别 / 其他,shuguangjixie_huixing,shuguangjixie_huixing,shuguangjixie_huixing,unidentified,assets/未识别 _ 其他/other_shuguangjixie_huixing_shuguangjixie_huixing/skins/shuguangjixie_huixing
未识别 / 其他,shuguangjixie_shanliu,shuguangjixie_shanliu,shuguangjixie_shanliu,unidentified,assets/未识别 _ 其他/other_shuguangjixie_shanliu_shuguangjixie_shanliu/skins/shuguangjixie_shanliu
未识别 / 其他,shuilei1,shuilei1,shuilei1,unidentified,assets/未识别 _ 其他/other_shuilei1_shuilei1/skins/shuilei1
未识别 / 其他,shuilei4,shuilei4,shuilei4,unidentified,assets/未识别 _ 其他/other_shuilei4_shuilei4/skins/shuilei4
未识别 / 其他,soundlath,soundlath,soundlath,unidentified,assets/未识别 _ 其他/other_soundlath_soundlath/skins/soundlath
未识别 / 其他,sr_chuanneidanchuan,sr_chuanneidanchuan,sr_chuanneidanchuan,unidentified,assets/未识别 _ 其他/other_sr_chuanneidanchuan_sr_chuanneidanchuan/skins/sr_chuanneidanchuan
未识别 / 其他,sr_dexi_hangmudanchuan,sr_dexi_hangmudanchuan,sr_dexi_hangmudanchuan,unidentified,assets/未识别 _ 其他/other_sr_dexi_hangmudanchuan_sr_dexi_hangmudanchuan/skins/sr_dexi_hangmudanchuan
未识别 / 其他,sr_dexi_qiantingdanchuan,sr_dexi_qiantingdanchuan,sr_dexi_qiantingdanchuan,unidentified,assets/未识别 _ 其他/other_sr_dexi_qiantingdanchuan_sr_dexi_qiantingdanchuan/skins/sr_dexi_qiantingdanchuan
未识别 / 其他,sr_dexi_qingxundanchuan,sr_dexi_qingxundanchuan,sr_dexi_qingxundanchuan,unidentified,assets/未识别 _ 其他/other_sr_dexi_qingxundanchuan_sr_dexi_qingxundanchuan/skins/sr_dexi_qingxundanchuan
未识别 / 其他,sr_dexi_quzhudanchuan,sr_dexi_quzhudanchuan,sr_dexi_quzhudanchuan,unidentified,assets/未识别 _ 其他/other_sr_dexi_quzhudanchuan_sr_dexi_quzhudanchuan/skins/sr_dexi_quzhudanchuan
未识别 / 其他,sr_dexi_xiuzhenzhanliejiandanchuan,sr_dexi_xiuzhenzhanliejiandanchuan,sr_dexi_xiuzhenzhanliejiandanchuan,unidentified,assets/未识别 _ 其他/other_sr_dexi_xiuzhenzhanliejiandanchuan_sr_dexi_xiuzhenzhanliejiandanchuan/skins/sr_dexi_xiuzhenzhanliejiandanchuan
未识别 / 其他,sr_dexi_zhanliedanchuan,sr_dexi_zhanliedanchuan,sr_dexi_zhanliedanchuan,unidentified,assets/未识别 _ 其他/other_sr_dexi_zhanliedanchuan_sr_dexi_zhanliedanchuan/skins/sr_dexi_zhanliedanchuan
未识别 / 其他,sr_dexi_zhongxundanchuan,sr_dexi_zhongxundanchuan,sr_dexi_zhongxundanchuan,unidentified,assets/未识别 _ 其他/other_sr_dexi_zhongxundanchuan_sr_dexi_zhongxundanchuan/skins/sr_dexi_zhongxundanchuan
未识别 / 其他,sr_dexi_zibaodanchuan,sr_dexi_zibaodanchuan,sr_dexi_zibaodanchuan,unidentified,assets/未识别 _ 其他/other_sr_dexi_zibaodanchuan_sr_dexi_zibaodanchuan/skins/sr_dexi_zibaodanchuan
未识别 / 其他,sr_fusangdanchuan,sr_fusangdanchuan,sr_fusangdanchuan,unidentified,assets/未识别 _ 其他/other_sr_fusangdanchuan_sr_fusangdanchuan/skins/sr_fusangdanchuan
未识别 / 其他,sr_xiyundanchuan,sr_xiyundanchuan,sr_xiyundanchuan,unidentified,assets/未识别 _ 其他/other_sr_xiyundanchuan_sr_xiyundanchuan/skins/sr_xiyundanchuan
未识别 / 其他,sr_zuishangdanchuan,sr_zuishangdanchuan,sr_zuishangdanchuan,unidentified,assets/未识别 _ 其他/other_sr_zuishangdanchuan_sr_zuishangdanchuan/skins/sr_zuishangdanchuan
未识别 / 其他,srbb,srbb,srbb,unidentified,assets/未识别 _ 其他/other_srbb_srbb/skins/srbb
未识别 / 其他,srbb0,srbb0,srbb0,unidentified,assets/未识别 _ 其他/other_srbb0_srbb0/skins/srbb0
未识别 / 其他,srbb2,srbb2,srbb2,unidentified,assets/未识别 _ 其他/other_srbb2_srbb2/skins/srbb2
未识别 / 其他,srbb3,srbb3,srbb3,unidentified,assets/未识别 _ 其他/other_srbb3_srbb3/skins/srbb3
未识别 / 其他,srbb4,srbb4,srbb4,unidentified,assets/未识别 _ 其他/other_srbb4_srbb4/skins/srbb4
未识别 / 其他,srbb5,srbb5,srbb5,unidentified,assets/未识别 _ 其他/other_srbb5_srbb5/skins/srbb5
未识别 / 其他,srbb6,srbb6,srbb6,unidentified,assets/未识别 _ 其他/other_srbb6_srbb6/skins/srbb6
未识别 / 其他,srbb_jiaohuang,srbb_jiaohuang,srbb_jiaohuang,unidentified,assets/未识别 _ 其他/other_srbb_jiaohuang_srbb_jiaohuang/skins/srbb_jiaohuang
未识别 / 其他,srbb_r,srbb_r,srbb_r,unidentified,assets/未识别 _ 其他/other_srbb_r_srbb_r/skins/srbb_r
未识别 / 其他,srca,srca,srca,unidentified,assets/未识别 _ 其他/other_srca_srca/skins/srca
未识别 / 其他,srca0,srca0,srca0,unidentified,assets/未识别 _ 其他/other_srca0_srca0/skins/srca0
未识别 / 其他,srca2,srca2,srca2,unidentified,assets/未识别 _ 其他/other_srca2_srca2/skins/srca2
未识别 / 其他,srca3,srca3,srca3,unidentified,assets/未识别 _ 其他/other_srca3_srca3/skins/srca3
未识别 / 其他,srca4,srca4,srca4,unidentified,assets/未识别 _ 其他/other_srca4_srca4/skins/srca4
未识别 / 其他,srca5,srca5,srca5,unidentified,assets/未识别 _ 其他/other_srca5_srca5/skins/srca5
未识别 / 其他,srca6,srca6,srca6,unidentified,assets/未识别 _ 其他/other_srca6_srca6/skins/srca6
未识别 / 其他,srca_jiaohuang,srca_jiaohuang,srca_jiaohuang,unidentified,assets/未识别 _ 其他/other_srca_jiaohuang_srca_jiaohuang/skins/srca_jiaohuang
未识别 / 其他,srca_r,srca_r,srca_r,unidentified,assets/未识别 _ 其他/other_srca_r_srca_r/skins/srca_r
未识别 / 其他,srcl,srcl,srcl,unidentified,assets/未识别 _ 其他/other_srcl_srcl/skins/srcl
未识别 / 其他,srcl0,srcl0,srcl0,unidentified,assets/未识别 _ 其他/other_srcl0_srcl0/skins/srcl0
未识别 / 其他,srcl2,srcl2,srcl2,unidentified,assets/未识别 _ 其他/other_srcl2_srcl2/skins/srcl2
未识别 / 其他,srcl3,srcl3,srcl3,unidentified,assets/未识别 _ 其他/other_srcl3_srcl3/skins/srcl3
未识别 / 其他,srcl4,srcl4,srcl4,unidentified,assets/未识别 _ 其他/other_srcl4_srcl4/skins/srcl4
未识别 / 其他,srcl5,srcl5,srcl5,unidentified,assets/未识别 _ 其他/other_srcl5_srcl5/skins/srcl5
未识别 / 其他,srcl6,srcl6,srcl6,unidentified,assets/未识别 _ 其他/other_srcl6_srcl6/skins/srcl6
未识别 / 其他,srcl_jiaohuang,srcl_jiaohuang,srcl_jiaohuang,unidentified,assets/未识别 _ 其他/other_srcl_jiaohuang_srcl_jiaohuang/skins/srcl_jiaohuang
未识别 / 其他,srcl_r,srcl_r,srcl_r,unidentified,assets/未识别 _ 其他/other_srcl_r_srcl_r/skins/srcl_r
未识别 / 其他,srcv,srcv,srcv,unidentified,assets/未识别 _ 其他/other_srcv_srcv/skins/srcv
未识别 / 其他,srcv0,srcv0,srcv0,unidentified,assets/未识别 _ 其他/other_srcv0_srcv0/skins/srcv0
未识别 / 其他,srcv2,srcv2,srcv2,unidentified,assets/未识别 _ 其他/other_srcv2_srcv2/skins/srcv2
未识别 / 其他,srcv3,srcv3,srcv3,unidentified,assets/未识别 _ 其他/other_srcv3_srcv3/skins/srcv3
未识别 / 其他,srcv4,srcv4,srcv4,unidentified,assets/未识别 _ 其他/other_srcv4_srcv4/skins/srcv4
未识别 / 其他,srcv5,srcv5,srcv5,unidentified,assets/未识别 _ 其他/other_srcv5_srcv5/skins/srcv5
未识别 / 其他,srcv6,srcv6,srcv6,unidentified,assets/未识别 _ 其他/other_srcv6_srcv6/skins/srcv6
未识别 / 其他,srcv_jiaohuang,srcv_jiaohuang,srcv_jiaohuang,unidentified,assets/未识别 _ 其他/other_srcv_jiaohuang_srcv_jiaohuang/skins/srcv_jiaohuang
未识别 / 其他,srcv_r,srcv_r,srcv_r,unidentified,assets/未识别 _ 其他/other_srcv_r_srcv_r/skins/srcv_r
未识别 / 其他,srdd,srdd,srdd,unidentified,assets/未识别 _ 其他/other_srdd_srdd/skins/srdd
未识别 / 其他,srdd0,srdd0,srdd0,unidentified,assets/未识别 _ 其他/other_srdd0_srdd0/skins/srdd0
未识别 / 其他,srdd2,srdd2,srdd2,unidentified,assets/未识别 _ 其他/other_srdd2_srdd2/skins/srdd2
未识别 / 其他,srdd3,srdd3,srdd3,unidentified,assets/未识别 _ 其他/other_srdd3_srdd3/skins/srdd3
未识别 / 其他,srdd4,srdd4,srdd4,unidentified,assets/未识别 _ 其他/other_srdd4_srdd4/skins/srdd4
未识别 / 其他,srdd5,srdd5,srdd5,unidentified,assets/未识别 _ 其他/other_srdd5_srdd5/skins/srdd5
未识别 / 其他,srdd6,srdd6,srdd6,unidentified,assets/未识别 _ 其他/other_srdd6_srdd6/skins/srdd6
未识别 / 其他,srdd_jiaohuang,srdd_jiaohuang,srdd_jiaohuang,unidentified,assets/未识别 _ 其他/other_srdd_jiaohuang_srdd_jiaohuang/skins/srdd_jiaohuang
未识别 / 其他,srdd_r,srdd_r,srdd_r,unidentified,assets/未识别 _ 其他/other_srdd_r_srdd_r/skins/srdd_r
未识别 / 其他,srfeiji6,srfeiji6,srfeiji6,unidentified,assets/未识别 _ 其他/other_srfeiji6_srfeiji6/skins/srfeiji6
未识别 / 其他,srjiaohuangjijia,srjiaohuangjijia,srjiaohuangjijia,unidentified,assets/未识别 _ 其他/other_srjiaohuangjijia_srjiaohuangjijia/skins/srjiaohuangjijia
未识别 / 其他,srnekobox1,srnekobox1,srnekobox1,unidentified,assets/未识别 _ 其他/other_srnekobox1_srnekobox1/skins/srnekobox1
未识别 / 其他,srnekobox2,srnekobox2,srnekobox2,unidentified,assets/未识别 _ 其他/other_srnekobox2_srnekobox2/skins/srnekobox2
未识别 / 其他,srnekobox3,srnekobox3,srnekobox3,unidentified,assets/未识别 _ 其他/other_srnekobox3_srnekobox3/skins/srnekobox3
未识别 / 其他,srnekobox4,srnekobox4,srnekobox4,unidentified,assets/未识别 _ 其他/other_srnekobox4_srnekobox4/skins/srnekobox4
未识别 / 其他,srss,srss,srss,unidentified,assets/未识别 _ 其他/other_srss_srss/skins/srss
未识别 / 其他,srss0,srss0,srss0,unidentified,assets/未识别 _ 其他/other_srss0_srss0/skins/srss0
未识别 / 其他,srss3,srss3,srss3,unidentified,assets/未识别 _ 其他/other_srss3_srss3/skins/srss3
未识别 / 其他,srss4,srss4,srss4,unidentified,assets/未识别 _ 其他/other_srss4_srss4/skins/srss4
未识别 / 其他,srss5,srss5,srss5,unidentified,assets/未识别 _ 其他/other_srss5_srss5/skins/srss5
未识别 / 其他,srss6,srss6,srss6,unidentified,assets/未识别 _ 其他/other_srss6_srss6/skins/srss6
未识别 / 其他,srss_jiaohuang,srss_jiaohuang,srss_jiaohuang,unidentified,assets/未识别 _ 其他/other_srss_jiaohuang_srss_jiaohuang/skins/srss_jiaohuang
未识别 / 其他,srss_r,srss_r,srss_r,unidentified,assets/未识别 _ 其他/other_srss_r_srss_r/skins/srss_r
未识别 / 其他,ss_gulite,ss_gulite,ss_gulite,unidentified,assets/未识别 _ 其他/other_ss_gulite_ss_gulite/skins/ss_gulite
未识别 / 其他,ssrnekobox1,ssrnekobox1,ssrnekobox1,unidentified,assets/未识别 _ 其他/other_ssrnekobox1_ssrnekobox1/skins/ssrnekobox1
未识别 / 其他,ssrnekobox2,ssrnekobox2,ssrnekobox2,unidentified,assets/未识别 _ 其他/other_ssrnekobox2_ssrnekobox2/skins/ssrnekobox2
未识别 / 其他,ssrnekobox3,ssrnekobox3,ssrnekobox3,unidentified,assets/未识别 _ 其他/other_ssrnekobox3_ssrnekobox3/skins/ssrnekobox3
未识别 / 其他,ssrnekobox4,ssrnekobox4,ssrnekobox4,unidentified,assets/未识别 _ 其他/other_ssrnekobox4_ssrnekobox4/skins/ssrnekobox4
未识别 / 其他,story_denglonggui,story_denglonggui,story_denglonggui,unidentified,assets/未识别 _ 其他/other_story_denglonggui_story_denglonggui/skins/story_denglonggui
未识别 / 其他,takegift_linbo,takegift_linbo,takegift_linbo,unidentified,assets/未识别 _ 其他/other_takegift_linbo_takegift_linbo/skins/takegift_linbo
未识别 / 其他,tansuozhe,tansuozhe_1,tansuozhe_1,unidentified,assets/未识别 _ 其他/other_tansuozhe_tansuozhe/skins/tansuozhe_1
未识别 / 其他,tansuozhe_boss,tansuozhe_boss,tansuozhe_boss,unidentified,assets/未识别 _ 其他/other_tansuozhe_boss_tansuozhe_boss/skins/tansuozhe_boss
未识别 / 其他,tansuozhe_gaming,tansuozhe_gaming,tansuozhe_gaming,unidentified,assets/未识别 _ 其他/other_tansuozhe_gaming_tansuozhe_gaming/skins/tansuozhe_gaming
未识别 / 其他,tianyingdanchuan,tianyingdanchuan,tianyingdanchuan,unidentified,assets/未识别 _ 其他/other_tianyingdanchuan_tianyingdanchuan/skins/tianyingdanchuan
未识别 / 其他,tolove_boss01,tolove_boss01,tolove_boss01,unidentified,assets/未识别 _ 其他/other_tolove_boss01_tolove_boss01/skins/tolove_boss01
未识别 / 其他,tolove_hangmu,tolove_hangmu,tolove_hangmu,unidentified,assets/未识别 _ 其他/other_tolove_hangmu_tolove_hangmu/skins/tolove_hangmu
未识别 / 其他,tolove_qianting,tolove_qianting,tolove_qianting,unidentified,assets/未识别 _ 其他/other_tolove_qianting_tolove_qianting/skins/tolove_qianting
未识别 / 其他,tolove_qingxun,tolove_qingxun,tolove_qingxun,unidentified,assets/未识别 _ 其他/other_tolove_qingxun_tolove_qingxun/skins/tolove_qingxun
未识别 / 其他,tolove_quzhu,tolove_quzhu,tolove_quzhu,unidentified,assets/未识别 _ 其他/other_tolove_quzhu_tolove_quzhu/skins/tolove_quzhu
未识别 / 其他,tolove_renxing01,tolove_renxing01,tolove_renxing01,unidentified,assets/未识别 _ 其他/other_tolove_renxing01_tolove_renxing01/skins/tolove_renxing01
未识别 / 其他,tolove_renxing02,tolove_renxing02,tolove_renxing02,unidentified,assets/未识别 _ 其他/other_tolove_renxing02_tolove_renxing02/skins/tolove_renxing02
未识别 / 其他,tolove_renxing03,tolove_renxing03,tolove_renxing03,unidentified,assets/未识别 _ 其他/other_tolove_renxing03_tolove_renxing03/skins/tolove_renxing03
未识别 / 其他,tolove_renxing04,tolove_renxing04,tolove_renxing04,unidentified,assets/未识别 _ 其他/other_tolove_renxing04_tolove_renxing04/skins/tolove_renxing04
未识别 / 其他,tolove_renxing05,tolove_renxing05,tolove_renxing05,unidentified,assets/未识别 _ 其他/other_tolove_renxing05_tolove_renxing05/skins/tolove_renxing05
未识别 / 其他,tolove_zhanlie,tolove_zhanlie,tolove_zhanlie,unidentified,assets/未识别 _ 其他/other_tolove_zhanlie_tolove_zhanlie/skins/tolove_zhanlie
未识别 / 其他,tolove_zhongxun,tolove_zhongxun,tolove_zhongxun,unidentified,assets/未识别 _ 其他/other_tolove_zhongxun_tolove_zhongxun/skins/tolove_zhongxun
未识别 / 其他,tolove_zibao,tolove_zibao,tolove_zibao,unidentified,assets/未识别 _ 其他/other_tolove_zibao_tolove_zibao/skins/tolove_zibao
未识别 / 其他,udf_boss01,udf_boss01,udf_boss01,unidentified,assets/未识别 _ 其他/other_udf_boss01_udf_boss01/skins/udf_boss01
未识别 / 其他,udf_hangmu,udf_hangmu,udf_hangmu,unidentified,assets/未识别 _ 其他/other_udf_hangmu_udf_hangmu/skins/udf_hangmu
未识别 / 其他,udf_qingxun,udf_qingxun,udf_qingxun,unidentified,assets/未识别 _ 其他/other_udf_qingxun_udf_qingxun/skins/udf_qingxun
未识别 / 其他,udf_quzhu,udf_quzhu,udf_quzhu,unidentified,assets/未识别 _ 其他/other_udf_quzhu_udf_quzhu/skins/udf_quzhu
未识别 / 其他,udf_weixiu,udf_weixiu,udf_weixiu,unidentified,assets/未识别 _ 其他/other_udf_weixiu_udf_weixiu/skins/udf_weixiu
未识别 / 其他,udf_zhanlie,udf_zhanlie,udf_zhanlie,unidentified,assets/未识别 _ 其他/other_udf_zhanlie_udf_zhanlie/skins/udf_zhanlie
未识别 / 其他,udf_zhihui,udf_zhihui,udf_zhihui,unidentified,assets/未识别 _ 其他/other_udf_zhihui_udf_zhihui/skins/udf_zhihui
未识别 / 其他,udf_zhongxun,udf_zhongxun,udf_zhongxun,unidentified,assets/未识别 _ 其他/other_udf_zhongxun_udf_zhongxun/skins/udf_zhongxun
未识别 / 其他,udfsairen_baolei,udfsairen_baolei,udfsairen_baolei,unidentified,assets/未识别 _ 其他/other_udfsairen_baolei_udfsairen_baolei/skins/udfsairen_baolei
未识别 / 其他,udfsairen_baolei,udfsairen_baolei_1,udfsairen_baolei_1,unidentified,assets/未识别 _ 其他/other_udfsairen_baolei_udfsairen_baolei/skins/udfsairen_baolei_1
未识别 / 其他,udfsairen_baolei,udfsairen_baolei_2,udfsairen_baolei_2,unidentified,assets/未识别 _ 其他/other_udfsairen_baolei_udfsairen_baolei/skins/udfsairen_baolei_2
未识别 / 其他,unknownv_boss01,unknownv_boss01,unknownv_boss01,unidentified,assets/未识别 _ 其他/other_unknownv_boss01_unknownv_boss01/skins/unknownv_boss01
未识别 / 其他,unknownv_boss_chariot,unknownv_boss_chariot,unknownv_boss_chariot,unidentified,assets/未识别 _ 其他/other_unknownv_boss_chariot_unknownv_boss_chariot/skins/unknownv_boss_chariot
未识别 / 其他,unknownv_boss_creep,unknownv_boss_creep,unknownv_boss_creep,unidentified,assets/未识别 _ 其他/other_unknownv_boss_creep_unknownv_boss_creep/skins/unknownv_boss_creep
未识别 / 其他,unknownv_boss_death,unknownv_boss_death,unknownv_boss_death,unidentified,assets/未识别 _ 其他/other_unknownv_boss_death_unknownv_boss_death/skins/unknownv_boss_death
未识别 / 其他,unknownv_boss_death,unknownv_boss_death_1,unknownv_boss_death_1,unidentified,assets/未识别 _ 其他/other_unknownv_boss_death_unknownv_boss_death/skins/unknownv_boss_death_1
未识别 / 其他,unknownv_boss_death_pao,unknownv_boss_death_pao,unknownv_boss_death_pao,unidentified,assets/未识别 _ 其他/other_unknownv_boss_death_pao_unknownv_boss_death_pao/skins/unknownv_boss_death_pao
未识别 / 其他,unknownv_boss_empress,unknownv_boss_empress,unknownv_boss_empress,unidentified,assets/未识别 _ 其他/other_unknownv_boss_empress_unknownv_boss_empress/skins/unknownv_boss_empress
未识别 / 其他,unknownv_boss_hermit,unknownv_boss_hermit,unknownv_boss_hermit,unidentified,assets/未识别 _ 其他/other_unknownv_boss_hermit_unknownv_boss_hermit/skins/unknownv_boss_hermit
未识别 / 其他,unknownv_boss_lovers,unknownv_boss_lovers,unknownv_boss_lovers,unidentified,assets/未识别 _ 其他/other_unknownv_boss_lovers_unknownv_boss_lovers/skins/unknownv_boss_lovers
未识别 / 其他,unknownv_boss_magician,unknownv_boss_magician,unknownv_boss_magician,unidentified,assets/未识别 _ 其他/other_unknownv_boss_magician_unknownv_boss_magician/skins/unknownv_boss_magician
未识别 / 其他,unknownv_boss_magician_feiji,unknownv_boss_magician_feiji,unknownv_boss_magician_feiji,unidentified,assets/未识别 _ 其他/other_unknownv_boss_magician_feiji_unknownv_boss_magician_feiji/skins/unknownv_boss_magician_feiji
未识别 / 其他,unknownv_boss_star,unknownv_boss_star,unknownv_boss_star,unidentified,assets/未识别 _ 其他/other_unknownv_boss_star_unknownv_boss_star/skins/unknownv_boss_star
未识别 / 其他,unknownv_boss_strength,unknownv_boss_strength,unknownv_boss_strength,unidentified,assets/未识别 _ 其他/other_unknownv_boss_strength_unknownv_boss_strength/skins/unknownv_boss_strength
未识别 / 其他,unknownv_boss_temperance,unknownv_boss_temperance,unknownv_boss_temperance,unidentified,assets/未识别 _ 其他/other_unknownv_boss_temperance_unknownv_boss_temperance/skins/unknownv_boss_temperance
未识别 / 其他,unknownv_crystal_hangmu,unknownv_crystal_hangmu,unknownv_crystal_hangmu,unidentified,assets/未识别 _ 其他/other_unknownv_crystal_hangmu_unknownv_crystal_hangmu/skins/unknownv_crystal_hangmu
未识别 / 其他,unknownv_crystal_qianting,unknownv_crystal_qianting,unknownv_crystal_qianting,unidentified,assets/未识别 _ 其他/other_unknownv_crystal_qianting_unknownv_crystal_qianting/skins/unknownv_crystal_qianting
未识别 / 其他,unknownv_crystal_qingxun,unknownv_crystal_qingxun,unknownv_crystal_qingxun,unidentified,assets/未识别 _ 其他/other_unknownv_crystal_qingxun_unknownv_crystal_qingxun/skins/unknownv_crystal_qingxun
未识别 / 其他,unknownv_crystal_quzhu,unknownv_crystal_quzhu,unknownv_crystal_quzhu,unidentified,assets/未识别 _ 其他/other_unknownv_crystal_quzhu_unknownv_crystal_quzhu/skins/unknownv_crystal_quzhu
未识别 / 其他,unknownv_crystal_zhanlie,unknownv_crystal_zhanlie,unknownv_crystal_zhanlie,unidentified,assets/未识别 _ 其他/other_unknownv_crystal_zhanlie_unknownv_crystal_zhanlie/skins/unknownv_crystal_zhanlie
未识别 / 其他,unknownv_crystal_zhongxun,unknownv_crystal_zhongxun,unknownv_crystal_zhongxun,unidentified,assets/未识别 _ 其他/other_unknownv_crystal_zhongxun_unknownv_crystal_zhongxun/skins/unknownv_crystal_zhongxun
未识别 / 其他,unknownv_crystal_zibao,unknownv_crystal_zibao,unknownv_crystal_zibao,unidentified,assets/未识别 _ 其他/other_unknownv_crystal_zibao_unknownv_crystal_zibao/skins/unknownv_crystal_zibao
未识别 / 其他,unknownv_hangmu,unknownv_hangmu,unknownv_hangmu,unidentified,assets/未识别 _ 其他/other_unknownv_hangmu_unknownv_hangmu/skins/unknownv_hangmu
未识别 / 其他,unknownv_mal_boss01,unknownv_mal_boss01,unknownv_mal_boss01,unidentified,assets/未识别 _ 其他/other_unknownv_mal_boss01_unknownv_mal_boss01/skins/unknownv_mal_boss01
未识别 / 其他,unknownv_mal_feiji,unknownv_mal_feiji,unknownv_mal_feiji,unidentified,assets/未识别 _ 其他/other_unknownv_mal_feiji_unknownv_mal_feiji/skins/unknownv_mal_feiji
未识别 / 其他,unknownv_mal_hangmu,unknownv_mal_hangmu,unknownv_mal_hangmu,unidentified,assets/未识别 _ 其他/other_unknownv_mal_hangmu_unknownv_mal_hangmu/skins/unknownv_mal_hangmu
未识别 / 其他,unknownv_mal_qingxun,unknownv_mal_qingxun,unknownv_mal_qingxun,unidentified,assets/未识别 _ 其他/other_unknownv_mal_qingxun_unknownv_mal_qingxun/skins/unknownv_mal_qingxun
未识别 / 其他,unknownv_mal_quzhu,unknownv_mal_quzhu,unknownv_mal_quzhu,unidentified,assets/未识别 _ 其他/other_unknownv_mal_quzhu_unknownv_mal_quzhu/skins/unknownv_mal_quzhu
未识别 / 其他,unknownv_mal_zhanlie,unknownv_mal_zhanlie,unknownv_mal_zhanlie,unidentified,assets/未识别 _ 其他/other_unknownv_mal_zhanlie_unknownv_mal_zhanlie/skins/unknownv_mal_zhanlie
未识别 / 其他,unknownv_mal_zhongxun,unknownv_mal_zhongxun,unknownv_mal_zhongxun,unidentified,assets/未识别 _ 其他/other_unknownv_mal_zhongxun_unknownv_mal_zhongxun/skins/unknownv_mal_zhongxun
未识别 / 其他,unknownv_mal_zibao,unknownv_mal_zibao,unknownv_mal_zibao,unidentified,assets/未识别 _ 其他/other_unknownv_mal_zibao_unknownv_mal_zibao/skins/unknownv_mal_zibao
未识别 / 其他,unknownv_qianting,unknownv_qianting,unknownv_qianting,unidentified,assets/未识别 _ 其他/other_unknownv_qianting_unknownv_qianting/skins/unknownv_qianting
未识别 / 其他,unknownv_qingxun,unknownv_qingxun,unknownv_qingxun,unidentified,assets/未识别 _ 其他/other_unknownv_qingxun_unknownv_qingxun/skins/unknownv_qingxun
未识别 / 其他,unknownv_quzhu,unknownv_quzhu,unknownv_quzhu,unidentified,assets/未识别 _ 其他/other_unknownv_quzhu_unknownv_quzhu/skins/unknownv_quzhu
未识别 / 其他,unknownv_siren_boss01,unknownv_siren_boss01,unknownv_siren_boss01,unidentified,assets/未识别 _ 其他/other_unknownv_siren_boss01_unknownv_siren_boss01/skins/unknownv_siren_boss01
未识别 / 其他,unknownv_siren_hangmu,unknownv_siren_hangmu,unknownv_siren_hangmu,unidentified,assets/未识别 _ 其他/other_unknownv_siren_hangmu_unknownv_siren_hangmu/skins/unknownv_siren_hangmu
未识别 / 其他,unknownv_siren_qianting,unknownv_siren_qianting,unknownv_siren_qianting,unidentified,assets/未识别 _ 其他/other_unknownv_siren_qianting_unknownv_siren_qianting/skins/unknownv_siren_qianting
未识别 / 其他,unknownv_siren_qingxun,unknownv_siren_qingxun,unknownv_siren_qingxun,unidentified,assets/未识别 _ 其他/other_unknownv_siren_qingxun_unknownv_siren_qingxun/skins/unknownv_siren_qingxun
未识别 / 其他,unknownv_siren_quzhu,unknownv_siren_quzhu,unknownv_siren_quzhu,unidentified,assets/未识别 _ 其他/other_unknownv_siren_quzhu_unknownv_siren_quzhu/skins/unknownv_siren_quzhu
未识别 / 其他,unknownv_siren_zhanlie,unknownv_siren_zhanlie,unknownv_siren_zhanlie,unidentified,assets/未识别 _ 其他/other_unknownv_siren_zhanlie_unknownv_siren_zhanlie/skins/unknownv_siren_zhanlie
未识别 / 其他,unknownv_siren_zhongxun,unknownv_siren_zhongxun,unknownv_siren_zhongxun,unidentified,assets/未识别 _ 其他/other_unknownv_siren_zhongxun_unknownv_siren_zhongxun/skins/unknownv_siren_zhongxun
未识别 / 其他,unknownv_siren_zibao,unknownv_siren_zibao,unknownv_siren_zibao,unidentified,assets/未识别 _ 其他/other_unknownv_siren_zibao_unknownv_siren_zibao/skins/unknownv_siren_zibao
未识别 / 其他,unknownv_zhanlie,unknownv_zhanlie,unknownv_zhanlie,unidentified,assets/未识别 _ 其他/other_unknownv_zhanlie_unknownv_zhanlie/skins/unknownv_zhanlie
未识别 / 其他,unknownv_zhongxun,unknownv_zhongxun,unknownv_zhongxun,unidentified,assets/未识别 _ 其他/other_unknownv_zhongxun_unknownv_zhongxun/skins/unknownv_zhongxun
未识别 / 其他,unknownv_zibao,unknownv_zibao,unknownv_zibao,unidentified,assets/未识别 _ 其他/other_unknownv_zibao_unknownv_zibao/skins/unknownv_zibao
未识别 / 其他,weixiudanchuan,weixiudanchuan,weixiudanchuan,unidentified,assets/未识别 _ 其他/other_weixiudanchuan_weixiudanchuan/skins/weixiudanchuan
未识别 / 其他,weixiudanchuan2,weixiudanchuan2,weixiudanchuan2,unidentified,assets/未识别 _ 其他/other_weixiudanchuan2_weixiudanchuan2/skins/weixiudanchuan2
未识别 / 其他,weixu_baojian,weixu_baojian_2,weixu_baojian_2,unidentified,assets/未识别 _ 其他/other_weixu_baojian_weixu_baojian/skins/weixu_baojian_2
未识别 / 其他,weixu_baojian,weixu_baojian_3,weixu_baojian_3,unidentified,assets/未识别 _ 其他/other_weixu_baojian_weixu_baojian/skins/weixu_baojian_3
未识别 / 其他,weixu_baojian,weixu_baojian_4,weixu_baojian_4,unidentified,assets/未识别 _ 其他/other_weixu_baojian_weixu_baojian/skins/weixu_baojian_4
未识别 / 其他,weixu_baojian,weixu_baojian_5,weixu_baojian_5,unidentified,assets/未识别 _ 其他/other_weixu_baojian_weixu_baojian/skins/weixu_baojian_5
未识别 / 其他,weixu_baojian,weixu_baojian_6,weixu_baojian_6,unidentified,assets/未识别 _ 其他/other_weixu_baojian_weixu_baojian/skins/weixu_baojian_6
未识别 / 其他,weixu_baojian,weixu_baojian_7,weixu_baojian_7,unidentified,assets/未识别 _ 其他/other_weixu_baojian_weixu_baojian/skins/weixu_baojian_7
未识别 / 其他,wushilingdanchuan,wushilingdanchuan,wushilingdanchuan,unidentified,assets/未识别 _ 其他/other_wushilingdanchuan_wushilingdanchuan/skins/wushilingdanchuan
未识别 / 其他,wuxing_bb,wuxing_bb,wuxing_bb,unidentified,assets/未识别 _ 其他/other_wuxing_bb_wuxing_bb/skins/wuxing_bb
未识别 / 其他,wuxing_ca,wuxing_ca,wuxing_ca,unidentified,assets/未识别 _ 其他/other_wuxing_ca_wuxing_ca/skins/wuxing_ca
未识别 / 其他,wuxing_cl,wuxing_cl,wuxing_cl,unidentified,assets/未识别 _ 其他/other_wuxing_cl_wuxing_cl/skins/wuxing_cl
未识别 / 其他,wuxing_cv,wuxing_cv,wuxing_cv,unidentified,assets/未识别 _ 其他/other_wuxing_cv_wuxing_cv/skins/wuxing_cv
未识别 / 其他,wuxing_dd,wuxing_dd,wuxing_dd,unidentified,assets/未识别 _ 其他/other_wuxing_dd_wuxing_dd/skins/wuxing_dd
未识别 / 其他,wuxing_ss,wuxing_ss,wuxing_ss,unidentified,assets/未识别 _ 其他/other_wuxing_ss_wuxing_ss/skins/wuxing_ss
未识别 / 其他,wuxing_x,wuxing_x,wuxing_x,unidentified,assets/未识别 _ 其他/other_wuxing_x_wuxing_x/skins/wuxing_x
未识别 / 其他,wuxing_zibao,wuxing_zibao,wuxing_zibao,unidentified,assets/未识别 _ 其他/other_wuxing_zibao_wuxing_zibao/skins/wuxing_zibao
未识别 / 其他,xianjie_shengmingqiu,xianjie_shengmingqiu,xianjie_shengmingqiu,unidentified,assets/未识别 _ 其他/other_xianjie_shengmingqiu_xianjie_shengmingqiu/skins/xianjie_shengmingqiu
未识别 / 其他,xianjie_shuiping,xianjie_shuiping,xianjie_shuiping,unidentified,assets/未识别 _ 其他/other_xianjie_shuiping_xianjie_shuiping/skins/xianjie_shuiping
未识别 / 其他,xinnongpaoche,xinnongpaoche,xinnongpaoche,unidentified,assets/未识别 _ 其他/other_xinnongpaoche_xinnongpaoche/skins/xinnongpaoche
未识别 / 其他,xipeierdanchuan,xipeierdanchuan,xipeierdanchuan,unidentified,assets/未识别 _ 其他/other_xipeierdanchuan_xipeierdanchuan/skins/xipeierdanchuan
未识别 / 其他,xiyundanchuan,xiyundanchuan,xiyundanchuan,unidentified,assets/未识别 _ 其他/other_xiyundanchuan_xiyundanchuan/skins/xiyundanchuan
未识别 / 其他,yangyandanchuan,yangyandanchuan,yangyandanchuan,unidentified,assets/未识别 _ 其他/other_yangyandanchuan_yangyandanchuan/skins/yangyandanchuan
未识别 / 其他,yangyandanchuan_kizuna,yangyandanchuan_kizuna,yangyandanchuan_kizuna,unidentified,assets/未识别 _ 其他/other_yangyandanchuan_kizuna_yangyandanchuan_kizuna/skins/yangyandanchuan_kizuna
未识别 / 其他,yatelandadanchuan,yatelandadanchuan,yatelandadanchuan,unidentified,assets/未识别 _ 其他/other_yatelandadanchuan_yatelandadanchuan/skins/yatelandadanchuan
未识别 / 其他,yilishabaidanchuan,yilishabaidanchuan,yilishabaidanchuan,unidentified,assets/未识别 _ 其他/other_yilishabaidanchuan_yilishabaidanchuan/skins/yilishabaidanchuan
未识别 / 其他,yinxingmoshubub,yinxingmoshubub,yinxingmoshubub,unidentified,assets/未识别 _ 其他/other_yinxingmoshubub_yinxingmoshubub/skins/yinxingmoshubub
未识别 / 其他,yishidanchuan,yishidanchuan,yishidanchuan,unidentified,assets/未识别 _ 其他/other_yishidanchuan_yishidanchuan/skins/yishidanchuan
未识别 / 其他,yishigaidanchuan,yishigaidanchuan,yishigaidanchuan,unidentified,assets/未识别 _ 其他/other_yishigaidanchuan_yishigaidanchuan/skins/yishigaidanchuan
未识别 / 其他,youeryuan_boss01,youeryuan_boss01,youeryuan_boss01,unidentified,assets/未识别 _ 其他/other_youeryuan_boss01_youeryuan_boss01/skins/youeryuan_boss01
未识别 / 其他,youeryuan_boss02,youeryuan_boss02,youeryuan_boss02,unidentified,assets/未识别 _ 其他/other_youeryuan_boss02_youeryuan_boss02/skins/youeryuan_boss02
未识别 / 其他,youeryuan_boss03,youeryuan_boss03,youeryuan_boss03,unidentified,assets/未识别 _ 其他/other_youeryuan_boss03_youeryuan_boss03/skins/youeryuan_boss03
未识别 / 其他,youeryuan_boss04,youeryuan_boss04,youeryuan_boss04,unidentified,assets/未识别 _ 其他/other_youeryuan_boss04_youeryuan_boss04/skins/youeryuan_boss04
未识别 / 其他,youeryuan_boss05,youeryuan_boss05,youeryuan_boss05,unidentified,assets/未识别 _ 其他/other_youeryuan_boss05_youeryuan_boss05/skins/youeryuan_boss05
未识别 / 其他,youeryuan_hangmu,youeryuan_hangmu,youeryuan_hangmu,unidentified,assets/未识别 _ 其他/other_youeryuan_hangmu_youeryuan_hangmu/skins/youeryuan_hangmu
未识别 / 其他,youeryuan_qingxun,youeryuan_qingxun,youeryuan_qingxun,unidentified,assets/未识别 _ 其他/other_youeryuan_qingxun_youeryuan_qingxun/skins/youeryuan_qingxun
未识别 / 其他,youeryuan_quzhu,youeryuan_quzhu,youeryuan_quzhu,unidentified,assets/未识别 _ 其他/other_youeryuan_quzhu_youeryuan_quzhu/skins/youeryuan_quzhu
未识别 / 其他,youeryuan_zhanlie,youeryuan_zhanlie,youeryuan_zhanlie,unidentified,assets/未识别 _ 其他/other_youeryuan_zhanlie_youeryuan_zhanlie/skins/youeryuan_zhanlie
未识别 / 其他,youeryuan_zhongxun,youeryuan_zhongxun,youeryuan_zhongxun,unidentified,assets/未识别 _ 其他/other_youeryuan_zhongxun_youeryuan_zhongxun/skins/youeryuan_zhongxun
未识别 / 其他,youeryuan_zibao,youeryuan_zibao,youeryuan_zibao,unidentified,assets/未识别 _ 其他/other_youeryuan_zibao_youeryuan_zibao/skins/youeryuan_zibao
未识别 / 其他,youlin_ylsb,youlin_ylsb,youlin_ylsb,unidentified,assets/未识别 _ 其他/other_youlin_ylsb_youlin_ylsb/skins/youlin_ylsb
未识别 / 其他,yuekechengdanchuan,yuekechengdanchuan,yuekechengdanchuan,unidentified,assets/未识别 _ 其他/other_yuekechengdanchuan_yuekechengdanchuan/skins/yuekechengdanchuan
未识别 / 其他,yulei_jupaobrs,yulei_jupaobrs,yulei_jupaobrs,unidentified,assets/未识别 _ 其他/other_yulei_jupaobrs_yulei_jupaobrs/skins/yulei_jupaobrs
未识别 / 其他,yulei_suolianbrs,yulei_suolianbrs,yulei_suolianbrs,unidentified,assets/未识别 _ 其他/other_yulei_suolianbrs_yulei_suolianbrs/skins/yulei_suolianbrs
未识别 / 其他,yuleiting,yuleiting,yuleiting,unidentified,assets/未识别 _ 其他/other_yuleiting_yuleiting/skins/yuleiting
未识别 / 其他,yunshu_holo,yunshu_holo,yunshu_holo,unidentified,assets/未识别 _ 其他/other_yunshu_holo_yunshu_holo/skins/yunshu_holo
未识别 / 其他,yunshu_tianpin,yunshu_tianpin,yunshu_tianpin,unidentified,assets/未识别 _ 其他/other_yunshu_tianpin_yunshu_tianpin/skins/yunshu_tianpin
未识别 / 其他,yunshuchuan,yunshuchuan,yunshuchuan,unidentified,assets/未识别 _ 其他/other_yunshuchuan_yunshuchuan/skins/yunshuchuan
未识别 / 其他,yurenjie_tb,yurenjie_tb,yurenjie_tb,unidentified,assets/未识别 _ 其他/other_yurenjie_tb_yurenjie_tb/skins/yurenjie_tb
未识别 / 其他,zhaladanchuan,zhaladanchuan,zhaladanchuan,unidentified,assets/未识别 _ 其他/other_zhaladanchuan_zhaladanchuan/skins/zhaladanchuan
未识别 / 其他,zhanlie_gulite,zhanlie_gulite,zhanlie_gulite,unidentified,assets/未识别 _ 其他/other_zhanlie_gulite_zhanlie_gulite/skins/zhanlie_gulite
未识别 / 其他,zhongxun_gulite,zhongxun_gulite,zhongxun_gulite,unidentified,assets/未识别 _ 其他/other_zhongxun_gulite_zhongxun_gulite/skins/zhongxun_gulite
未识别 / 其他,zhusanuodanchuan,zhusanuodanchuan,zhusanuodanchuan,unidentified,assets/未识别 _ 其他/other_zhusanuodanchuan_zhusanuodanchuan/skins/zhusanuodanchuan
未识别 / 其他,zibao0,zibao0,zibao0,unidentified,assets/未识别 _ 其他/other_zibao0_zibao0/skins/zibao0
未识别 / 其他,zibao4,zibao4,zibao4,unidentified,assets/未识别 _ 其他/other_zibao4_zibao4/skins/zibao4
未识别 / 其他,zibao5,zibao5,zibao5,unidentified,assets/未识别 _ 其他/other_zibao5_zibao5/skins/zibao5
未识别 / 其他,zibao6,zibao6,zibao6,unidentified,assets/未识别 _ 其他/other_zibao6_zibao6/skins/zibao6
未识别 / 其他,zibao_doa,zibao_doa,zibao_doa,unidentified,assets/未识别 _ 其他/other_zibao_doa_zibao_doa/skins/zibao_doa
未识别 / 其他,zibao_gulite,zibao_gulite,zibao_gulite,unidentified,assets/未识别 _ 其他/other_zibao_gulite_zibao_gulite/skins/zibao_gulite
未识别 / 其他,zibao_holo,zibao_holo,zibao_holo,unidentified,assets/未识别 _ 其他/other_zibao_holo_zibao_holo/skins/zibao_holo
未识别 / 其他,zibao_idom,zibao_idom,zibao_idom,unidentified,assets/未识别 _ 其他/other_zibao_idom_zibao_idom/skins/zibao_idom
未识别 / 其他,zibao_jiaohuang,zibao_jiaohuang,zibao_jiaohuang,unidentified,assets/未识别 _ 其他/other_zibao_jiaohuang_zibao_jiaohuang/skins/zibao_jiaohuang
未识别 / 其他,zibao_jiaotang,zibao_jiaotang,zibao_jiaotang,unidentified,assets/未识别 _ 其他/other_zibao_jiaotang_zibao_jiaotang/skins/zibao_jiaotang
未识别 / 其他,zibao_kizuna,zibao_kizuna,zibao_kizuna,unidentified,assets/未识别 _ 其他/other_zibao_kizuna_zibao_kizuna/skins/zibao_kizuna
未识别 / 其他,zibao_maozi,zibao_maozi,zibao_maozi,unidentified,assets/未识别 _ 其他/other_zibao_maozi_zibao_maozi/skins/zibao_maozi
未识别 / 其他,zibao_r,zibao_r,zibao_r,unidentified,assets/未识别 _ 其他/other_zibao_r_zibao_r/skins/zibao_r
未识别 / 其他,zibao_yongzhe,zibao_yongzhe,zibao_yongzhe,unidentified,assets/未识别 _ 其他/other_zibao_yongzhe_zibao_yongzhe/skins/zibao_yongzhe
未识别 / 其他,zibao_zuantou,zibao_zuantou,zibao_zuantou,unidentified,assets/未识别 _ 其他/other_zibao_zuantou_zibao_zuantou/skins/zibao_zuantou
未识别 / 其他,zibaochuan,zibaochuan,zibaochuan,unidentified,assets/未识别 _ 其他/other_zibaochuan_zibaochuan/skins/zibaochuan
未识别 / 其他,zibaodanchuan3,zibaodanchuan3,zibaodanchuan3,unidentified,assets/未识别 _ 其他/other_zibaodanchuan3_zibaodanchuan3/skins/zibaodanchuan3
未识别 / 其他,zidan_kuloubrs,zidan_kuloubrs,zidan_kuloubrs,unidentified,assets/未识别 _ 其他/other_zidan_kuloubrs_zidan_kuloubrs/skins/zidan_kuloubrs
未识别 / 其他,zidan_zhanjibrs,zidan_zhanjibrs,zidan_zhanjibrs,unidentified,assets/未识别 _ 其他/other_zidan_zhanjibrs_zidan_zhanjibrs/skins/zidan_zhanjibrs
未识别 / 其他,ztingdanchuan,ztingdanchuan,ztingdanchuan,unidentified,assets/未识别 _ 其他/other_ztingdanchuan_ztingdanchuan/skins/ztingdanchuan
未识别 / 其他,zuishangdanchuan2,zuishangdanchuan2,zuishangdanchuan2,unidentified,assets/未识别 _ 其他/other_zuishangdanchuan2_zuishangdanchuan2/skins/zuishangdanchuan2
